;Apr08_TPC_1-0-0_LMW_salt;Apr08_TPC_1-0-0_LMW_salt (baseline corrected);
Wavelength [nm];Absorbance;absorbance;
650,420;0,1050602;0,02488668;
652,284;0,1056047;0,02612969;
654,148;0,1056483;0,02686188;
656,011;0,1047151;0,02660766;
657,875;0,1027055;0,02526729;
659,739;0,1008071;0,02402884;
661,602;0,09941509;0,02328748;
663,466;0,09927446;0,02378841;
665,330;0,09978393;0,02493047;
667,193;0,1021375;0,02790784;
669,057;0,1025945;0,02898005;
670,921;0,09805221;0,02504436;
672,784;0,09251943;0,02010986;
674,648;0,08618977;0,01437025;
676,512;0,08140919;0,01017162;
678,375;0,07790885;0,00724527;
680,239;0,07518263;0,005085214;
682,103;0,07295579;0,003416837;
683,966;0,07170257;0,002714499;
685,830;0,07078948;0,002344834;
687,694;0,06978231;0,001873755;
689,557;0,06870293;0,001323257;
691,421;0,06787095;0,001013055;
693,285;0,06720429;0,0008611918;
695,149;0,06697424;0,001139067;
697,012;0,06648817;0,001154157;
698,876;0,06584494;0,001005426;
700,740;0,0654585;0,001106942;
702,603;0,06540775;0,001537705;
704,467;0,06505023;0,001655349;
706,331;0,06458674;0,001660775;
708,194;0,06421102;0,001747829;
710,058;0,06404778;0,002041314;
711,922;0,06411301;0,00255732;
713,785;0,06507209;0,003961304;
715,649;0,06517455;0,004502903;
717,513;0,0635482;0,003310016;
719,376;0,06237494;0,002564622;
721,240;0,06219858;0,002810614;
723,104;0,06207641;0,00310538;
724,967;0,06180559;0,003246156;
726,831;0,06142678;0,003273688;
728,695;0,06140767;0,003655745;
730,558;0,06129217;0,00393631;
732,422;0,06096033;0,003995525;
734,286;0,06041125;0,003832542;
736,149;0,06024841;0,00405094;
738,013;0,06015619;0,004335164;
739,877;0,0599562;0,004506893;
741,740;0,05965603;0,004573786;
743,604;0,05919277;0,004473001;
745,468;0,05878799;0,004426198;
747,331;0,05857896;0,004570682;
749,195;0,05830486;0,004645725;
751,059;0,05821202;0,004897707;
752,922;0,05797351;0,004999773;
754,786;0,05771248;0,005075125;
756,650;0,05747105;0,005165951;
758,513;0,05723653;0,005259628;
760,377;0,05694587;0,005293143;
762,241;0,05684899;0,005516503;
764,104;0,0568805;0,00586435;
765,968;0,05675929;0,006055652;
767,832;0,05645952;0,006064609;
769,695;0,05635722;0,006267315;
771,559;0,05627831;0,006489749;
773,423;0,05642266;0,006931817;
775,286;0,05632381;0,007127111;
777,150;0,05616255;0,007256496;
779,014;0,05606684;0,007447963;
780,877;0,05606595;0,007730826;
782,741;0,05608108;0,008026347;
784,605;0,05605397;0,008276318;
786,468;0,05605543;0,008551583;
788,332;0,05613807;0,008904795;
790,196;0,05603554;0,009069667;
792,059;0,05625376;0,009552154;
793,923;0,05675452;0,01031409;
795,787;0,05726439;0,01108209;
797,650;0,05765687;0,01172969;
799,514;0,05820282;0,01252779;
801,378;0,05904809;0,0136223;
803,241;0,06020392;0,01502448;
805,105;0,06184938;0,01691346;
806,969;0,06485132;0,02015611;
808,832;0,07073452;0,02627726;
810,696;0,07647986;0,03225783;
812,560;0,07902131;0,03503181;
814,423;0,08577755;0,04201793;
816,287;0,1022408;0,05870842;
818,151;0,1345642;0,09125649;
820,014;0,1985831;0,1554976;
821,878;0,3082936;0,2654277;
823,742;0,3899034;0,3472547;
825,605;0,3133764;0,2709424;
827,469;0,1810767;0,138855;
829,333;0,1033622;0,06135038;
831,196;0,07403489;0,03223069;
833,060;0,0636489;0,02204997;
834,924;0,05820587;0,01680991;
836,787;0,05481811;0,01362288;
838,651;0,05275302;0,01175631;
840,515;0,05154255;0,01074215;
842,378;0,05045987;0,009853624;
844,242;0,04956254;0,009148312;
846,106;0,04896049;0,008736164;
847,969;0,04855472;0,008518224;
849,833;0,04816921;0,008318487;
851,697;0,0480817;0,008414724;
853,560;0,04812729;0,008642062;
855,424;0,0480299;0,008724449;
857,288;0,04771661;0,008588991;
859,151;0,04778791;0,008836193;
861,015;0,04787819;0,009100481;
862,879;0,04788935;0,009283776;
864,742;0,04786423;0,00942894;
866,606;0,04793281;0,009665977;
868,470;0,04802868;0,009928508;
870,333;0,04808712;0,01015183;
872,197;0,04807474;0,01030257;
874,061;0,04805734;0,01044657;
875,924;0,04785976;0,01040866;
877,788;0,04776276;0,01046965;
879,652;0,04775396;0,01061718;
881,515;0,04776669;0,01078458;
883,379;0,04778319;0,01095413;
885,243;0,0479021;0,01122448;
887,106;0,04788676;0,011359;
888,970;0,0480591;0,01167963;
890,834;0,04837489;0,01214216;
892,697;0,04863128;0,01254377;
894,561;0,04861485;0,01267105;
896,425;0,04863494;0,01283336;
898,288;0,04870397;0,01304314;
900,152;0,04890507;0,01338353;
902,016;0,04944127;0,0140576;
903,879;0,0499144;0,01466717;
905,743;0,0500089;0,01489672;
907,607;0,05020786;0,01522934;
909,470;0,05049078;0,01564456;
911,334;0,05074185;0,01602657;
913,198;0,05092746;0,01634181;
915,061;0,05095191;0,01649455;
916,925;0,05106513;0,01673478;
918,789;0,05149869;0,01729405;
920,652;0,05189797;0,01781779;
922,516;0,05233543;0,01837844;
924,380;0,05264141;0,01880638;
926,243;0,05291061;0,01919631;
928,107;0,05324761;0,01965284;
929,971;0,05381684;0,0203404;
931,834;0,05443737;0,02107808;
933,698;0,05488374;0,02164044;
935,562;0,0552585;0,02213003;
937,425;0,05571595;0,02270118;
939,289;0,05625096;0,02334876;
941,153;0,05686497;0,02407423;
943,016;0,05738838;0,024708;
944,880;0,05787241;0,02530131;
946,744;0,05831557;0,02585267;
948,607;0,05884999;0,02649424;
950,471;0,0594131;0,02716345;
952,335;0,0599918;0,02784721;
954,198;0,06051122;0,02847067;
956,062;0,06089435;0,02895683;
957,926;0,06139543;0,02955993;
959,789;0,06211233;0,03037788;
961,653;0,06292998;0,03129559;
963,517;0,06385808;0,0323228;
965,380;0,06463944;0,0332023;
967,244;0,06544136;0,03410142;
969,108;0,06627352;0,03502985;
970,972;0,06725167;0,03610336;
972,835;0,06819956;0,03714569;
974,699;0,06895934;0,03799901;
976,563;0,06979078;0,0389231;
978,426;0,070992;0,04021608;
980,290;0,07218863;0,04150362;
982,154;0,07341463;0,04281965;
984,017;0,07461466;0,04410887;
985,881;0,07587811;0,04546068;
987,745;0,0770959;0,04676598;
989,608;0,07828436;0,04804114;
991,472;0,07932417;0,04916683;
993,336;0,08035836;0,0502861;
995,199;0,08142359;0,05143562;
997,063;0,08248516;0,05258069;
998,927;0,0834079;0,05358616;
1000,790;0,08426188;0,05452209;
1002,654;0,08502605;0,05536745;
1004,518;0,08574851;0,05617036;
1006,381;0,08622609;0,05672764;
1008,245;0,08662456;0,05720508;
1010,109;0,08697719;0,05763595;
1011,972;0,08729822;0,0580345;
1013,836;0,08757948;0,05839257;
1015,700;0,08805668;0,05894588;
1017,563;0,08860263;0,05956725;
1019,427;0,08930735;0,06034669;
1021,291;0,09027501;0,0613884;
1023,154;0,09156432;0,06275108;
1025,018;0,09283851;0,06409798;
1026,882;0,09412341;0,06545493;
1028,745;0,09548014;0,06688306;
1030,609;0,09699867;0,06847235;
1032,473;0,09863022;0,07017402;
1034,336;0,1003831;0,07199641;
1036,200;0,1023131;0,07399527;
1038,064;0,1046071;0,0763575;
1039,927;0,1070093;0,0788273;
1041,791;0,1096062;0,08149127;
1043,655;0,1124941;0,08444565;
1045,518;0,1160926;0,08810998;
1047,382;0,120909;0,09299162;
1049,246;0,1262042;0,09835153;
1051,109;0,1275243;0,09973578;
1052,973;0,1272338;0,09950878;
1054,837;0,1294614;0,1017994;
1056,700;0,1333024;0,1057028;
1058,564;0,1372562;0,1097185;
1060,428;0,1414502;0,1139739;
1062,291;0,1460915;0,118676;
1064,155;0,1510647;0,1237094;
1066,019;0,156311;0,1290155;
1067,882;0,1619252;0,1346889;
1069,746;0,1673925;0,140215;
1071,610;0,1729322;0,1458128;
1073,473;0,1787672;0,1517056;
1075,337;0,185091;0,1580866;
1077,201;0,1913404;0,1643926;
1079,064;0,1978019;0,1709104;
1080,928;0,2042211;0,1773854;
1082,792;0,2101676;0,1833871;
1084,655;0,2147972;0,1880714;
1086,519;0,2179843;0,1913128;
1088,383;0,2200705;0,1934529;
1090,246;0,2217255;0,1951614;
1092,110;0,2231118;0,1966006;
1093,974;0,2247635;0,1983048;
1095,837;0,2262425;0,1998358;
1097,701;0,2277447;0,2013896;
1099,565;0,2288343;0,2025304;
1101,428;0,229449;0,2031958;
1103,292;0,2298145;0,2036116;
1105,156;0,2304319;0,2042789;
1107,019;0,2311143;0,2050108;
1108,883;0,2318605;0,2058061;
1110,747;0,2322474;0,2062416;
1112,610;0,2327732;0,2068156;
1114,474;0,2333568;0,2074471;
1116,338;0,2341616;0,2082993;
1118,201;0,2350126;0,2091973;
1120,065;0,2359017;0,2101331;
1121,929;0,2366366;0,2109142;
1123,792;0,2373099;0,2116334;
1125,656;0,2375539;0,211923;
1127,520;0,2375184;0,2119326;
1129,383;0,2368516;0,2113106;
1131,247;0,2360676;0,2105709;
1133,111;0,2350753;0,2096227;
1134,974;0,2342893;0,2088803;
1136,838;0,2336898;0,2083241;
1138,702;0,2334553;0,2081326;
1140,565;0,2333064;0,2080263;
1142,429;0,2335123;0,2082745;
1144,293;0,2338968;0,2087008;
1146,156;0,2346548;0,2095003;
1148,020;0,2354313;0,2103181;
1149,884;0,2357939;0,2107216;
1151,747;0,2350993;0,2100676;
1153,611;0,2331502;0,2081587;
1155,475;0,2301482;0,2051967;
1157,338;0,2268108;0,2018989;
1159,202;0,2231509;0,1982782;
1161,066;0,2197042;0,1948705;
1162,929;0,2163495;0,1915545;
1164,793;0,2133581;0,1886014;
1166,657;0,2103091;0,1855904;
1168,520;0,2073687;0,1826878;
1170,384;0,2046003;0,1799569;
1172,248;0,2024221;0,1778158;
1174,111;0,200344;0,1757746;
1175,975;0,1982256;0,1736927;
1177,839;0,1962853;0,1717887;
1179,702;0,1948707;0,17041;
1181,566;0,1934725;0,1690476;
1183,430;0,1921622;0,1677727;
1185,293;0,1909497;0,1665953;
1187,157;0,1898165;0,165497;
1189,021;0,1884579;0,164173;
1190,884;0,1872708;0,1630203;
1192,748;0,1861358;0,1619193;
1194,612;0,1847732;0,1605905;
1196,475;0,1832599;0,1591108;
1198,339;0,1818759;0,15776;
1200,203;0,1800969;0,156014;
1202,066;0,1780743;0,1540242;
1203,930;0,175735;0,1517174;
1205,794;0,1729834;0,148998;
1207,657;0,1695256;0,1455722;
1209,521;0,1658448;0,1419232;
1211,385;0,1621429;0,1382528;
1213,248;0,1587367;0,1348779;
1215,112;0,1556764;0,1318486;
1216,976;0,1533794;0,1295824;
1218,839;0,1515608;0,1277944;
1220,703;0,1501478;0,1264117;
1222,567;0,1490359;0,1253299;
1224,430;0,1482037;0,1245276;
1226,294;0,1474844;0,123838;
1228,158;0,1470734;0,1234564;
1230,021;0,146875;0,1232871;
1231,885;0,1471098;0,123551;
1233,749;0,1476625;0,1241324;
1235,612;0,148534;0,1250325;
1237,476;0,1495553;0,126082;
1239,340;0,1510232;0,1275781;
1241,203;0,1528086;0,1293914;
1243,067;0,1549442;0,1315547;
1244,931;0,1571567;0,1337946;
1246,795;0,1595256;0,1361909;
1248,658;0,1620917;0,138784;
1250,522;0,1650538;0,141773;
1252,386;0,1681201;0,144866;
1254,249;0,1715227;0,1482951;
1256,113;0,1751173;0,151916;
1257,977;0,1789841;0,1558089;
1259,840;0,1830612;0,1599118;
1261,704;0,1873545;0,1642309;
1263,568;0,1916752;0,168577;
1265,431;0,1963221;0,1732493;
1267,295;0,201089;0,1780413;
1269,159;0,2061997;0,183177;
1271,022;0,2116292;0,1886313;
1272,886;0,2170942;0,1941208;
1274,750;0,2223546;0,1994057;
1276,613;0,228146;0,2052213;
1278,477;0,2340974;0,2111968;
1280,341;0,2402831;0,2174064;
1282,204;0,2463914;0,2235384;
1284,068;0,2528249;0,2299955;
1285,932;0,2596332;0,2368271;
1287,795;0,2669128;0,24413;
1289,659;0,2739707;0,2512108;
1291,523;0,2812132;0,2584763;
1293,386;0,2886508;0,2659366;
1295,250;0,2964915;0,2737998;
1297,114;0,3042393;0,28157;
1298,977;0,3121584;0,2895113;
1300,841;0,320079;0,297454;
1302,705;0,3285574;0,3059542;
1304,568;0,3372091;0,3146277;
1306,432;0,3463404;0,3237806;
1308,296;0,3554564;0,3329181;
1310,159;0,3646485;0,3421315;
1312,023;0,3743218;0,3518259;
1313,887;0,3849084;0,3624335;
1315,750;0,3949382;0,3724842;
1317,614;0,4057918;0,3833585;
1319,478;0,4173659;0,3949531;
1321,341;0,4288255;0,4064331;
1323,205;0,4398353;0,4174632;
1325,069;0,4520141;0,4296621;
1326,932;0,4644431;0,4421111;
1328,796;0,4765773;0,4542651;
1330,660;0,4879735;0,465681;
1332,523;0,5001845;0,4779115;
1334,387;0,5111479;0,4888943;
1336,251;0,5219611;0,4997269;
1338,114;0,534593;0,512378;
1339,978;0,5504712;0,5282751;
1341,842;0,5636719;0,5414947;
1343,705;0,5751086;0,5529502;
1345,569;0,5870488;0,564909;
1347,433;0,5998132;0,5776919;
1349,296;0,612355;0,5902521;
1351,160;0,6253177;0,603233;
1353,024;0,6368431;0,6147765;
1354,887;0,649229;0,6271805;
1356,751;0,6614492;0,6394186;
1358,615;0,6736241;0,6516112;
1360,478;0,6846231;0,6626278;
1362,342;0,6983425;0,6763648;
1364,206;0,7105738;0,6886135;
1366,069;0,717849;0,6959059;
1367,933;0,7213676;0,6994417;
1369,797;0,7226461;0,7007372;
1371,660;0,713439;0,691547;
1373,524;0,6875241;0,665649;
1375,388;0,6418239;0,6199654;
1377,251;0,5900718;0,56823;
1379,115;0,5387532;0,5169278;
1380,979;0,4936869;0,4718779;
1382,842;0,4554875;0,4336947;
1384,706;0,4230505;0,4012739;
1386,570;0,3924893;0,3707287;
1388,433;0,3646808;0,3429361;
1390,297;0,3438768;0,322148;
1392,161;0,3268572;0,305144;
1394,024;0,3108324;0,2891349;
1395,888;0,2972063;0,2755242;
1397,752;0,2866907;0,2650241;
1399,615;0,2768804;0,255229;
1401,479;0,2675438;0,2459076;
1403,343;0,2596089;0,2379878;
1405,206;0,2506742;0,2290682;
1407,070;0,242637;0,2210458;
1408,934;0,2347281;0,2131518;
1410,797;0,2266062;0,2050446;
1412,661;0,2184233;0,1968762;
1414,525;0,2110234;0,1894909;
1416,388;0,2034895;0,1819714;
1418,252;0,1948722;0,1733684;
1420,116;0,1844902;0,1630007;
1421,979;0,1765306;0,1550552;
1423,843;0,16823;0,1467686;
1425,707;0,1591771;0,1377296;
1427,570;0,1530646;0,131631;
1429,434;0,1536409;0,1322211;
1431,298;0,1584427;0,1370366;
1433,161;0,1545977;0,1332052;
1435,025;0,1416166;0,1202375;
1436,889;0,1253212;0,1039556;
1438,752;0,1131984;0,09184611;
1440,616;0,1048818;0,08354276;
1442,480;0,09534294;0,07401702;
1444,343;0,08583802;0,06452518;
1446,207;0,07642086;0,055121;
1448,071;0,06631381;0,04502686;
1449,934;0,05688449;0,03561036;
1451,798;0,05036543;0,02910404;
1453,662;0,04579159;0,02454285;
1455,525;0,04380742;0,02257126;
1457,389;0,04108783;0,01986417;
1459,253;0,03875098;0,01753973;
1461,116;0,0379793;0,01678039;
1462,980;0,03766548;0,01647883;
1464,844;0,03700548;0,01583101;
1466,707;0,035736;0,01457363;
1468,571;0,03547128;0,01432094;
1470,435;0,03563631;0,01449793;
1472,298;0,03559738;0,01447087;
1474,162;0,03430269;0,01318799;
1476,026;0,03409737;0,01299439;
1477,889;0,03318218;0,01209085;
1479,753;0,03251794;0,01143819;
1481,617;0,03202244;0,0109542;
1483,480;0,03141496;0,01035815;
1485,344;0,03152674;0,01048129;
1487,208;0,03170016;0,010666;
1489,071;0,03155805;0,01053512;
1490,935;0,03047573;0,009463955;
1492,799;0,02951415;0,008513451;
1494,662;0,02987551;0,00888583;
1496,526;0,02972585;0,00874711;
1498,390;0,02873041;0,007762549;
1500,253;0,02784097;0,006883916;
1502,117;0,02717672;0,006230406;
1503,981;0,02714496;0,006209324;
1505,844;0,02788829;0,006963267;
1507,708;0,02684011;0,00592563;
1509,572;0,02547796;0,004573955;
1511,435;0,02456999;0,0036764;
1513,299;0,02332372;0,002440486;
1515,163;0,0229601;0,002087156;
1517,026;0,02238947;0,001526752;
1518,890;0,02133191;0,0004793496;
1520,754;0,02176574;0,0009232803;
1522,618;0,02017499;-0,000657429;
1524,481;0,01983279;-0,0009896586;
1526,345;0,01934477;-0,00146776;
1528,209;0,01817937;-0,002623307;
1530,072;0,01761812;-0,003174758;
1531,936;0,01763266;-0,003150484;
1533,800;0,01705963;-0,003713834;
1535,663;0,01604135;-0,004722499;
1537,527;0,01713548;-0,003618809;
1539,391;0,01743154;-0,003313249;
1541,254;0,0163188;-0,004416541;
1543,118;0,01617334;-0,004552606;
1544,982;0,01606713;-0,004649492;
1546,845;0,01512089;-0,005586453;
1548,709;0,01538625;-0,00531187;
1550,573;0,01493223;-0,005756726;
1552,436;0,01465093;-0,006028922;
1554,300;0,01504677;-0,005624024;
1556,164;0,01521784;-0,005443955;
1558,027;0,01696212;-0,003690723;
1559,891;0,01515382;-0,005490128;
1561,755;0,01422298;-0,006412135;
1563,618;0,01498486;-0,00564146;
1565,482;0,01476185;-0,005855739;
1567,346;0,01466476;-0,005944144;
1569,209;0,01502909;-0,00557118;
1571,073;0,0142025;-0,006389188;
1572,937;0,01465831;-0,005924847;
1574,800;0,0154878;-0,005086875;
1576,664;0,01519701;-0,005369232;
1578,528;0,0147676;-0,005790268;
1580,391;0,01532784;-0,005221693;
1582,255;0,01527657;-0,005264685;
1584,119;0,01536928;-0,005163737;
1585,982;0,01544627;-0,005078557;
1587,846;0,0157347;-0,004781993;
1589,710;0,01599237;-0,004516238;
1591,573;0,01626359;-0,004236968;
1593,437;0,01668505;-0,003807514;
1595,301;0,01715437;-0,00333025;
1597,164;0,01745768;-0,003019031;
1599,028;0,01799708;-0,002471776;
1600,892;0,01861289;-0,00184815;
1602,755;0,01904551;-0,001407767;
1604,619;0,01941594;-0,001029617;
1606,483;0,02025414;-0,000183739;
1608,346;0,02133814;0,0009078879;
1610,210;0,02195744;0,001534774;
1612,074;0,02256287;0,00214775;
1613,937;0,02354501;0,003137389;
1615,801;0,02512646;0,0047263;
1617,665;0,02536342;0,004970678;
1619,528;0,02595019;0,005564821;
1621,392;0,02724446;0,006866412;
1623,256;0,02809399;0,007723235;
1625,119;0,02827096;0,007907453;
1626,983;0,02962119;0,00926488;
1628,847;0,03048584;0,0101367;
1630,710;0,03181966;0,01147764;
1632,574;0,03420854;0,0138736;
1634,438;0,03821923;0,01789133;
1636,301;0,04138508;0,02106418;
1638,165;0,04112378;0,02080985;
1640,029;0,03992397;0,01961696;
1641,892;0,03741055;0,01711042;
1643,756;0,03492018;0,01462689;
1645,620;0,03286815;0,01258167;
1647,483;0,02940404;0,009124332;
1649,347;0,02703998;0,006766997;
1651,211;0,02713876;0,006872464;
1653,074;0,02560109;0,005341453;
1654,938;0,02277581;0,002522783;
1656,802;0,02316384;0,002917391;
1658,665;0,02298062;0,002740716;
1660,529;0,02258474;0,002351346;
1662,393;0,02211677;0,001889838;
1664,256;0,02104122;0,0008207189;
1666,120;0,02098503;0,0007709263;
1667,984;0,02120767;0,0009999329;
1669,847;0,02059138;0,0003899643;
1671,711;0,02008436;-0,0001107663;
1673,575;0,02036548;0,0001766129;
1675,438;0,01969629;-0,0004863563;
1677,302;0,01812583;-0,002050629;
1679,166;0,01858852;-0,001581786;
1681,029;0,01854129;-0,001622904;
1682,893;0,01920941;-0,0009486993;
1684,757;0,01777963;-0,002372429;
1686,620;0,01665836;-0,003487679;
1688,484;0,01671741;-0,003422649;
1690,348;0,01554407;-0,004590033;
1692,211;0,01466128;-0,005466905;
1694,075;0,01450162;-0,005620683;
1695,939;0,01408192;-0,00603453;
1697,802;0,01347122;-0,006639409;
1699,666;0,01470364;-0,0054012;
1701,530;0,01247641;-0,007622667;
1703,393;0,01318083;-0,006912517;
1705,257;0,01368262;-0,006405036;
1707,121;0,01257333;-0,007508665;
1708,984;0,01200716;-0,008069195;
1710,848;0,01171792;-0,008352838;
1712,712;0,01194663;-0,008118551;
1714,575;0,01238936;-0,007670281;
1716,439;0,01216938;-0,007884747;
1718,303;0,01179531;-0,008253341;
1720,166;0,0112758;-0,008767392;
1722,030;0,01170659;-0,008331186;
1723,894;0,01122731;-0,008805069;
1725,757;0,01090181;-0,009125204;
1727,621;0,0107839;-0,009237778;
1729,485;0,01104702;-0,008969354;
1731,348;0,01132629;-0,008684808;
1733,212;0,01243112;-0,00757472;
1735,076;0,01119562;-0,008805003;
1736,939;0,01105484;-0,008940591;
1738,803;0,01166092;-0,008329338;
1740,667;0,01090803;-0,00907709;
1742,530;0,01114475;-0,008835264;
1744,394;0,01131433;-0,008660601;
1746,258;0,01176538;-0,008204492;
1748,121;0,01261806;-0,007346776;
1749,985;0,01306488;-0,006894955;
1751,849;0,01323538;-0,006719478;
1753,712;0,01402336;-0,005926553;
1755,576;0,01713229;-0,002812692;
1757,440;0,02222232;0,002282237;
1759,303;0,03115265;0,01121743;
1761,167;0,04747428;0,02754391;
1763,031;0,05476118;0,03483563;
1764,894;0,038356;0,01843524;
1766,758;0,02102815;0,001112168;
1768,622;0,01341091;-0,006500327;
1770,485;0,01215515;-0,007751365;
1772,349;0,01158246;-0,008319366;
1774,213;0,01057517;-0,009321979;
1776,076;0,01081416;-0,009078347;
1777,940;0,01057632;-0,009311561;
1779,804;0,01056979;-0,009313495;
1781,667;0,01007894;-0,009799768;
1783,531;0,01014103;-0,009733129;
1785,395;0,01008147;-0,009788163;
1787,258;0,01002866;-0,009836476;
1789,122;0,01031926;-0,009541397;
1790,986;0,01059954;-0,009256658;
1792,849;0,009998294;-0,009853471;
1794,713;0,009986856;-0,009860499;
1796,577;0,01041502;-0,009427948;
1798,441;0,01046285;-0,009375754;
1800,304;0,0104324;-0,009401861;
1802,168;0,009938428;-0,009891515;
1804,032;0,009547905;-0,01027774;
1805,895;0,009453187;-0,01036818;
1807,759;0,009679305;-0,01013781;
1809,623;0,009949019;-0,009863868;
1811,486;0,00990385;-0,009904827;
1813,350;0,009575229;-0,01022926;
1815,214;0,009545907;-0,01025442;
1817,077;0,009563285;-0,01023289;
1818,941;0,009475006;-0,01031705;
1820,805;0,009556104;-0,01023185;
1822,668;0,009866802;-0,009917068;
1824,532;0,01007592;-0,009703889;
1826,396;0,009783402;-0,009992367;
1828,259;0,01014889;-0,009622861;
1830,123;0,009859574;-0,009908177;
1831,987;0,009485982;-0,01027779;
1833,850;0,01000025;-0,009759565;
1835,714;0,009819112;-0,009936762;
1837,578;0,009557357;-0,0101946;
1839,441;0,009281339;-0,01046672;
1841,305;0,009490049;-0,01025413;
1843,169;0,009760505;-0,009979813;
1845,032;0,009307135;-0,01042934;
1846,896;0,009440365;-0,01029229;
1848,760;0,009669405;-0,01005945;
1850,623;0,009295279;-0,01042979;
1852,487;0,009348335;-0,01037297;
1854,351;0,009361192;-0,01035637;
1856,214;0,009626249;-0,01008759;
1858,078;0,009319093;-0,01039104;
1859,942;0,00948294;-0,0102235;
1861,805;0,009511826;-0,01019095;
1863,669;0,009221365;-0,01047776;
1865,533;0,009111383;-0,01058411;
1867,396;0,009708014;-0,009983858;
1869,260;0,009450626;-0,01023765;
1871,124;0,009068664;-0,01061603;
1872,987;0,009044461;-0,01063667;
1874,851;0,009309578;-0,01036801;
1876,715;0,009282842;-0,01039122;
1878,578;0,009106098;-0,01056446;
1880,442;0,009219635;-0,01044743;
1882,306;0,009550627;-0,01011296;
1884,169;0,00943165;-0,01022848;
1886,033;0,009247053;-0,01040964;
1887,897;0,009206447;-0,01044682;
1889,760;0,008894532;-0,01075533;
1891,624;0,008395808;-0,01125066;
1893,488;0,00862878;-0,01101432;
1895,351;0,008403404;-0,01123634;
1897,215;0,008554525;-0,01108187;
1899,079;0,008651857;-0,01098122;
1900,942;0,008528;-0,01110177;
1902,806;0,008544713;-0,01108177;
1904,670;0,008939661;-0,01068354;
1906,533;0,008681062;-0,01093888;
1908,397;0,008548453;-0,01106825;
1910,261;0,007902934;-0,01171054;
1912,124;0,007665441;-0,01194482;
1913,988;0,00782963;-0,01177743;
1915,852;0,008124992;-0,01147889;
1917,715;0,007958791;-0,01164193;
1919,579;0,007305453;-0,01229212;
1921,443;0,007074831;-0,0125196;
1923,306;0,006501071;-0,01309024;
1925,170;0,006260068;-0,01332814;
1927,034;0,006837241;-0,01274788;
1928,897;0,007000638;-0,01258141;
1930,761;0,007330214;-0,01224877;
1932,625;0,007010988;-0,01256495;
1934,488;0,006785601;-0,01278731;
1936,352;0,006762119;-0,01280778;
1938,216;0,006816979;-0,01274992;
1940,079;0,006912383;-0,01265153;
1941,943;0,006766015;-0,01279492;
1943,807;0,005842885;-0,01371509;
1945,670;0,005670195;-0,01388484;
1947,534;0,005130898;-0,01442121;
1949,398;0,004862616;-0,01468657;
1951,261;0,004608097;-0,01493819;
1953,125;0,004336071;-0,01520733;
1954,989;0,003414837;-0,01612568;
1956,852;0,002830498;-0,01670716;
1958,716;0,002082673;-0,01745214;
1960,580;0,002726632;-0,01680535;
1962,443;0,003595386;-0,01593377;
1964,307;0,003860748;-0,0156656;
1966,171;0,002809775;-0,01671378;
1968,034;0,001848913;-0,01767186;
1969,898;0,002221731;-0,01729628;
1971,762;0,003110772;-0,01640448;
1973,625;0,002285677;-0,01722684;
1975,489;0,001339669;-0,01817012;
1977,353;0,0007528347;-0,01875424;
1979,216;0,0007491426;-0,01875522;
1981,080;0,0009390701;-0,01856261;
1982,944;0,00272725;-0,01677175;
1984,807;0,004154692;-0,01534164;
1986,671;0,004473337;-0,01502035;
1988,535;0,003767883;-0,01572316;
1990,398;0,003098336;-0,01639008;
1992,262;0,00280615;-0,01667965;
1994,126;0,003815977;-0,01566722;
1995,989;0,00368585;-0,01579475;
1997,853;0,003478627;-0,0159994;
1999,717;0,00313969;-0,01633577;
2001,580;0,002908389;-0,01656451;
2003,444;0,001612904;-0,01785746;
2005,308;0,0008072948;-0,01866053;
2007,171;0,001277517;-0,01818779;
2009,035;0,00162584;-0,01783696;
2010,899;0,0004669828;-0,01899332;
2012,762;-0,0004061075;-0,01986393;
2014,626;1,852517E-5;-0,01943682;
2016,490;0,001708684;-0,0177442;
2018,353;0,001170396;-0,01828004;
2020,217;0,0009352146;-0,01851278;
2022,081;0,00148399;-0,01796158;
2023,944;0,001911401;-0,01753175;
2025,808;0,002119311;-0,01732143;
2027,672;0,001404288;-0,01803406;
2029,535;4,151275E-5;-0,01939445;
2031,399;0,0008347833;-0,01859881;
2033,263;0,001773145;-0,01765808;
2035,126;0,001990864;-0,01743801;
2036,990;0,002353944;-0,01707259;
2038,854;0,002639031;-0,01678518;
2040,717;0,001386611;-0,01803528;
2042,581;0,001899342;-0,01752024;
2044,445;0,003548414;-0,01586887;
2046,308;0,004653531;-0,01476146;
2048,172;0,005001235;-0,01441148;
2050,036;0,005804375;-0,01360607;
2051,899;0,00583859;-0,0135696;
2053,763;0,006647224;-0,01275872;
2055,627;0,007979327;-0,01142438;
2057,490;0,008914829;-0,01048665;
2059,354;0,009454103;-0,009945164;
2061,218;0,009761879;-0,009635182;
2063,081;0,009985661;-0,009409203;
2064,945;0,01003314;-0,00935954;
2066,809;0,009809408;-0,009581094;
2068,672;0,0101448;-0,009243539;
2070,536;0,009703986;-0,009682193;
2072,400;0,009283672;-0,01010036;
2074,264;0,00900862;-0,01037327;
2076,127;0,009345136;-0,01003463;
2077,991;0,009359898;-0,01001775;
2079,855;0,009213909;-0,01016163;
2081,718;0,01011662;-0,009256821;
2083,582;0,01117824;-0,008193108;
2085,446;0,01088616;-0,008483112;
2087,309;0,01059074;-0,008776453;
2089,173;0,01054318;-0,008821953;
2091,037;0,0107474;-0,008615684;
2092,900;0,01004364;-0,009317401;
2094,764;0,009416919;-0,009942082;
2096,628;0,009336539;-0,01002044;
2098,491;0,009467737;-0,009887222;
2100,355;0,009819484;-0,009533467;
2102,219;0,009871463;-0,009479488;
2104,082;0,009199662;-0,0101493;
2105,946;0,009532339;-0,00981464;
2107,810;0,01023831;-0,009106701;
2109,673;0,01049701;-0,008846034;
2111,537;0,01021945;-0,009121642;
2113,401;0,01022994;-0,009109201;
2115,264;0,01012999;-0,009207215;
2117,128;0,01028443;-0,009050844;
2118,992;0,009956944;-0,009376407;
2120,855;0,009467979;-0,009863459;
2122,719;0,009437843;-0,009891691;
2124,583;0,00912887;-0,01019877;
2126,446;0,00838527;-0,01094048;
2128,310;0,007799602;-0,01152427;
2130,174;0,007138265;-0,01218373;
2132,037;0,0072088;-0,01211134;
2133,901;0,006650304;-0,01266798;
2135,765;0,006291496;-0,01302494;
2137,628;0,006074855;-0,01323974;
2139,492;0,005292858;-0,01401991;
2141,356;0,004868439;-0,0144425;
2143,219;0,005538023;-0,0137711;
2145,083;0,005106383;-0,01420094;
2146,947;0,004343595;-0,01496193;
2148,810;0,00320326;-0,01610047;
2150,674;0,001781647;-0,0175203;
2152,538;0,001264651;-0,01803552;
2154,401;0,001372303;-0,0179261;
2156,265;0,0001066989;-0,01918994;
2158,129;-0,001045335;-0,02034022;
2159,992;-0,00272957;-0,02202271;
2161,856;-0,003220459;-0,02251186;
2163,720;-0,003004463;-0,02229414;
2165,583;-0,002020718;-0,02130867;
2167,447;-0,001039074;-0,02032531;
2169,311;-0,000373854;-0,01965838;
2171,174;1,728691E-5;-0,01926554;
2173,038;0,001081015;-0,01820011;
2174,902;0,001050367;-0,01822908;
2176,765;0,001355352;-0,01792241;
2178,629;0,001260124;-0,01801597;
2180,493;0,0008357777;-0,01843865;
2182,356;0,001040677;-0,01823209;
2184,220;0,001677476;-0,01759364;
2186,084;0,001578701;-0,01769077;
2187,947;0,002286021;-0,01698182;
2189,811;0,003090191;-0,01617602;
2191,675;0,00363141;-0,01563317;
2193,538;0,003283479;-0,01597949;
2195,402;0,003182717;-0,01607864;
2197,266;0,003973902;-0,01528585;
2199,129;0,005026656;-0,01423151;
2200,993;0,005791831;-0,01346474;
2202,857;0,006343782;-0,01291121;
2204,720;0,005590306;-0,01366311;
2206,584;0,005011407;-0,01424044;
2208,448;0,005083676;-0,01416661;
2210,311;0,005184943;-0,01406378;
2212,175;0,005121429;-0,01412575;
2214,039;0,006133089;-0,01311255;
2215,902;0,006166986;-0,01307711;
2217,766;0,00578891;-0,01345366;
2219,630;0,006002453;-0,01323859;
2221,493;0,00614786;-0,01309167;
2223,357;0,005971383;-0,01326664;
2225,221;0,006959486;-0,01227703;
2227,084;0,007332044;-0,01190297;
2228,948;0,006987288;-0,01224624;
2230,812;0,006890002;-0,01234204;
2232,675;0,007411581;-0,01181898;
2234,539;0,007665491;-0,0115636;
2236,403;0,00789635;-0,01133127;
2238,266;0,008468132;-0,01075803;
2240,130;0,008515469;-0,01070924;
2241,994;0,007901343;-0,01132191;
2243,857;0,008790066;-0,01043175;
2245,721;0,009822687;-0,00939769;
2247,585;0,009586391;-0,009632555;
2249,448;0,008809189;-0,01040833;
2251,312;0,008890685;-0,01032542;
2253,176;0,009158948;-0,01005574;
2255,039;0,009748603;-0,009464679;
2256,903;0,009982469;-0,009229411;
2258,767;0,009893923;-0,009316561;
2260,630;0,01007442;-0,009134671;
2262,494;0,01017196;-0,009035749;
2264,358;0,01009514;-0,009111195;
2266,221;0,01056067;-0,008644289;
2268,085;0,01107021;-0,008133383;
2269,949;0,01151367;-0,007688557;
2271,812;0,01159546;-0,007605414;
2273,676;0,01174287;-0,007456656;
2275,540;0,01197299;-0,00722519;
2277,403;0,01211206;-0,007084779;
2279,267;0,01210527;-0,007090232;
2281,131;0,01257886;-0,00661532;
2282,994;0,01321278;-0,00598007;
2284,858;0,01359287;-0,005598663;
2286,722;0,01319646;-0,005993761;
2288,585;0,01318386;-0,006005055;
2290,449;0,01363773;-0,005549879;
2292,313;0,01397341;-0,005212907;
2294,176;0,013898;-0,005287029;
2296,040;0,01407113;-0,005112608;
2297,904;0,01456262;-0,004619834;
2299,767;0,01454014;-0,004641042;
2301,631;0,01433722;-0,004842695;
2303,495;0,01450073;-0,004677913;
2305,358;0,01447831;-0,004699078;
2307,222;0,01435914;-0,004816988;
2309,086;0,01421465;-0,004960229;
2310,949;0,01434112;-0,004832521;
2312,813;0,014767;-0,004405401;
2314,677;0,01518283;-0,003988328;
2316,540;0,01497965;-0,004190279;
2318,404;0,01467384;-0,004494862;
2320,268;0,01470498;-0,004462504;
2322,131;0,01525492;-0,003911355;
2323,995;0,01546512;-0,003699943;
2325,859;0,0151018;-0,00406205;
2327,722;0,01467003;-0,004492621;
2329,586;0,01455988;-0,004601573;
2331,450;0,01448375;-0,004676518;
2333,313;0,01438269;-0,004776394;
2335,177;0,01422721;-0,004930685;
2337,041;0,01400862;-0,005148096;
2338,904;0,01397382;-0,005181733;
2340,768;0,01423756;-0,004916821;
2342,632;0,01464809;-0,004505128;
2344,495;0,01513787;-0,004014185;
2346,359;0,01507369;-0,004077218;
2348,223;0,01526773;-0,003882028;
2350,087;0,01552737;-0,003621244;
2351,950;0,01501125;-0,004136219;
2353,814;0,01435314;-0,004793198;
2355,678;0,01418751;-0,004957692;
2357,541;0,01406998;-0,005074094;
2359,405;0,0141305;-0,005012452;
2361,269;0,01445396;-0,004687873;
2363,132;0,01472616;-0,00441456;
2364,996;0,01464892;-0,004490698;
2366,860;0,01482997;-0,004308541;
2368,723;0,01524024;-0,003897168;
2370,587;0,01591225;-0,003224061;
2372,451;0,0166542;-0,002481026;
2374,314;0,0178819;-0,001252229;
2376,178;0,0192155;8,244639E-5;
2378,042;0,02083557;0,001703597;
2379,905;0,02257449;0,00344359;
2381,769;0,0247959;0,005666069;
2383,633;0,02735159;0,008222826;
2385,496;0,0299174;0,0107897;
2387,360;0,03276793;0,01364129;
2389,224;0,03571421;0,01658862;
2391,087;0,03856217;0,01943764;
2392,951;0,04133492;0,02221143;
2394,815;0,04272258;0,02360013;
2396,678;0,04168326;0,02256185;
2398,542;0,03836312;0,01924274;
2400,406;0,03425423;0,01513489;
2402,269;0,03098352;0,0118652;
2404,133;0,02888396;0,009766662;
2405,997;0,02688704;0,007770757;
2407,860;0,02531858;0,006203313;
2409,724;0,02450897;0,005394708;
2411,588;0,0239647;0,004851446;
2413,451;0,02342657;0,004314321;
2415,315;0,02347787;0,004366618;
2417,179;0,02373842;0,004628158;
2419,042;0,02377179;0,004662523;
2420,906;0,02374709;0,004638811;
2422,770;0,0238991;0,004791808;
2424,633;0,02385551;0,004749192;
2426,497;0,02349725;0,004391905;
2428,361;0,02267543;0,003571057;
2430,224;0,02209577;0,002992365;
2432,088;0,02129103;0,002188591;
2433,952;0,02043548;0,001334001;
2435,815;0,02005006;0,0009495397;
2437,679;0,01957148;0,0004719096;
2439,543;0,01904097;-5,76447E-5;
2441,406;0,01897959;-0,0001180869;
2443,270;0,01891167;-0,0001850554;
2445,134;0,01903507;-6,072164E-5;
2446,997;0,01860218;-0,0004926784;
2448,861;0,01801146;-0,001082467;
2450,725;0,01794508;-0,001147918;
2452,588;0,01811272;-0,0009793493;
2454,452;0,01813617;-0,0009549823;
2456,316;0,01796998;-0,001120256;
2458,179;0,01760617;-0,001483149;
2460,043;0,01752491;-0,001563502;
2461,907;0,01737485;-0,00171265;
2463,770;0,01747689;-0,001609704;
2465,634;0,01784035;-0,001245344;
2467,498;0,01804516;-0,001039636;
2469,361;0,0178389;-0,001245004;
2471,225;0,01777119;-0,001311827;
2473,089;0,01766443;-0,001417695;
2474,952;0,01790322;-0,00117802;
2476,816;0,01839228;-0,0006880862;
2478,680;0,01844442;-0,0006350638;
2480,543;0,01818214;-0,0008964689;
2482,407;0,01824102;-0,0008367283;
2484,271;0,01805372;-0,001023157;
2486,134;0,01779389;-0,001282127;
2487,998;0,01787885;-0,001196302;
2489,862;0,01780056;-0,001273737;
2491,725;0,0176229;-0,00145054;
2493,589;0,01781657;-0,00125602;
2495,453;0,0170894;-0,001982341;
2497,316;0,01617865;-0,00289225;
2499,180;0,01578665;-0,003283407;
2501,044;0,01576332;-0,003305896;
2502,907;0,01528216;-0,003786225;
2504,771;0,01490655;-0,004160995;
2506,635;0,01507592;-0,003990803;
2508,498;0,01548622;-0,003579672;
2510,362;0,0155178;-0,003547268;
2512,226;0,01550334;-0,003560906;
2514,089;0,01523055;-0,003832881;
2515,953;0,01490669;-0,004155932;
2517,817;0,01453352;-0,004528289;
2519,680;0,0144898;-0,004571198;
2521,544;0,01429302;-0,004767176;
2523,408;0,01426177;-0,004797625;
2525,271;0,01462259;-0,004436007;
2527,135;0,01490946;-0,004148344;
2528,999;0,0150396;-0,004017409;
2530,862;0,01508874;-0,003967477;
2532,726;0,01485616;-0,004199272;
2534,590;0,01500262;-0,004052023;
2536,453;0,01524012;-0,00381374;
2538,317;0,01541535;-0,003637737;
2540,181;0,01540792;-0,003644384;
2542,044;0,01535377;-0,003697768;
2543,908;0,01500303;-0,004047731;
2545,772;0,01468543;-0,004364569;
2547,635;0,01479385;-0,004255384;
2549,499;0,01524557;-0,0038029;
2551,363;0,01544026;-0,003607457;
2553,226;0,01571759;-0,003329367;
2555,090;0,01575734;-0,003288865;
2556,954;0,0157579;-0,003287556;
2558,817;0,01586458;-0,003180129;
2560,681;0,0160297;-0,003014264;
2562,545;0,01575022;-0,003292994;
2564,408;0,01558114;-0,003461336;
2566,272;0,01561358;-0,003428162;
2568,136;0,01563351;-0,003407496;
2569,999;0,01561248;-0,003427789;
2571,863;0,01602929;-0,003010256;
2573,727;0,01620337;-0,002835444;
2575,590;0,01634616;-0,002691931;
2577,454;0,01652914;-0,002508232;
2579,318;0,01685716;-0,002179499;
2581,181;0,01689574;-0,002140195;
2583,045;0,01665742;-0,0023778;
2584,909;0,0164675;-0,002567014;
2586,772;0,01654432;-0,002489484;
2588,636;0,01653167;-0,002501433;
2590,500;0,01676002;-0,002272375;
2592,363;0,0169381;-0,002093599;
2594,227;0,01711008;-0,00192092;
2596,091;0,01711754;-0,001912759;
2597,954;0,01691841;-0,002111195;
2599,818;0,01699749;-0,002031432;
2601,682;0,01737831;-0,001649918;
2603,545;0,01723835;-0,001789198;
2605,409;0,01734712;-0,001679739;
2607,273;0,01773215;-0,001294033;
2609,136;0,01784677;-0,001178733;
2611,000;0,01778059;-0,001244236;
2612,864;0,01798246;-0,001041693;
2614,727;0,01795526;-0,001068216;
2616,591;0,01802609;-0,0009967182;
2618,455;0,01811233;-0,0009098124;
2620,318;0,0182236;-0,0007978802;
2622,182;0,01819791;-0,000822909;
2624,046;0,018221;-0,0007991579;
2625,910;0,01836528;-0,0006542182;
2627,773;0,01883065;-0,0001881957;
2629,637;0,01904503;2,683083E-5;
2631,501;0,01895943;-5,811333E-5;
2633,364;0,01891692;-9,998069E-5;
2635,228;0,01909084;7,458708E-5;
2637,092;0,01921208;0,0001964733;
2638,955;0,01922003;0,000205062;
2640,819;0,01914365;0,0001293232;
2642,683;0,01931022;0,0002965332;
2644,546;0,01957619;0,0005631372;
2646,410;0,0198901;0,0008776744;
2648,274;0,02000348;0,0009916826;
2650,137;0,02002316;0,001011995;
2652,001;0,01984708;0,0008365356;
2653,865;0,01980168;0,0007917574;
2655,728;0,01993538;0,0009260857;
2657,592;0,02010748;0,001098802;
2659,456;0,02009635;0,001088285;
2661,319;0,02002913;0,001021685;
2663,183;0,01999845;0,0009916184;
2665,047;0,02028731;0,001281084;
2666,910;0,02029132;0,001285702;
2668,774;0,02008639;0,001081375;
2670,638;0,02003804;0,001033634;
2672,501;0,02028633;0,001282529;
2674,365;0,02048395;0,001480742;
2676,229;0,02047272;0,001470116;
2678,092;0,02051707;0,001515059;
2679,956;0,02072482;0,001723399;
2681,820;0,02096268;0,001961853;
2683,683;0,02115003;0,002149796;
2685,547;0,02111344;0,002113785;
2687,411;0,02118591;0,00218684;
2689,274;0,0212462;0,002247718;
2691,138;0,02135853;0,002360625;
2693,002;0,0214791;0,002481774;
2694,865;0,02184252;0,002845777;
2696,729;0,02199219;0,002996016;
2698,593;0,02198949;0,002993892;
2700,456;0,02215233;0,003157303;
2702,320;0,02239146;0,003397008;
2704,184;0,02251578;0,003521892;
2706,047;0,02287855;0,003885226;
2707,911;0,02340312;0,004410356;
2709,775;0,02370887;0,00471667;
2711,638;0,02398004;0,004988398;
2713,502;0,02432173;0,005330649;
2715,366;0,02443419;0,005443663;
2717,229;0,02460056;0,005610586;
2719,093;0,02484939;0,00585997;
2720,957;0,02539615;0,006407276;
2722,820;0,02611569;0,007127367;
2724,684;0,02672172;0,007733947;
2726,548;0,02761805;0,008630821;
2728,411;0,02895873;0,009972045;
2730,275;0,02971584;0,01072969;
2732,139;0,02985144;0,01086583;
2734,002;0,02967248;0,01068741;
2735,866;0,02944295;0,01045841;
2737,730;0,02923829;0,01025429;
2739,593;0,02914923;0,01016576;
2741,457;0,02889466;0,009911715;
2743,321;0,02852209;0,009539675;
2745,184;0,02792102;0,008939128;
2747,048;0,02743267;0,008451307;
2748,912;0,02767693;0,008696092;
2750,775;0,02813747;0,009157151;
2752,639;0,02804741;0,009067615;
2754,503;0,02786287;0,008883584;
2756,366;0,02786392;0,008885157;
2758,230;0,02783266;0,008854403;
2760,094;0,02756275;0,008585013;
2761,957;0,02777216;0,008794927;
2763,821;0,02803178;0,009055058;
2765,685;0,02806889;0,009092671;
2767,548;0,0282061;0,009230392;
2769,412;0,02842223;0,009447026;
2771,276;0,0283499;0,009375196;
2773,139;0,02841509;0,009440885;
2775,003;0,02878308;0,00980937;
2776,867;0,02925815;0,01028494;
2778,730;0,02912284;0,01015012;
2780,594;0,02893517;0,009962951;
2782,458;0,02888262;0,009910887;
2784,321;0,02874322;0,009771983;
2786,185;0,02846832;0,009497575;
2788,049;0,02797215;0,009001883;
2789,912;0,02755735;0,008587576;
2791,776;0,02775224;0,008782944;
2793,640;0,02764681;0,008678001;
2795,503;0,02730464;0,008336308;
2797,367;0,02709754;0,008129688;
2799,231;0,02705128;0,008083906;
2801,094;0,02683129;0,007864387;
2802,958;0,02642772;0,007461299;
2804,822;0,02616568;0,007199728;
2806,685;0,02595581;0,006990324;
2808,549;0,02561716;0,006652152;
2810,413;0,02542849;0,006463951;
2812,276;0,02544043;0,00647635;
2814,140;0,02549723;0,006533619;
2816,004;0,0253851;0,006421956;
2817,867;0,02541614;0,006453449;
2819,731;0,02522056;0,006258336;
2821,595;0,02497793;0,006016163;
2823,458;0,02494788;0,005986573;
2825,322;0,02505024;0,00608938;
2827,186;0,02482839;0,005867986;
2829,049;0,02473289;0,005772944;
2830,913;0,02471764;0,005758143;
2832,777;0,02477736;0,005818312;
2834,640;0,0246106;0,005651998;
2836,504;0,02449471;0,005536553;
2838,368;0,02451443;0,005556719;
2840,231;0,02476997;0,005812706;
2842,095;0,02486208;0,005905256;
2843,959;0,02480884;0,005852457;
2845,822;0,02445543;0,005499491;
2847,686;0,02452556;0,005570052;
2849,550;0,02474789;0,005792819;
2851,413;0,02464826;0,005693626;
2853,277;0,02456675;0,005612556;
2855,141;0,02474671;0,005792944;
2857,004;0,02456755;0,005614211;
2858,868;0,02432007;0,005367168;
2860,732;0,02430398;0,005351501;
2862,595;0,02469672;0,005744671;
2864,459;0,0247768;0,005825173;
2866,323;0,02446872;0,00551752;
2868,186;0,02412574;0,00517496;
2870,050;0,02425266;0,005302307;
2871,914;0,02401649;0,005066549;
2873,777;0,02399816;0,005048646;
2875,641;0,02446715;0,005518051;
2877,505;0,02462537;0,005676686;
2879,368;0,02443594;0,005487674;
2881,232;0,0245448;0,005596941;
2883,096;0,02461423;0,005666786;
2884,959;0,02458399;0,005636955;
2886,823;0,02454055;0,005593926;
2888,687;0,02476014;0,005813926;
2890,550;0,02465904;0,00571323;
2892,414;0,02431137;0,005365964;
2894,278;0,02407402;0,005129014;
2896,141;0,02421439;0,005269792;
2898,005;0,02446695;0,005522748;
2899,869;0,02460801;0,005664214;
2901,733;0,02440414;0,005460737;
2903,596;0,02442269;0,005479682;
2905,460;0,02448503;0,00554242;
2907,324;0,02456654;0,005624329;
2909,187;0,02445917;0,005517351;
2911,051;0,02431032;0,005368898;
2912,915;0,0243942;0,005453168;
2914,778;0,02473341;0,005792763;
2916,642;0,02465525;0,005714989;
2918,506;0,02449974;0,005559866;
2920,369;0,024618;0,005678521;
2922,233;0,02503636;0,00609726;
2924,097;0,02491643;0,005977718;
2925,960;0,0249004;0,005962072;
2927,824;0,02493889;0,006000944;
2929,688;0,02495097;0,006013401;
2931,551;0,02510245;0,006165256;
2933,415;0,02551209;0,006575277;
2935,279;0,02556877;0,006632333;
2937,142;0,02556713;0,006631069;
2939,006;0,02555403;0,006618339;
2940,870;0,02537067;0,006435354;
2942,733;0,02529324;0,006358296;
2944,597;0,02542184;0,00648727;
2946,461;0,02558618;0,006651976;
2948,324;0,02618412;0,007250287;
2950,188;0,0264175;0,007484035;
2952,052;0,02641083;0,007477726;
2953,915;0,02661797;0,00768523;
2955,779;0,02681165;0,007879274;
2957,643;0,02686926;0,007937248;
2959,506;0,02687469;0,007943038;
2961,370;0,02663569;0,007704399;
2963,234;0,02659944;0,007668505;
2965,097;0,02694392;0,008013348;
2966,961;0,02730565;0,008375435;
2968,825;0,02705655;0,008126685;
2970,688;0,02700026;0,008070753;
2972,552;0,02734158;0,008412423;
2974,416;0,02755501;0,008626206;
2976,279;0,02745046;0,008522015;
2978,143;0,0275551;0,008627003;
2980,007;0,0276355;0,008707748;
2981,870;0,02771753;0,008790124;
2983,734;0,02812163;0,009194579;
2985,598;0,02849716;0,009570448;
2987,461;0,02853635;0,009609988;
2989,325;0,02858516;0,009659134;
2991,189;0,0286635;0,009737824;
2993,052;0,02888797;0,009962636;
2994,916;0,02913287;0,01020788;
2996,780;0,02931336;0,0103887;
2998,643;0,02927064;0,01034632;
3000,507;0,02936085;0,01043687;
3002,371;0,02953514;0,0106115;
3004,234;0,02978105;0,01085774;
3006,098;0,02990834;0,01098537;
3007,962;0,03019942;0,01127678;
3009,825;0,03049535;0,01157304;
3011,689;0,03056809;0,01164611;
3013,553;0,03051788;0,01159623;
3015,416;0,03072598;0,01180466;
3017,280;0,03092857;0,01200758;
3019,144;0,03103557;0,0121149;
3021,007;0,03107854;0,01215819;
3022,871;0,03128376;0,01236375;
3024,735;0,03133892;0,01241923;
3026,598;0,03153024;0,01261088;
3028,462;0,03158997;0,01267093;
3030,326;0,03172719;0,01280846;
3032,189;0,03205316;0,01313476;
3034,053;0,03251904;0,01360095;
3035,917;0,03265689;0,01373912;
3037,780;0,03276792;0,01385047;
3039,644;0,03286859;0,01395146;
3041,508;0,0331341;0,01421728;
3043,371;0,03320831;0,01429181;
3045,235;0,0333121;0,01439591;
3047,099;0,03331917;0,01440329;
3048,962;0,03349047;0,0145749;
3050,826;0,03385636;0,0149411;
3052,690;0,03419549;0,01528054;
3054,553;0,03429626;0,01538162;
3056,417;0,03465251;0,01573818;
3058,281;0,03471633;0,0158023;
3060,144;0,0346713;0,01575757;
3062,008;0,03489113;0,01597771;
3063,872;0,03542604;0,01651292;
3065,735;0,0355771;0,01666429;
3067,599;0,03552315;0,01661064;
3069,463;0,03567744;0,01676524;
3071,326;0,03601968;0,01710778;
3073,190;0,03613408;0,01722247;
3075,054;0,03660859;0,01769728;
3076,917;0,03667937;0,01776835;
3078,781;0,03681095;0,01790023;
3080,645;0,03700207;0,01809165;
3082,508;0,03728288;0,01837275;
3084,372;0,03789727;0,01898744;
3086,236;0,03855851;0,01964897;
3088,099;0,03857565;0,0196664;
3089,963;0,03833666;0,01942771;
3091,827;0,03828645;0,01937779;
3093,690;0,03860974;0,01970136;
3095,554;0,03894132;0,02003323;
3097,418;0,0392922;0,0203844;
3099,281;0,0396306;0,02072309;
3101,145;0,0399895;0,02108228;
3103,009;0,04030144;0,0213945;
3104,872;0,04086124;0,02195459;
3106,736;0,04123285;0,02232648;
3108,600;0,0410022;0,02209611;
3110,463;0,04091042;0,02200461;
3112,327;0,04122392;0,02231839;
3114,191;0,04150564;0,0226004;
3116,054;0,04181403;0,02290906;
3117,918;0,0421916;0,02328691;
3119,782;0,0424151;0,02351069;
3121,645;0,04259674;0,0236926;
3123,509;0,0431244;0,02422054;
3125,373;0,04324934;0,02434575;
3127,236;0,0431485;0,02424519;
3129,100;0,04326876;0,02436573;
3130,964;0,04410221;0,02519944;
3132,827;0,04446928;0,02556679;
3134,691;0,04432336;0,02542113;
3136,555;0,0444298;0,02552784;
3138,418;0,04495114;0,02604946;
3140,282;0,04529635;0,02639493;
3142,146;0,04532225;0,0264211;
3144,009;0,04554665;0,02664577;
3145,873;0,04593744;0,02703683;
3147,737;0,04585211;0,02695176;
3149,600;0,04612695;0,02722687;
3151,464;0,04651142;0,0276116;
3153,328;0,04694651;0,02804695;
3155,191;0,04710773;0,02820843;
3157,055;0,04704684;0,02814781;
3158,919;0,04709779;0,02819902;
3160,782;0,04755467;0,02865616;
3162,646;0,04797384;0,02907559;
3164,510;0,04837199;0,029474;
3166,373;0,04876334;0,02986561;
3168,237;0,0490245;0,03012702;
3170,101;0,04932719;0,03042996;
3171,964;0,04967728;0,03078031;
3173,828;0,05011177;0,03121506;
3175,692;0,05041031;0,03151385;
3177,556;0,0501624;0,0312662;
3179,419;0,05062594;0,03172998;
3181,283;0,05122289;0,03232718;
3183,147;0,05136954;0,03247409;
3185,010;0,05157227;0,03267707;
3186,874;0,05182762;0,03293267;
3188,738;0,05209687;0,03320216;
3190,601;0,05257671;0,03368225;
3192,465;0,05254349;0,03364928;
3194,329;0,05277149;0,03387753;
3196,192;0,05303187;0,03413815;
3198,056;0,05355083;0,03465736;
3199,920;0,05435311;0,03545988;
3201,783;0,05449977;0,03560679;
3203,647;0,05424205;0,03534931;
3205,511;0,05431847;0,03542597;
3207,374;0,05468999;0,03579773;
3209,238;0,05530084;0,03640883;
3211,102;0,05547759;0,03658581;
3212,965;0,05558275;0,03669121;
3214,829;0,05591392;0,03702263;
3216,693;0,05612874;0,03723768;
3218,556;0,05643522;0,0375444;
3220,420;0,05679927;0,03790869;
3222,284;0,05698854;0,03809819;
3224,147;0,05734697;0,03845686;
3226,011;0,05770902;0,03881914;
3227,875;0,05762891;0,03873927;
3229,738;0,05797622;0,03908681;
3231,602;0,05900236;0,04011319;
3233,466;0,0596052;0,04071625;
3235,329;0,05991795;0,04102923;
3237,193;0,06035389;0,04146541;
3239,057;0,06034568;0,04145742;
3240,920;0,06040447;0,04151644;
3242,784;0,06078368;0,04189588;
3244,648;0,06078793;0,04190036;
3246,511;0,0608963;0,04200896;
3248,375;0,06089189;0,04200478;
3250,239;0,06040468;0,0415178;
3252,102;0,0601866;0,04129994;
3253,966;0,06040744;0,041521;
3255,830;0,06050203;0,04161582;
3257,693;0,0600941;0,04120811;
3259,557;0,0595827;0,04069693;
3261,421;0,05937848;0,04049294;
3263,284;0,05923477;0,04034945;
3265,148;0,05960067;0,04071557;
3267,012;0,05989075;0,04100588;
3268,875;0,05988302;0,04099836;
3270,739;0,05961432;0,04072988;
3272,603;0,05964672;0,04076249;
3274,466;0,05996039;0,04107639;
3276,330;0,06013736;0,04125357;
3278,194;0,06009905;0,04121548;
3280,057;0,06000373;0,04112038;
3281,921;0,06028652;0,04140338;
3283,785;0,06050533;0,0416224;
3285,648;0,060409;0,0415263;
3287,512;0,06022651;0,04134402;
3289,376;0,06059619;0,04171391;
3291,239;0,06106576;0,04218369;
3293,103;0,06119071;0,04230886;
3294,967;0,06127635;0,0423947;
3296,830;0,06124229;0,04236086;
3298,694;0,06142226;0,04254104;
3300,558;0,06179739;0,04291637;
3302,421;0,0617882;0,04290739;
3304,285;0,06177208;0,04289148;
3306,149;0,06245127;0,04357088;
3308,012;0,06287492;0,04399474;
3309,876;0,06307584;0,04419586;
3311,740;0,06338193;0,04450216;
3313,603;0,06383309;0,04495352;
3315,467;0,0637869;0,04490754;
3317,331;0,06373705;0,04485789;
3319,194;0,0640323;0,04515334;
3321,058;0,06426004;0,04538128;
3322,922;0,06456236;0,04568381;
3324,785;0,06506887;0,04619053;
3326,649;0,06569393;0,04681578;
3328,513;0,06609839;0,04722044;
3330,376;0,06596676;0,04708901;
3332,240;0,06626907;0,04739152;
3334,104;0,06705151;0,04817416;
3335,967;0,06775629;0,04887914;
3337,831;0,06783367;0,04895671;
3339,695;0,0677259;0,04884914;
3341,558;0,06815292;0,04927636;
3343,422;0,06876179;0,04988543;
3345,286;0,06904951;0,05017335;
3347,149;0,06944876;0,05057279;
3349,013;0,06980791;0,05093214;
3350,877;0,0700088;0,05113322;
3352,740;0,07081767;0,05194228;
3354,604;0,07177101;0,05289581;
3356,468;0,07236646;0,05349146;
3358,331;0,07285822;0,05398341;
3360,195;0,07318882;0,05431421;
3362,059;0,07371283;0,05483841;
3363,922;0,07442069;0,05554645;
3365,786;0,07489513;0,05602109;
3367,650;0,07571157;0,05683771;
3369,513;0,07646126;0,05758759;
3371,377;0,07666221;0,05778873;
3373,241;0,07694154;0,05806824;
3375,104;0,07740753;0,05853443;
3376,968;0,07795208;0,05907916;
3378,832;0,07887293;0,06000019;
3380,695;0,07930624;0,06043369;
3382,559;0,07922655;0,06035419;
3384,423;0,0795291;0,06065692;
3386,286;0,08009634;0,06122435;
3388,150;0,08078059;0,06190878;
3390,014;0,08080511;0,06193348;
3391,877;0,08074403;0,06187259;
3393,741;0,08117275;0,06230148;
3395,605;0,08138833;0,06251725;
3397,468;0,0813758;0,0625049;
3399,332;0,08155114;0,06268043;
3401,196;0,08099872;0,06212819;
3403,059;0,0796686;0,06079825;
3404,923;0,07917959;0,06030941;
3406,787;0,07910936;0,06023936;
3408,650;0,07856158;0,05969176;
3410,514;0,0783159;0,05944625;
3412,378;0,07780872;0,05893925;
3414,241;0,07664153;0,05777224;
3416,105;0,07569358;0,05682447;
3417,969;0,07517251;0,05630358;
3419,832;0,07463037;0,0557616;
3421,696;0,07433977;0,05547119;
3423,560;0,0736198;0,05475138;
3425,423;0,07271617;0,05384793;
3427,287;0,07231981;0,05345174;
3429,151;0,07148522;0,05261733;
3431,014;0,07019014;0,05132241;
3432,878;0,06962402;0,05075647;
3434,742;0,06908886;0,05022149;
3436,605;0,06850126;0,04963405;
3438,469;0,06785335;0,04898631;
3440,333;0,06702254;0,04815568;
3442,196;0,06606631;0,04719962;
3444,060;0,06485949;0,04599297;
3445,924;0,06382784;0,04496149;
3447,787;0,06298924;0,04412305;
3449,651;0,06282901;0,04396299;
3451,515;0,06260779;0,04374194;
3453,379;0,0615187;0,04265301;
3455,242;0,06071888;0,04185336;
3457,106;0,06063892;0,04177357;
3458,970;0,0602563;0,04139111;
3460,833;0,05935055;0,04048552;
3462,697;0,05864637;0,03978151;
3464,561;0,05811072;0,03924602;
3466,424;0,05759701;0,03873248;
3468,288;0,05716929;0,03830493;
3470,152;0,05671439;0,03785018;
3472,015;0,05558131;0,03671727;
3473,879;0,05436213;0,03549825;
3475,743;0,05386318;0,03499946;
3477,606;0,05420421;0,03534065;
3479,470;0,05445668;0,03559329;
3481,334;0,05359811;0,03473488;
3483,197;0,05243909;0,03357601;
3485,061;0,05225659;0,03339367;
3486,925;0,0523559;0,03349315;
3488,788;0,05162528;0,03276269;
3490,652;0,05061178;0,03174934;
3492,516;0,0499776;0,03111532;
3494,379;0,0501615;0,03129938;
3496,243;0,04999101;0,03112904;
3498,107;0,04921046;0,03034864;
3499,970;0,04937165;0,03050999;
3501,834;0,04938155;0,03052005;
3503,698;0,04861448;0,02975314;
3505,561;0,0476501;0,02878891;
3507,425;0,04726874;0,02840771;
3509,289;0,04717628;0,0283154;
3511,152;0,04655254;0,02769181;
3513,016;0,04579494;0,02693437;
3514,880;0,04568828;0,02682786;
3516,743;0,04580054;0,02694027;
3518,607;0,04571716;0,02685704;
3520,471;0,04576753;0,02690756;
3522,334;0,04534793;0,02648812;
3524,198;0,04500421;0,02614455;
3526,062;0,04548118;0,02662167;
3527,925;0,04497056;0,02611119;
3529,789;0,04469449;0,02583528;
3531,653;0,04420681;0,02534774;
3533,516;0,04391701;0,02505809;
3535,380;0,04417196;0,0253132;
3537,244;0,04345107;0,02459245;
3539,107;0,04210081;0,02324234;
3540,971;0,04158233;0,02272401;
3542,835;0,04217211;0,02331393;
3544,698;0,04268498;0,02382695;
3546,562;0,04178659;0,02292871;
3548,426;0,04119951;0,02234178;
3550,289;0,04112353;0,02226593;
3552,153;0,04081413;0,02195668;
3554,017;0,04046762;0,02161032;
3555,880;0,04014873;0,02129157;
3557,744;0,03941606;0,02055904;
3559,608;0,03898989;0,02013301;
3561,471;0,03877253;0,01991581;
3563,335;0,0391239;0,02026732;
3565,199;0,03915475;0,0202983;
3567,062;0,03810583;0,01924952;
3568,926;0,0375552;0,01869905;
3570,790;0,03725075;0,01839473;
3572,653;0,03701647;0,0181606;
3574,517;0,03653692;0,01768119;
3576,381;0,03632166;0,01746606;
3578,244;0,0367101;0,01785464;
3580,108;0,03615497;0,01729966;
3581,972;0,03558223;0,01672705;
3583,835;0,03587703;0,01702199;
3585,699;0,03537328;0,01651838;
3587,563;0,03460435;0,01574958;
3589,426;0,03446372;0,0156091;
3591,290;0,03417803;0,01532355;
3593,154;0,03367868;0,01482433;
3595,017;0,03370287;0,01484865;
3596,881;0,0340601;0,01520602;
3598,745;0,03389837;0,01504442;
3600,608;0,03322861;0,0143748;
3602,472;0,03261507;0,0137614;
3604,336;0,03240083;0,01354729;
3606,199;0,03226927;0,01341586;
3608,063;0,03197223;0,01311896;
3609,927;0,03183778;0,01298465;
3611,790;0,03137178;0,01251878;
3613,654;0,03054628;0,01169341;
3615,518;0,03093783;0,0120851;
3617,381;0,03171732;0,01286471;
3619,245;0,0306053;0,01175283;
3621,109;0,0287456;0,009893259;
3622,972;0,02866862;0,00981641;
3624,836;0,02918852;0,01033645;
3626,700;0,0299237;0,01107175;
3628,563;0,02849182;0,00964;
3630,427;0,02741202;0,008560333;
3632,291;0,02827087;0,009419317;
3634,154;0,02800066;0,009149233;
3636,018;0,0275478;0,008696505;
3637,882;0,02688298;0,008031815;
3639,745;0,02632368;0,007472635;
3641,609;0,02603779;0,007186878;
3643,473;0,02664465;0,007793864;
3645,336;0,02805015;0,009199497;
3647,200;0,02823916;0,009388632;
3649,064;0,02680308;0,007952672;
3650,927;0,02526528;0,006414999;
3652,791;0,02580627;0,006956119;
3654,655;0,02651526;0,007665239;
3656,518;0,02553652;0,006686616;
3658,382;0,0248557;0,006005921;
3660,246;0,02491268;0,006063028;
3662,109;0,02516509;0,006315564;
3663,973;0,02504592;0,006196523;
3665,837;0,02551433;0,006665052;
3667,700;0,02621538;0,007366228;
3669,564;0,02483557;0,005986539;
3671,428;0,02440979;0,005560883;
3673,291;0,02608318;0,007234394;
3675,155;0,02594644;0,007097775;
3677,019;0,02487363;0,00602509;
3678,882;0,02486912;0,006020696;
3680,746;0,02470607;0,00585777;
3682,610;0,02475915;0,005910975;
3684,473;0,02498544;0,006137384;
3686,337;0,02563741;0,006789473;
3688,201;0,02569334;0,006845529;
3690,064;0,02498434;0,006136644;
3691,928;0,02384938;0,005001806;
3693,792;0,02372905;0,00488159;
3695,655;0,02426166;0,005414322;
3697,519;0,02510778;0,006260565;
3699,383;0,02558832;0,00674122;
3701,246;0,02494559;0,006098609;
3703,110;0,02423035;0,005383484;
3704,974;0,02457067;0,005723921;
3706,837;0,02540706;0,006560427;
3708,701;0,02555161;0,006705095;
3710,565;0,0252733;0,006426898;
3712,428;0,02491383;0,006067551;
3714,292;0,02503188;0,006185719;
3716,156;0,02554234;0,006696291;
3718,019;0,02535742;0,006511489;
3719,883;0,02516829;0,006322471;
3721,747;0,02465846;0,005812755;
3723,610;0,02469165;0,005846058;
3725,474;0,02503377;0,006188297;
3727,338;0,02473144;0,005886083;
3729,202;0,0256978;0,006852554;
3731,065;0,02657965;0,007734519;
3732,929;0,02686646;0,008021441;
3734,793;0,02719148;0,008346568;
3736,656;0,02573531;0,006890513;
3738,520;0,02472502;0,005880335;
3740,384;0,02582798;0,006983412;
3742,247;0,027282;0,008437545;
3744,111;0,02571307;0,006868726;
3745,975;0,02436562;0,005521381;
3747,838;0,02618889;0,007344765;
3749,702;0,02627002;0,007426009;
3751,566;0,02398901;0,005145101;
3753,429;0,02310661;0,004262812;
3755,293;0,02457807;0,005734383;
3757,157;0,02560975;0,006766172;
3759,020;0,02500567;0,006162203;
3760,884;0,02475782;0,00591446;
3762,748;0,02511105;0,006267806;
3764,611;0,02517493;0,006331794;
3766,475;0,02533187;0,006488833;
3768,339;0,02521148;0,006368557;
3770,202;0,02503967;0,006196856;
3772,066;0,02454519;0,005702482;
3773,930;0,02440172;0,005559115;
3775,793;0,0250631;0,006220605;
3777,657;0,02539033;0,006547944;
3779,521;0,02545322;0,006610941;
3781,384;0,02530941;0,00646723;
3783,248;0,02473427;0,005892195;
3785,112;0,02415228;0,005310313;
3786,975;0,02481658;0,005974724;
3788,839;0,02529535;0,006453599;
3790,703;0,02476823;0,005926576;
3792,566;0,02517;0,006328457;
3794,430;0,02639137;0,007549932;
3796,294;0,02570077;0,006859435;
3798,157;0,0249703;0,006129071;
3800,021;0,02455642;0,005715287;
3801,885;0,02297686;0,004135835;
3803,748;0,02408168;0,005240754;
3805,612;0,02617322;0,007332401;
3807,476;0,02657855;0,007737831;
3809,339;0,02563085;0,006790232;
3811,203;0,02538113;0,006540612;
3813,067;0,02605027;0,007209857;
3814,930;0,02538434;0,006544026;
3816,794;0,02418577;0,005345565;
3818,658;0,02681932;0,007979213;
3820,521;0,02747506;0,00863505;
3822,385;0,02643911;0,007599201;
3824,249;0,02838529;0,009545478;
3826,112;0,02777091;0,008931208;
3827,976;0,02543269;0,006593085;
3829,840;0,02445213;0,00561262;
3831,703;0,02474509;0,00590568;
3833,567;0,02591215;0,007072845;
3835,431;0,02625222;0,007413004;
3837,294;0,02745598;0,008616867;
3839,158;0,0280127;0,009173685;
3841,022;0,02683104;0,007992123;
3842,885;0,02571332;0,006874502;
3844,749;0,02523979;0,006401072;
3846,613;0,02591243;0,007073809;
3848,476;0,02671155;0,007873027;
3850,340;0,02701398;0,008175553;
3852,204;0,02670814;0,007869809;
3854,067;0,02637668;0,007538449;
3855,931;0,02630939;0,007471248;
3857,795;0,0262751;0,007437053;
3859,658;0,02665955;0,007821604;
3861,522;0,0269813;0,00814345;
3863,386;0,02642164;0,007583885;
3865,249;0,02496594;0,006128279;
3867,113;0,02555737;0,006719802;
3868,977;0,02831221;0,009474734;
3870,840;0,02871005;0,009872671;
3872,704;0,02639238;0,007555099;
3874,568;0,02471437;0,005877182;
3876,431;0,02505407;0,006216971;
3878,295;0,02639883;0,007561828;
3880,159;0,02630052;0,007463614;
3882,022;0,02623518;0,007398363;
3883,886;0,02609741;0,007260683;
3885,750;0,02597781;0,007141178;
3887,613;0,02746536;0,008628821;
3889,477;0,02668806;0,007851611;
3891,341;0,0248328;0,005996448;
3893,204;0,02579917;0,006962909;
3895,068;0,02676217;0,007925999;
3896,932;0,02637134;0,007535261;
3898,795;0,02623096;0,007394969;
3900,659;0,02703384;0,008197942;
3902,523;0,02691137;0,008075565;
3904,386;0,02568827;0,006852551;
3906,250;0,02551033;0,006674703;
3908,114;0,02633565;0,007500108;
3909,977;0,02667905;0,007843603;
3911,841;0,0261633;0,007327943;
3913,705;0,02593937;0,007104096;
3915,568;0,02597341;0,007138229;
3917,432;0,02541033;0,006575237;
3919,296;0,02625559;0,007420587;
3921,159;0,02622411;0,007389191;
3923,023;0,02586597;0,007031139;
3924,887;0,02609718;0,007262443;
3926,750;0,02587779;0,007043137;
3928,614;0,02605235;0,007217784;
3930,478;0,02688562;0,008051149;
3932,341;0,02651804;0,007683647;
3934,205;0,02566908;0,006834778;
3936,069;0,02542685;0,006592632;
3937,932;0,02572839;0,006894264;
3939,796;0,0264394;0,007605358;
3941,660;0,02636999;0,007536032;
3943,523;0,02604848;0,007214614;
3945,387;0,02599301;0,007159222;
3947,251;0,0260444;0,007210706;
3949,114;0,02619529;0,007361674;
3950,978;0,02619389;0,007360367;
3952,842;0,02622674;0,007393294;
3954,705;0,02618209;0,007348732;
3956,569;0,02602473;0,007191461;
3958,433;0,0261636;0,007330407;
3960,296;0,02627759;0,007444483;
3962,160;0,02624113;0,007408107;
3964,024;0,02603111;0,007198176;
3965,887;0,02600764;0,007174786;
3967,751;0,02625497;0,0074222;
3969,615;0,02634747;0,007514784;
3971,478;0,02620334;0,007370732;
3973,342;0,02592053;0,007088013;
3975,206;0,0260206;0,007188166;
3977,069;0,02621789;0,007385529;
3978,933;0,02602713;0,007194855;
3980,797;0,02586713;0,007034943;
3982,660;0,02616105;0,007328945;
3984,524;0,02612607;0,00729404;
3986,388;0,02604511;0,007213168;
3988,251;0,0261848;0,007352935;
3990,115;0,02631928;0,007487491;
3991,979;0,02597113;0,007139427;
3993,842;0,0257807;0,006949081;
3995,706;0,02601413;0,007182592;
3997,570;0,026348;0,007516536;
