;Jun02_TPC_1-0-0_LMW_salt;Jun02_TPC_1-0-0_LMW_salt (baseline corrected);
Wavelength [nm];Absorbance;absorbance;
650,420;0,05365097;0,01269519;
652,284;0,05493149;0,01415188;
654,148;0,05545989;0,01485494;
656,011;0,0552029;0,01477112;
657,875;0,0541881;0,01392802;
659,739;0,05284478;0,01275495;
661,602;0,05204122;0,01212021;
663,466;0,05229386;0,01254025;
665,330;0,05285492;0,0132673;
667,193;0,05377101;0,01434799;
669,057;0,05462801;0,01536821;
670,921;0,05245267;0,01335474;
672,784;0,04868883;0,00975143;
674,648;0,04488031;0,006102104;
676,512;0,04205918;0,003438852;
678,375;0,03992409;0,00146035;
680,239;0,03842748;0,0001190359;
682,103;0,03732595;-0,0008284633;
683,966;0,03649121;-0,001510434;
685,830;0,03592491;-0,001925207;
687,694;0,03567017;-0,002029657;
689,557;0,03543253;-0,002118211;
691,421;0,03515154;-0,00225133;
693,285;0,03500788;-0,002248309;
695,149;0,0349376;-0,002173085;
697,012;0,03498268;-0,001983661;
698,876;0,0349164;-0,001906755;
700,740;0,0346901;-0,001991004;
702,603;0,03458066;-0,001959529;
704,467;0,03451529;-0,001885102;
706,331;0,03451599;-0,001745708;
708,194;0,0345244;-0,001599694;
710,058;0,03454995;-0,001437626;
711,922;0,03473472;-0,001117404;
713,785;0,03526911;-0,0004486287;
715,649;0,0353994;-0,0001849977;
717,513;0,03462813;-0,0008239617;
719,376;0,03420404;-0,001116778;
721,240;0,03430522;-0,0008853324;
723,104;0,03431279;-0,0007485083;
724,967;0,03428679;-0,0006462529;
726,831;0,03431053;-0,0004952403;
728,695;0,03425838;-0,0004210904;
730,558;0,03429237;-0,00026177;
732,422;0,03433032;-9,944088E-5;
734,286;0,03431027;3,933219E-6;
736,149;0,03433271;0,0001488749;
738,013;0,03436308;0,0003008098;
739,877;0,03438221;0,0004405951;
741,740;0,0342275;0,000405621;
743,604;0,0340926;0,0003895652;
745,468;0,03411803;0,000532945;
747,331;0,03422225;0,0007542429;
749,195;0,03413087;0,0007790609;
751,059;0,03413816;0,0009016841;
752,922;0,03421696;0,001094967;
754,786;0,03418329;0,001174922;
756,650;0,03410259;0,001207018;
758,513;0,03404376;0,001260159;
760,377;0,0340743;0,001401837;
762,241;0,03404456;0,001482425;
764,104;0,03397335;0,001520737;
765,968;0,0339869;0,001643004;
767,832;0,03403007;0,001794107;
769,695;0,03402686;0,001898042;
771,559;0,03401579;0,001993346;
773,423;0,03412757;0,002210737;
775,286;0,03425992;0,002447933;
777,150;0,03429977;0,00259187;
779,014;0,03428766;0,002683106;
780,877;0,03434;0,002838052;
782,741;0,03442242;0,003022343;
784,605;0,0343913;0,003092372;
786,468;0,0343313;0,003132808;
788,332;0,03444099;0,003342213;
790,196;0,03455459;0,003554829;
792,059;0,03468686;0,003785412;
793,923;0,03489597;0,004092152;
795,787;0,03502577;0,004318885;
797,650;0,03524673;0,00463611;
799,514;0,0354516;0,004936566;
801,378;0,03568854;0,00526843;
803,241;0,03601009;0,005684246;
805,105;0,0366219;0,006389662;
806,969;0,03775483;0,00761555;
808,832;0,03980609;0,009759138;
810,696;0,04178438;0,01182911;
812,560;0,04268345;0,01281923;
814,423;0,04539106;0,01561727;
816,287;0,05195332;0,02226934;
818,151;0,06475139;0,0351566;
820,014;0,09009517;0,06058897;
821,878;0,1323764;0,1029582;
823,742;0,1667128;0,137382;
825,605;0,1465237;0,1172797;
827,469;0,09206378;0,06290598;
829,333;0,05456484;0,02549267;
831,196;0,04055605;0,01156894;
833,060;0,03631984;0,007417213;
834,924;0,03416351;0,005344812;
836,787;0,03272659;0,003991255;
838,651;0,03189424;0,003241711;
840,515;0,0314666;0,002896323;
842,378;0,03100391;0,002515345;
844,242;0,0306685;0,002261109;
846,106;0,03041871;0,002091953;
847,969;0,03026751;0,002020862;
849,833;0,03017405;0,002006977;
851,697;0,03014108;0,002053062;
853,560;0,03005227;0,002042792;
855,424;0,03000774;0,002076285;
857,288;0,02995047;0,002096533;
859,151;0,02995841;0,00218149;
861,015;0,02999565;0,002295249;
862,879;0,03006523;0,002440844;
864,742;0,03007836;0,002529498;
866,606;0,0301045;0,002630682;
868,470;0,0301504;0,002751143;
870,333;0,03019257;0,002867389;
872,197;0,03013908;0,002887514;
874,061;0,03017978;0,003001343;
875,924;0,03028989;0,003184121;
877,788;0,0303124;0,003278846;
879,652;0,03028843;0,003326615;
881,515;0,03031324;0,003422722;
883,379;0,03039296;0,003573291;
885,243;0,03055837;0,003809097;
887,106;0,03064293;0,00396361;
888,970;0,03069031;0,004080505;
890,834;0,03078492;0,004244184;
892,697;0,03097972;0,004507638;
894,561;0,03119057;0,004786702;
896,425;0,03132345;0,004987372;
898,288;0,03145841;0,005189708;
900,152;0,03161442;0,005412669;
902,016;0,03182304;0,005687826;
903,879;0,03202038;0,005951294;
905,743;0,03221482;0,006211448;
907,607;0,03244958;0,006511524;
909,470;0,03254961;0,006676469;
911,334;0,03267045;0,006861826;
913,198;0,03274475;0,007000247;
915,061;0,03287114;0,007190366;
916,925;0,03311772;0,007500282;
918,789;0,03331784;0,007763356;
920,652;0,033428;0,007936093;
922,516;0,03361689;0,008187176;
924,380;0,03384156;0,008473672;
926,243;0,03418008;0,008873635;
928,107;0,03440568;0,009160312;
929,971;0,03459486;0,009410202;
931,834;0,03485893;0,009734621;
933,698;0,0351184;0,01005408;
935,562;0,03533101;0,01032632;
937,425;0,0356063;0,01066088;
939,289;0,03584661;0,0109601;
941,153;0,03605465;0,01122672;
943,016;0,03625331;0,0114836;
944,880;0,03650469;0,01179285;
946,744;0,03672815;0,01207386;
948,607;0,03702803;0,01243093;
950,471;0,03736295;0,01282272;
952,335;0,03768546;0,01320175;
954,198;0,0379138;0,0134863;
956,062;0,03807197;0,01370034;
957,926;0,03836062;0,01404452;
959,789;0,03876506;0,01450418;
961,653;0,03916912;0,01496314;
963,517;0,03953284;0,01538145;
965,380;0,03986791;0,01577079;
967,244;0,0403191;0,01627593;
969,108;0,04077933;0,0167898;
970,972;0,04126178;0,01732558;
972,835;0,0417498;0,01786663;
974,699;0,04219804;0,0183676;
976,563;0,04267953;0,01890151;
978,426;0,04329327;0,01956736;
980,290;0,04390783;0,02023375;
982,154;0,04454345;0,0209209;
984,017;0,04506487;0,02149356;
985,881;0,04562765;0,02210728;
987,745;0,04625088;0,02278118;
989,608;0,04688989;0,02347056;
991,472;0,04747636;0,02410712;
993,336;0,04797221;0,02465278;
995,199;0,04845948;0,02518958;
997,063;0,04906242;0,02584177;
998,927;0,0496799;0,02650822;
1000,790;0,05022244;0,02709946;
1002,654;0,05068504;0,02761049;
1004,518;0,05111081;0,02808443;
1006,381;0,05130043;0,02832194;
1008,245;0,05137302;0,02844216;
1010,109;0,05145816;0,02857466;
1011,972;0,05164814;0,02881176;
1013,836;0,05187453;0,02908498;
1015,700;0,05215418;0,02941122;
1017,563;0,05246802;0,02977139;
1019,427;0,05298022;0,03032967;
1021,291;0,05367957;0,03107484;
1023,154;0,0543505;0,03179135;
1025,018;0,05496077;0,03244695;
1026,882;0,05561527;0,03314652;
1028,745;0,05627836;0,03385445;
1030,609;0,05702041;0,03464109;
1032,473;0,05790061;0,03556565;
1034,336;0,05881965;0,0365288;
1036,200;0,0597546;0,03750763;
1038,064;0,06079838;0,03859504;
1039,927;0,06190659;0,03974665;
1041,791;0,06316637;0,04104961;
1043,655;0,06449196;0,04241814;
1045,518;0,06607718;0,04404606;
1047,382;0,06807887;0,04609024;
1049,246;0,0701757;0,04822932;
1051,109;0,07075953;0,04885519;
1052,973;0,07095482;0,04909229;
1054,837;0,07231994;0,05049899;
1056,700;0,07406404;0,05228446;
1058,564;0,07583841;0,05409998;
1060,428;0,07774969;0,05605219;
1062,291;0,07973846;0,05808168;
1064,155;0,08191865;0,06030237;
1066,019;0,08421583;0,06263984;
1067,882;0,08651123;0,06497532;
1069,746;0,08880794;0,0673119;
1071,610;0,09123552;0,06977914;
1073,473;0,09379554;0,07237862;
1075,337;0,09640432;0,07502665;
1077,201;0,09898127;0,07764265;
1079,064;0,1016662;0,08036643;
1080,928;0,1042661;0,08300497;
1082,792;0,1064327;0,08520998;
1084,655;0,1079167;0,08673228;
1086,519;0,1089736;0,08782717;
1088,383;0,1096307;0,0885222;
1090,246;0,1100659;0,08899506;
1092,110;0,1105518;0,0895184;
1093,974;0,1110868;0,09009064;
1095,837;0,1116011;0,09064209;
1097,701;0,1120199;0,0910978;
1099,565;0,1122618;0,09137636;
1101,428;0,11238;0,0915311;
1103,292;0,1124011;0,09158857;
1105,156;0,1124317;0,09165533;
1107,019;0,112499;0,09175861;
1108,883;0,1126263;0,09192163;
1110,747;0,1127641;0,09209507;
1112,610;0,1128837;0,09225008;
1114,474;0,1129289;0,09233062;
1116,338;0,1130662;0,09250298;
1118,201;0,1133084;0,09278009;
1120,065;0,1136194;0,09312579;
1121,929;0,1138735;0,09341445;
1123,792;0,1140133;0,09358864;
1125,656;0,1139904;0,09360001;
1127,520;0,1138064;0,09344999;
1129,383;0,1133976;0,09307505;
1131,247;0,1128002;0,09251139;
1133,111;0,1121129;0,09185769;
1134,974;0,1114273;0,09120546;
1136,838;0,1108022;0,09061357;
1138,702;0,1104389;0,09028324;
1140,565;0,1102619;0,09013914;
1142,429;0,110278;0,09018798;
1144,293;0,1105139;0,09045646;
1146,156;0,1110069;0,09098184;
1148,020;0,1113316;0,09133888;
1149,884;0,1114191;0,09145843;
1151,747;0,1111295;0,09120076;
1153,611;0,1102642;0,09036721;
1155,475;0,1089353;0,08907001;
1157,338;0,107469;0,08763518;
1159,202;0,106016;0,08621352;
1161,066;0,1046834;0,0849121;
1162,929;0,1032733;0,08353303;
1164,793;0,1018484;0,08213895;
1166,657;0,1004927;0,080814;
1168,520;0,09908818;0,07944008;
1170,384;0,09762225;0,07800459;
1172,248;0,09623468;0,07664732;
1174,111;0,09491686;0,07535964;
1175,975;0,09372555;0,07419833;
1177,839;0,09274744;0,07325009;
1179,702;0,09189414;0,07242651;
1181,566;0,0909802;0,07154215;
1183,430;0,09015508;0,07074647;
1185,293;0,08936059;0,06998129;
1187,157;0,08855305;0,06920291;
1189,021;0,08778633;0,06846522;
1190,884;0,08716153;0,06786931;
1192,748;0,08651546;0,067252;
1194,612;0,08580234;0,0665675;
1196,475;0,08506519;0,06585884;
1198,339;0,08433215;0,06515416;
1200,203;0,08354851;0,06439874;
1202,066;0,0826626;0,06354092;
1203,930;0,08159401;0,06250029;
1205,794;0,08032226;0,06125638;
1207,657;0,07891166;0,05987348;
1209,521;0,07740813;0,05839753;
1211,385;0,07583947;0,05685632;
1213,248;0,07448438;0,05552855;
1215,112;0,07335092;0,05442228;
1216,976;0,07251241;0,05361085;
1218,839;0,07194982;0,0530752;
1220,703;0,07152816;0,05268037;
1222,567;0,07126906;0,05244797;
1224,430;0,07126903;0,05247451;
1226,294;0,07129387;0,05252581;
1228,158;0,07129374;0,05255203;
1230,021;0,07145851;0,05274302;
1231,885;0,07184687;0,05315747;
1233,749;0,07234173;0,05367832;
1235,612;0,07289353;0,05425598;
1237,476;0,07348664;0,05487484;
1239,340;0,07421328;0,05562711;
1241,203;0,07507155;0,0565109;
1243,067;0,07605193;0,05751668;
1244,931;0,0770285;0,05851853;
1246,795;0,07802237;0,05953758;
1248,658;0,07910232;0,06064259;
1250,522;0,08030667;0,06187189;
1252,386;0,0815742;0,06316426;
1254,249;0,08289492;0,0645097;
1256,113;0,08423269;0,06587209;
1257,977;0,08567013;0,06733404;
1259,840;0,0871877;0,06887601;
1261,704;0,08877552;0,07048812;
1263,568;0,0903751;0,07211189;
1265,431;0,09207972;0,07384058;
1267,295;0,09378853;0,07557337;
1269,159;0,0956014;0,0774101;
1271,022;0,09752571;0,07935817;
1272,886;0,09949012;0,08134624;
1274,750;0,1013698;0,08324947;
1276,613;0,1033135;0,08521659;
1278,477;0,1053264;0,08725287;
1280,341;0,1075184;0,08946816;
1282,204;0,1096719;0,09164473;
1284,068;0,1118661;0,09386198;
1285,932;0,1141657;0,09618456;
1287,795;0,1166487;0,09869036;
1289,659;0,1191203;0,1011847;
1291,523;0,1215142;0,1036013;
1293,386;0,1239615;0,1060711;
1295,250;0,1266073;0,1087394;
1297,114;0,1292283;0,1113827;
1298,977;0,1317899;0,1139666;
1300,841;0,1344547;0,1166536;
1302,705;0,1372438;0,1194647;
1304,568;0,1400873;0,1223302;
1306,432;0,1429796;0,1252444;
1308,296;0,1459291;0,1282156;
1310,159;0,1489694;0,1312776;
1312,023;0,1521439;0,1344738;
1313,887;0,1555936;0,137945;
1315,750;0,1589343;0,1413071;
1317,614;0,1625783;0,1449724;
1319,478;0,1665994;0,1490148;
1321,341;0,1704019;0,1528384;
1323,205;0,1740884;0,156546;
1325,069;0,178161;0,1606395;
1326,932;0,1823802;0,1648796;
1328,796;0,1864513;0,1689715;
1330,660;0,1904782;0,1730191;
1332,523;0,1947447;0,1773062;
1334,387;0,1985905;0,1811726;
1336,251;0,2023909;0,1849934;
1338,114;0,2072809;0,1899037;
1339,978;0,2133483;0,1959914;
1341,842;0,2183696;0,2010329;
1343,705;0,2224284;0,2051118;
1345,569;0,2270161;0,2097196;
1347,433;0,2318369;0,2145603;
1349,296;0,236873;0,2196163;
1351,160;0,2418524;0,2246155;
1353,024;0,2465876;0,2293703;
1354,887;0,2515045;0,2343068;
1356,751;0,2563732;0,239195;
1358,615;0,2611538;0,2439952;
1360,478;0,2666227;0,2494834;
1362,342;0,2739141;0,2567941;
1364,206;0,2807744;0,2636736;
1366,069;0,2850719;0,2679902;
1367,933;0,289505;0,2724424;
1369,797;0,2937787;0,2767351;
1371,660;0,2954192;0,2783945;
1373,524;0,2935544;0,2765485;
1375,388;0,2869303;0,2699431;
1377,251;0,2750297;0,2580612;
1379,115;0,2607345;0,2437846;
1380,979;0,2466471;0,2297157;
1382,842;0,2332261;0,2163132;
1384,706;0,2205708;0,2036763;
1386,570;0,2081792;0,1913029;
1388,433;0,1970679;0,1802099;
1390,297;0,1879968;0,1711569;
1392,161;0,1797674;0,1629456;
1394,024;0,171953;0,1551492;
1395,888;0,1652051;0,1484193;
1397,752;0,1594357;0,1426677;
1399,615;0,1537164;0,1369662;
1401,479;0,1485083;0,1317758;
1403,343;0,1432454;0,1265305;
1405,206;0,1379108;0,1212135;
1407,070;0,1329167;0,1162369;
1408,934;0,1279227;0,1112604;
1410,797;0,122688;0,1060431;
1412,661;0,1175539;0,1009263;
1414,525;0,1124652;0,09585484;
1416,388;0,107351;0,0907578;
1418,252;0,1016358;0,08505965;
1420,116;0,09584162;0,07928252;
1421,979;0,09107207;0,07452993;
1423,843;0,08583477;0,06930954;
1425,707;0,08084163;0,06433323;
1427,570;0,07731097;0,06081933;
1429,434;0,07681985;0,06034492;
1431,298;0,07877586;0,06231756;
1433,161;0,07662914;0,06018741;
1435,025;0,06982607;0,05340084;
1436,889;0,06142169;0,04501291;
1438,752;0,05587288;0,03948048;
1440,616;0,05143869;0,0350626;
1442,480;0,04642485;0,03006501;
1444,343;0,04137825;0,0250346;
1446,207;0,0363729;0,02004537;
1448,071;0,03105382;0,01474236;
1449,934;0,02646852;0,01017306;
1451,798;0,0229853;0,006705776;
1453,662;0,02050192;0,004238273;
1455,525;0,0186594;0,002411578;
1457,389;0,0170888;0,0008567334;
1459,253;0,01634871;0,0001323338;
1461,116;0,01609641;-0,0001043279;
1462,980;0,01587394;-0,0003112154;
1464,844;0,01563897;-0,0005306703;
1466,707;0,01534544;-0,00080874;
1468,571;0,01508319;-0,001055598;
1470,435;0,01486338;-0,00126006;
1472,298;0,01460511;-0,001503051;
1474,162;0,0142528;-0,00184014;
1476,026;0,01402715;-0,002050624;
1477,889;0,0138992;-0,002163461;
1479,753;0,0136479;-0,002399707;
1481,617;0,01347057;-0,002562044;
1483,480;0,01334553;-0,002672139;
1485,344;0,01316565;-0,002837138;
1487,208;0,01302763;-0,00296033;
1489,071;0,01283014;-0,003143045;
1490,935;0,01250641;-0,003452062;
1492,799;0,01220569;-0,003738117;
1494,662;0,01198837;-0,003940837;
1496,526;0,0118761;-0,004038547;
1498,390;0,01175363;-0,004146522;
1500,253;0,01154192;-0,004343789;
1502,117;0,0112706;-0,00460072;
1503,981;0,01089084;-0,004966141;
1505,844;0,01043682;-0,005405878;
1507,708;0,00996687;-0,0058616;
1509,572;0,009722574;-0,006091718;
1511,435;0,009516918;-0,006283249;
1513,299;0,009322308;-0,006463786;
1515,163;0,008961233;-0,006810839;
1517,026;0,00854963;-0,007208472;
1518,890;0,008223476;-0,007520709;
1520,754;0,007856499;-0,007873819;
1522,618;0,007497732;-0,008218769;
1524,481;0,007304778;-0,008397957;
1526,345;0,007218466;-0,008470554;
1528,209;0,007063734;-0,008611622;
1530,072;0,006927728;-0,008734013;
1531,936;0,00680876;-0,008839415;
1533,800;0,006766822;-0,008867837;
1535,663;0,006711711;-0,008909481;
1537,527;0,006417743;-0,009190031;
1539,391;0,00595722;-0,009637185;
1541,254;0,005523931;-0,01005715;
1543,118;0,005597234;-0,009970577;
1544,982;0,00580287;-0,009751716;
1546,845;0,005950566;-0,009590844;
1548,709;0,005882086;-0,009646194;
1550,573;0,006024202;-0,009490997;
1552,436;0,006073121;-0,009429043;
1554,300;0,005981844;-0,009507332;
1556,164;0,005887549;-0,009588685;
1558,027;0,005479395;-0,009983945;
1559,891;0,005526207;-0,009924284;
1561,755;0,005770117;-0,009667572;
1563,618;0,005803561;-0,00962137;
1565,482;0,005923793;-0,009488427;
1567,346;0,005962821;-0,009436733;
1569,209;0,005994486;-0,009392447;
1571,073;0,006078132;-0,009296225;
1572,937;0,00614435;-0,009217475;
1574,800;0,006170095;-0,009179243;
1576,664;0,006254876;-0,009082019;
1578,528;0,006379537;-0,00894496;
1580,391;0,006483645;-0,008828497;
1582,255;0,006598727;-0,008701103;
1584,119;0,006658848;-0,008628714;
1585,982;0,006821695;-0,008453643;
1587,846;0,006931976;-0,00833118;
1589,710;0,007030533;-0,008220485;
1591,573;0,007150679;-0,008088243;
1593,437;0,007314921;-0,007911947;
1595,301;0,00751493;-0,007699927;
1597,164;0,007656008;-0,007546879;
1599,028;0,00787916;-0,007311799;
1600,892;0,008145416;-0,007033657;
1602,755;0,008381454;-0,006785774;
1604,619;0,008661478;-0,006493948;
1606,483;0,008948898;-0,006194765;
1608,346;0,009388855;-0,005743086;
1610,210;0,009840753;-0,005279507;
1612,074;0,01014775;-0,004960872;
1613,937;0,01046449;-0,004632534;
1615,801;0,01085779;-0,004227672;
1617,665;0,0115523;-0,003521636;
1619,528;0,01164253;-0,003419931;
1621,392;0,01157956;-0,003471456;
1623,256;0,01170408;-0,003335536;
1625,119;0,01179737;-0,003230891;
1626,983;0,01181939;-0,003197542;
1628,847;0,01203757;-0,002968082;
1630,710;0,01210335;-0,002891057;
1632,574;0,01225863;-0,002724568;
1634,438;0,01261653;-0,002355499;
1636,301;0,01312582;-0,001835075;
1638,165;0,01327175;-0,001678059;
1640,029;0,01310335;-0,001835403;
1641,892;0,01269869;-0,00222904;
1643,756;0,01215472;-0,002762032;
1645,620;0,01161303;-0,003292781;
1647,483;0,01112555;-0,003769352;
1649,347;0,01065548;-0,004228558;
1651,211;0,009952864;-0,004920342;
1653,074;0,009250849;-0,005611562;
1654,938;0,009843528;-0,005008124;
1656,802;0,01002057;-0,004820362;
1658,665;0,01006081;-0,004769434;
1660,529;0,01002103;-0,004798562;
1662,393;0,009969031;-0,004839948;
1664,256;0,00991422;-0,004884181;
1666,120;0,009680988;-0,00510687;
1667,984;0,009520097;-0,005257253;
1669,847;0,00953283;-0,005234046;
1671,711;0,009338;-0,005418439;
1673,575;0,009139356;-0,00560668;
1675,438;0,009082179;-0,005653489;
1677,302;0,009022976;-0,005702358;
1679,166;0,008746343;-0,005968692;
1681,029;0,008508324;-0,006196446;
1682,893;0,008172174;-0,006522365;
1684,757;0,007937251;-0,006747091;
1686,620;0,007839636;-0,006834543;
1688,484;0,007714407;-0,006949642;
1690,348;0,007512773;-0,00714118;
1692,211;0,007390047;-0,007253843;
1694,075;0,007138504;-0,007495357;
1695,939;0,006875577;-0,007748287;
1697,802;0,006729355;-0,007884545;
1699,666;0,006368056;-0,008235913;
1701,530;0,006460179;-0,008133893;
1703,393;0,006479289;-0,008104917;
1705,257;0,006426094;-0,008148278;
1707,121;0,006355038;-0,008209533;
1708,984;0,006263524;-0,008291278;
1710,848;0,006240574;-0,00830449;
1712,712;0,006117301;-0,008418057;
1714,575;0,005993367;-0,008532318;
1716,439;0,006024252;-0,008491791;
1718,303;0,006022594;-0,008483837;
1720,166;0,006018972;-0,00847788;
1722,030;0,005986406;-0,008500897;
1723,894;0,006046385;-0,0084314;
1725,757;0,006108274;-0,008360024;
1727,621;0,006187039;-0,008271803;
1729,485;0,00613325;-0,008316166;
1731,348;0,006027855;-0,008412165;
1733,212;0,006076225;-0,00835443;
1735,076;0,006259389;-0,008161932;
1736,939;0,006039193;-0,008372823;
1738,803;0,005905975;-0,008496765;
1740,667;0,006044576;-0,00834892;
1742,530;0,006198095;-0,008186185;
1744,394;0,00625402;-0,008121074;
1746,258;0,006253156;-0,008112781;
1748,121;0,006453183;-0,007903627;
1749,985;0,006819008;-0,007528704;
1751,849;0,007399632;-0,006939011;
1753,712;0,008224029;-0,006105574;
1755,576;0,009579916;-0,004740675;
1757,440;0,01230971;-0,002001903;
1759,303;0,01629442;0,001991768;
1761,167;0,02246128;0,008167557;
1763,031;0,02522038;0,01093555;
1764,894;0,01786616;0,003590195;
1766,758;0,009934963;-0,004332157;
1768,622;0,006475912;-0,007782394;
1770,485;0,005517794;-0,008731727;
1772,349;0,005407865;-0,008832898;
1774,213;0,005620746;-0,008611287;
1776,076;0,005738668;-0,008484661;
1777,940;0,005893008;-0,008321646;
1779,804;0,005913101;-0,008292905;
1781,667;0,005954271;-0,008243114;
1783,531;0,005934494;-0,008254296;
1785,395;0,005859473;-0,00832075;
1787,258;0,005865937;-0,008305746;
1789,122;0,005729891;-0,008433278;
1790,986;0,005630065;-0,008524616;
1792,849;0,005715365;-0,008430856;
1794,713;0,005787097;-0,00835069;
1796,577;0,005829637;-0,008299741;
1798,441;0,005868861;-0,008252135;
1800,304;0,005801526;-0,008311114;
1802,168;0,005811024;-0,008293286;
1804,032;0,005912067;-0,008183938;
1805,895;0,006013102;-0,008074625;
1807,759;0,005945891;-0,008133583;
1809,623;0,005814817;-0,00825643;
1811,486;0,005831401;-0,008231643;
1813,350;0,005752188;-0,008302679;
1815,214;0,005511794;-0,008534922;
1817,077;0,005559477;-0,008479111;
1818,941;0,005611984;-0,008418503;
1820,805;0,005714458;-0,008307952;
1822,668;0,005862329;-0,008152029;
1824,532;0,005734387;-0,008271944;
1826,396;0,005710557;-0,008287771;
1828,259;0,005814093;-0,008176256;
1830,123;0,005788597;-0,008193799;
1831,987;0,005806642;-0,008167824;
1833,850;0,005855883;-0,008110678;
1835,714;0,005908466;-0,008050213;
1837,578;0,005984968;-0,007965853;
1839,441;0,005912372;-0,008030616;
1841,305;0,005693555;-0,008241622;
1843,169;0,005758274;-0,008169117;
1845,032;0,005871358;-0,00804827;
1846,896;0,005811276;-0,008100614;
1848,760;0,005731415;-0,008172759;
1850,623;0,00581743;-0,008079051;
1852,487;0,005877571;-0,008011241;
1854,351;0,005901541;-0,007979624;
1856,214;0,005922313;-0,007951229;
1858,078;0,005873846;-0,007992096;
1859,942;0,005889574;-0,007968791;
1861,805;0,006100652;-0,007750159;
1863,669;0,005926287;-0,007916992;
1865,533;0,005578334;-0,008257435;
1867,396;0,005435005;-0,008393277;
1869,260;0,005704687;-0,00811613;
1871,124;0,005776249;-0,008037126;
1872,987;0,005859601;-0,007946355;
1874,851;0,005923936;-0,007874622;
1876,715;0,005827397;-0,007963784;
1878,578;0,005826953;-0,007956874;
1880,442;0,005914721;-0,007861774;
1882,306;0,005958561;-0,007810624;
1884,169;0,005808077;-0,007953819;
1886,033;0,005747686;-0,008006944;
1887,897;0,005849152;-0,007898232;
1889,760;0,005712747;-0,008027412;
1891,624;0,005541706;-0,00819125;
1893,488;0,005359258;-0,008366517;
1895,351;0,005551416;-0,008167199;
1897,215;0,005773088;-0,007938387;
1899,079;0,005812111;-0,007892247;
1900,942;0,005737591;-0,007959668;
1902,806;0,005557336;-0,008132848;
1904,670;0,005675503;-0,008007625;
1906,533;0,005760341;-0,007915752;
1908,397;0,005566482;-0,008102596;
1910,261;0,005352911;-0,008309173;
1912,124;0,005195236;-0,008459875;
1913,988;0,004970626;-0,008677532;
1915,852;0,004726435;-0,008914789;
1917,715;0,004842285;-0,008792027;
1919,579;0,004794033;-0,008833387;
1921,443;0,004626365;-0,008994182;
1923,306;0,004390553;-0,009223141;
1925,170;0,004474874;-0,009131988;
1927,034;0,004903718;-0,008696331;
1928,897;0,004814385;-0,008778871;
1930,761;0,004557972;-0,009028511;
1932,625;0,004550866;-0,009028863;
1934,488;0,004585706;-0,008987288;
1936,352;0,005001484;-0,008564796;
1938,216;0,00535839;-0,008201194;
1940,079;0,004875143;-0,008677765;
1941,943;0,004277673;-0,009268578;
1943,807;0,004083121;-0,009456491;
1945,670;0,003834461;-0,009698533;
1947,534;0,003952984;-0,009573411;
1949,398;0,004009053;-0,009510761;
1951,261;0,003814476;-0,009698776;
1953,125;0,003436476;-0,01007023;
1954,989;0,003020456;-0,01047973;
1956,852;0,002209062;-0,01128462;
1958,716;0,002088818;-0,01139837;
1960,580;0,003055882;-0,01042484;
1962,443;0,00315542;-0,01031885;
1964,307;0,002929368;-0,01053847;
1966,171;0,002312811;-0,01114861;
1968,034;0,0004962793;-0,01295875;
1969,898;0,0007583415;-0,01269031;
1971,762;0,002123883;-0,01131841;
1973,625;0,00175977;-0,01167618;
1975,489;0,001206408;-0,01222322;
1977,353;0,001561202;-0,01186212;
1979,216;0,001820479;-0,01159656;
1981,080;0,002288343;-0,01112242;
1982,944;0,003723822;-0,009680689;
1984,807;0,003882249;-0,009516027;
1986,671;0,002925056;-0,010467;
1988,535;0,002221313;-0,01116455;
1990,398;0,002226965;-0,01115271;
1992,262;0,002827539;-0,01054597;
1994,126;0,002603115;-0,01076425;
1995,989;0,002376259;-0,01098498;
1997,853;0,002501561;-0,01085356;
1999,717;0,002306988;-0,01104204;
2001,580;0,002372643;-0,0109703;
2003,444;0,00241653;-0,01092035;
2005,308;0,002426924;-0,01090391;
2007,171;0,002233964;-0,01109084;
2009,035;0,002139759;-0,01117904;
2010,899;0,00125573;-0,01205707;
2012,762;0,0003075178;-0,01299931;
2014,626;0,0007094772;-0,01259138;
2016,490;0,001398902;-0,01189601;
2018,353;0,001837049;-0,01145194;
2020,217;0,001351948;-0,01193113;
2022,081;0,0004139578;-0,01286322;
2023,944;0,0009205008;-0,0123508;
2025,808;0,00161307;-0,01165237;
2027,672;0,001622562;-0,01163703;
2029,535;0,002112242;-0,01114151;
2031,399;0,001720964;-0,01152698;
2033,263;0,001639275;-0,01160287;
2035,126;0,00214108;-0,01109528;
2036,990;0,002545378;-0,01068521;
2038,854;0,003187709;-0,01003713;
2040,717;0,003216692;-0,01000241;
2042,581;0,003130991;-0,01008239;
2044,445;0,003461031;-0,009746647;
2046,308;0,003251961;-0,009950027;
2048,172;0,003701674;-0,009494641;
2050,036;0,004796865;-0,008393792;
2051,899;0,004985227;-0,008199787;
2053,763;0,00494443;-0,008234957;
2055,627;0,005702544;-0,007471231;
2057,490;0,006010849;-0,007157329;
2059,354;0,005793279;-0,007369317;
2061,218;0,005763557;-0,007393473;
2063,081;0,005921793;-0,007229686;
2064,945;0,006341698;-0,006804244;
2066,809;0,006583216;-0,006557204;
2068,672;0,006914357;-0,006220557;
2070,536;0,007031586;-0,006097837;
2072,400;0,006666413;-0,006457533;
2074,264;0,006489461;-0,006629022;
2076,127;0,006576466;-0,00653657;
2077,991;0,006569114;-0,00653849;
2079,855;0,006493157;-0,006609029;
2081,718;0,006550236;-0,006546546;
2083,582;0,00678415;-0,006307243;
2085,446;0,006943892;-0,006142126;
2087,309;0,00687019;-0,006210468;
2089,173;0,007101283;-0,005974029;
2091,037;0,006712687;-0,006357294;
2092,900;0,006017637;-0,007047026;
2094,764;0,006212217;-0,006847143;
2096,628;0,006304652;-0,006749419;
2098,491;0,006475159;-0,006573637;
2100,355;0,006741177;-0,006302358;
2102,219;0,006810613;-0,006227675;
2104,082;0,006724087;-0,006308967;
2105,946;0,00627986;-0,006747975;
2107,810;0,006145071;-0,00687756;
2109,673;0,006100514;-0,006916925;
2111,537;0,006337548;-0,006674713;
2113,401;0,006434625;-0,006572472;
2115,264;0,006283704;-0,006718242;
2117,128;0,006126532;-0,006870277;
2118,992;0,005988543;-0,007003143;
2120,855;0,005733601;-0,007252975;
2122,719;0,005505404;-0,007476077;
2124,583;0,005598527;-0,00737787;
2126,446;0,00580023;-0,007171098;
2128,310;0,005064182;-0,007902089;
2130,174;0,004001786;-0,008959442;
2132,037;0,004074713;-0,008881485;
2133,901;0,004137674;-0,008813508;
2135,765;0,003631175;-0,009315004;
2137,628;0,003880267;-0,009060921;
2139,492;0,003690038;-0,009246173;
2141,356;0,002994282;-0,009936965;
2143,219;0,003122015;-0,00980428;
2145,083;0,003307107;-0,00961425;
2146,947;0,002428433;-0,010488;
2148,810;0,002005865;-0,01090565;
2150,674;0,001882351;-0,01102427;
2152,538;0,001705513;-0,01119622;
2154,401;0,0007403493;-0,01215651;
2156,265;-0,0009123585;-0,01380435;
2158,129;-0,001469781;-0,01435693;
2159,992;-0,0003561508;-0,01323846;
2161,856;0,000635254;-0,01224223;
2163,720;0,001328131;-0,01154454;
2165,583;0,001975836;-0,01089204;
2167,447;0,002071996;-0,01079109;
2169,311;0,001234143;-0,01162417;
2171,174;0,001420014;-0,01143353;
2173,038;0,001521488;-0,01132731;
2174,902;0,001433733;-0,01141032;
2176,765;0,001935618;-0,01090371;
2178,629;0,002242118;-0,0105925;
2180,493;0,002055118;-0,0107748;
2182,356;0,002872892;-0,009952335;
2184,220;0,00297864;-0,00984191;
2186,084;0,002626451;-0,01018943;
2187,947;0,002920399;-0,009890831;
2189,811;0,003382402;-0,009424186;
2191,675;0,002930692;-0,009871266;
2193,538;0,002579392;-0,01021795;
2195,402;0,002526254;-0,01026648;
2197,266;0,00318512;-0,009603018;
2199,129;0,003430969;-0,009352586;
2200,993;0,003556351;-0,009222633;
2202,857;0,003968424;-0,008806;
2204,720;0,003761703;-0,009008172;
2206,584;0,003299193;-0,009466145;
2208,448;0,003681272;-0,009079541;
2210,311;0,004052484;-0,008703816;
2212,175;0,004357732;-0,008394065;
2214,039;0,004129951;-0,008617355;
2215,902;0,004638343;-0,008104483;
2217,766;0,005060161;-0,007678196;
2219,630;0,004581504;-0,008152396;
2221,493;0,00425193;-0,008477524;
2223,357;0,004187244;-0,008537775;
2225,221;0,003895807;-0,008824789;
2227,084;0,00455147;-0,008164713;
2228,948;0,005190488;-0,007521293;
2230,812;0,005354211;-0,007353179;
2232,675;0,005220413;-0,007482598;
2234,539;0,005525195;-0,007173447;
2236,403;0,005903969;-0,006790316;
2238,266;0,005668738;-0,0070212;
2240,130;0,005616278;-0,007069324;
2241,994;0,006303517;-0,006377759;
2243,857;0,006575518;-0,006101445;
2245,721;0,00615776;-0,006514899;
2247,585;0,00596318;-0,006705186;
2249,448;0,006232134;-0,00643195;
2251,312;0,006706574;-0,005953238;
2253,176;0,006732008;-0,005923543;
2255,039;0,006638201;-0,006013099;
2256,903;0,006675412;-0,005971649;
2258,767;0,006400362;-0,006242469;
2260,630;0,006408275;-0,006230337;
2262,494;0,006823678;-0,005810725;
2264,358;0,006968961;-0,005661244;
2266,221;0,007213552;-0,005412465;
2268,085;0,007736882;-0,004884958;
2269,949;0,007928722;-0,00468895;
2271,812;0,007982388;-0,004631127;
2273,676;0,008069984;-0,004539385;
2275,540;0,008094591;-0,004510641;
2277,403;0,008525384;-0,004075721;
2279,267;0,008804764;-0,003792225;
2281,131;0,008689304;-0,003903579;
2282,994;0,008675975;-0,003912812;
2284,858;0,009081078;-0,003503622;
2286,722;0,00939531;-0,003185314;
2288,585;0,009381852;-0,003194706;
2290,449;0,009382136;-0,003190366;
2292,313;0,009439104;-0,003129351;
2294,176;0,009456384;-0,003108035;
2296,040;0,00953383;-0,003026562;
2297,904;0,009437846;-0,003118529;
2299,767;0,009450575;-0,003101793;
2301,631;0,009539825;-0,003008546;
2303,495;0,009588663;-0,00295572;
2305,358;0,009432179;-0,003108226;
2307,222;0,009310984;-0,003225452;
2309,086;0,009439026;-0,003093452;
2310,949;0,009521995;-0,003006533;
2312,813;0,009656584;-0,002868004;
2314,677;0,009949496;-0,002571162;
2316,540;0,01011293;-0,002403804;
2318,404;0,01012395;-0,002388877;
2320,268;0,01021538;-0,002293546;
2322,131;0,01046488;-0,00204015;
2323,995;0,01057906;-0,001922091;
2325,859;0,01030984;-0,002187438;
2327,722;0,009726746;-0,002766664;
2329,586;0,009315308;-0,003174247;
2331,450;0,00944552;-0,003040189;
2333,313;0,009735016;-0,002746856;
2335,177;0,009656678;-0,002821366;
2337,041;0,009516686;-0,00295754;
2338,904;0,009503525;-0,002966892;
2340,768;0,009532879;-0,002933738;
2342,632;0,009587384;-0,002875442;
2344,495;0,009624554;-0,00283449;
2346,359;0,009691668;-0,002763603;
2348,223;0,009798825;-0,002652681;
2350,087;0,009848484;-0,002599267;
2351,950;0,009655059;-0,002788946;
2353,814;0,009495846;-0,002944422;
2355,678;0,009638257;-0,002798282;
2357,541;0,009630288;-0,002802531;
2359,405;0,009443578;-0,00298553;
2361,269;0,009334983;-0,003090424;
2363,132;0,009401581;-0,003020132;
2364,996;0,009611239;-0,00280679;
2366,860;0,009780315;-0,002634038;
2368,723;0,01002653;-0,002384153;
2370,587;0,01034801;-0,002059012;
2372,451;0,01069156;-0,001711819;
2374,314;0,01114814;-0,001251596;
2376,178;0,01177057;-0,0006255286;
2378,042;0,01238369;-8,789053E-6;
2379,905;0,01291193;0,0005230677;
2381,769;0,01378418;0,001398923;
2383,633;0,01501251;0,002630857;
2385,496;0,01601535;0,003637286;
2387,360;0,01717371;0,004799228;
2389,224;0,01837414;0,006003234;
2391,087;0,01918455;0,006817203;
2392,951;0,01994817;0,007584377;
2394,815;0,02052409;0,008163846;
2396,678;0,01988092;0,007524223;
2398,542;0,01845926;0,006106097;
2400,406;0,01699323;0,004643588;
2402,269;0,01564877;0,003302644;
2404,133;0,01468796;0,00234534;
2405,997;0,01402643;0,001687307;
2407,860;0,01347555;0,001139922;
2409,724;0,01321832;0,0008861748;
2411,588;0,01313591;0,0008072418;
2413,451;0,01303091;0,0007057091;
2415,315;0,01300882;0,0006870747;
2417,179;0,01316026;0,0008419683;
2419,042;0,01302234;0,0007074879;
2420,906;0,01271654;0,0004051261;
2422,770;0,01265381;0,0003458209;
2424,633;0,01247007;0,0001654984;
2426,497;0,01223075;-7,040959E-5;
2428,361;0,01240896;0,0001112077;
2430,224;0,01216431;-0,0001300551;
2432,088;0,01155999;-0,0007309818;
2433,952;0,01134991;-0,0009376829;
2435,815;0,01135835;-0,0009258737;
2437,679;0,01112776;-0,001153091;
2439,543;0,01078991;-0,001487585;
2441,406;0,01080048;-0,001473671;
2443,270;0,01088139;-0,001389417;
2445,134;0,01052178;-0,001745696;
2446,997;0,01043514;-0,001829004;
2448,861;0,01065117;-0,001609662;
2450,725;0,01062036;-0,001637158;
2452,588;0,01063673;-0,001617485;
2454,452;0,01062296;-0,001627962;
2456,316;0,01043506;-0,001812566;
2458,179;0,01035347;-0,001890875;
2460,043;0,01035455;-0,001886527;
2461,907;0,01051796;-0,001719847;
2463,770;0,01047899;-0,001755563;
2465,634;0,01055711;-0,00167419;
2467,498;0,01046858;-0,001759476;
2469,361;0,01022548;-0,001999338;
2471,225;0,01056486;-0,001656733;
2473,089;0,01076873;-0,001449641;
2474,952;0,01060777;-0,001607385;
2476,816;0,01072602;-0,001485922;
2478,680;0,01070236;-0,001506383;
2480,543;0,01037841;-0,001827138;
2482,407;0,01031531;-0,001887057;
2484,271;0,01024282;-0,001956362;
2486,134;0,0102087;-0,001987318;
2487,998;0,01017877;-0,002014082;
2489,862;0,0103324;-0,00185729;
2491,725;0,01032646;-0,001860081;
2493,589;0,01029507;-0,001888327;
2495,453;0,01017069;-0,002009571;
2497,316;0,009805735;-0,002371399;
2499,180;0,009318559;-0,002855452;
2501,044;0,009298569;-0,002872328;
2502,907;0,009335613;-0,002832176;
2504,771;0,009092687;-0,003072;
2506,635;0,008987576;-0,003174017;
2508,498;0,008957564;-0,003200941;
2510,362;0,008966958;-0,003188467;
2512,226;0,009168757;-0,002983594;
2514,089;0,009132999;-0,003016284;
2515,953;0,008890295;-0,003255929;
2517,817;0,008652252;-0,003490918;
2519,680;0,008661091;-0,003479033;
2521,544;0,009144981;-0,002992103;
2523,408;0,009590596;-0,002543455;
2525,271;0,009624097;-0,002506927;
2527,135;0,009245376;-0,002882629;
2528,999;0,00905861;-0,003066382;
2530,862;0,009169342;-0,002952644;
2532,726;0,009285596;-0,00283339;
2534,590;0,009303858;-0,002812135;
2536,453;0,00919005;-0,002922957;
2538,317;0,009084368;-0,003025659;
2540,181;0,008922221;-0,003184832;
2542,044;0,008885432;-0,003218654;
2543,908;0,009196878;-0,002904248;
2545,772;0,009397338;-0,002700834;
2547,635;0,009205718;-0,002889507;
2549,499;0,009198244;-0,00289404;
2551,363;0,009422346;-0,002667004;
2553,226;0,009258057;-0,002828365;
2555,090;0,0089377;-0,0031458;
2556,954;0,009020768;-0,003059817;
2558,817;0,009270135;-0,002807541;
2560,681;0,009317004;-0,002757769;
2562,545;0,009359246;-0,002712631;
2564,408;0,009508199;-0,002560788;
2566,272;0,00939586;-0,002670244;
2568,136;0,009363952;-0,002699274;
2569,999;0,009584573;-0,002475782;
2571,863;0,009668143;-0,002389348;
2573,727;0,009619509;-0,002435123;
2575,590;0,009853021;-0,002198759;
2577,454;0,009940038;-0,002108896;
2579,318;0,00981621;-0,002229884;
2581,181;0,009700099;-0,002343161;
2583,045;0,009775252;-0,00226518;
2584,909;0,009855583;-0,002182027;
2586,772;0,009828539;-0,002206256;
2588,636;0,009716563;-0,002315422;
2590,500;0,0098327;-0,002196482;
2592,363;0,01009408;-0,001932308;
2594,227;0,0101631;-0,001860493;
2596,091;0,01037224;-0,001648563;
2597,954;0,01050195;-0,001516081;
2599,818;0,01055339;-0,001461869;
2601,682;0,01034264;-0,001669851;
2603,545;0,01016156;-0,001848167;
2605,409;0,0103134;-0,001693576;
2607,273;0,01039304;-0,001611177;
2609,136;0,01014314;-0,001858336;
2611,000;0,01020108;-0,001797658;
2612,864;0,01041028;-0,001585728;
2614,727;0,01054898;-0,001444306;
2616,591;0,01058127;-0,001409295;
2618,455;0,01068994;-0,00129791;
2620,318;0,01081092;-0,001174222;
2622,182;0,01082505;-0,001157389;
2624,046;0,01084722;-0,001132517;
2625,910;0,01094948;-0,001027567;
2627,773;0,01106482;-0,0009095419;
2629,637;0,01117251;-0,0007991669;
2631,501;0,01103262;-0,000936388;
2633,364;0,01107999;-0,0008863475;
2635,228;0,01122914;-0,0007345304;
2637,092;0,01119069;-0,0007703266;
2638,955;0,01135794;-0,0006004231;
2640,819;0,0116328;-0,0003229198;
2642,683;0,01153413;-0,0004189479;
2644,546;0,01140143;-0,0005490141;
2646,410;0,01146051;-0,0004872999;
2648,274;0,01148218;-0,0004630124;
2650,137;0,01157788;-0,0003646891;
2652,001;0,01163237;-0,0003075914;
2653,865;0,01161139;-0,000325966;
2655,728;0,01161991;-0,0003148427;
2657,592;0,01165013;-0,0002820198;
2659,456;0,01150455;-0,0004250172;
2661,319;0,0114178;-0,0005091778;
2663,183;0,01148821;-0,0004361857;
2665,047;0,01138538;-0,0005364475;
2666,910;0,01122138;-0,0006978753;
2668,774;0,0111645;-0,0007521927;
2670,638;0,01113385;-0,0007802825;
2672,501;0,01107981;-0,0008317685;
2674,365;0,01116441;-0,0007446253;
2676,229;0,01125588;-0,0006506098;
2678,092;0,01142259;-0,0004813598;
2679,956;0,01162109;-0,000280327;
2681,820;0,01181109;-8,780808E-5;
2683,683;0,01189847;2,097884E-6;
2685,547;0,01193996;4,61037E-5;
2687,411;0,01190277;1,141991E-5;
2689,274;0,01183493;-5,391441E-5;
2691,138;0,01186949;-1,685439E-5;
2693,002;0,0119109;2,705239E-5;
2694,865;0,01192814;4,678905E-5;
2696,729;0,01183478;-4,408563E-5;
2698,593;0,01189388;1,748879E-5;
2700,456;0,01209834;0,0002244234;
2702,320;0,01225544;0,0003839913;
2704,184;0,01220258;0,0003335956;
2706,047;0,01222411;0,0003575834;
2707,911;0,01241321;0,000549144;
2709,775;0,01264369;0,000782073;
2711,638;0,01285327;0,0009940949;
2713,502;0,01306593;0,001209193;
2715,366;0,01310017;0,001245869;
2717,229;0,01307908;0,001227209;
2719,093;0,01316479;0,001315337;
2720,957;0,01329707;0,001450038;
2722,820;0,0134463;0,001601686;
2724,684;0,01374571;0,001903499;
2726,548;0,01424561;0,002405808;
2728,411;0,0149491;0,003111698;
2730,275;0,01524723;0,003412217;
2732,139;0,01513261;0,003299987;
2734,002;0,01495548;0,003125244;
2735,866;0,01485467;0,003026816;
2737,730;0,01472475;0,002899273;
2739,593;0,01468068;0,002857566;
2741,457;0,01455204;0,002731294;
2743,321;0,01427992;0,002461537;
2745,184;0,01387743;0,002061404;
2747,048;0,01359567;0,001781988;
2748,912;0,01369705;0,001885722;
2750,775;0,01389754;0,002088553;
2752,639;0,01399802;0,002191365;
2754,503;0,01386228;0,002057962;
2756,366;0,01387809;0,002076091;
2758,230;0,01405142;0,002251749;
2760,094;0,01393824;0,002140884;
2761,957;0,01385297;0,002057927;
2763,821;0,01386964;0,002076907;
2765,685;0,01392658;0,002136148;
2767,548;0,01393933;0,002151197;
2769,412;0,01380496;0,002019122;
2771,276;0,01378779;0,002004243;
2773,139;0,01379003;0,002008764;
2775,003;0,01385047;0,002071482;
2776,867;0,01408178;0,002305075;
2778,730;0,01416449;0,002390054;
2780,594;0,01412002;0,002347853;
2782,458;0,01399554;0,002225629;
2784,321;0,01382882;0,002061167;
2786,185;0,01353721;0,00177181;
2788,049;0,01324368;0,001480531;
2789,912;0,01335694;0,001596036;
2791,776;0,01362078;0,001862119;
2793,640;0,01353939;0,00178296;
2795,503;0,01329695;0,001542746;
2797,367;0,013125;0,001373023;
2799,231;0,01312857;0,001378818;
2801,094;0,01328457;0,001537032;
2802,958;0,01304573;0,001300414;
2804,822;0,01286672;0,001123606;
2806,685;0,01286356;0,001122652;
2808,549;0,01273193;0,0009932229;
2810,413;0,01263002;0,0008935028;
2812,276;0,01267439;0,0009400644;
2814,140;0,01273375;0,001001611;
2816,004;0,01266897;0,0009390148;
2817,867;0,01251067;0,00078289;
2819,731;0,01254152;0,0008159176;
2821,595;0,01253182;0,0008083902;
2823,458;0,01252932;0,000808047;
2825,322;0,01252419;0,0008050859;
2827,186;0,01242852;0,0007115691;
2829,049;0,01236336;0,0006485622;
2830,913;0,01235214;0,0006394865;
2832,777;0,01232958;0,0006190678;
2834,640;0,01226929;0,0005609195;
2836,504;0,01223057;0,0005243324;
2838,368;0,01227708;0,0005729786;
2840,231;0,01252957;0,0008275991;
2842,095;0,01258713;0,0008872787;
2843,959;0,01244851;0,0007507807;
2845,822;0,01226363;0,000568011;
2847,686;0,01219346;0,0004999501;
2849,550;0,01229035;0,0005989463;
2851,413;0,01231932;0,0006300178;
2853,277;0,01227488;0,0005876724;
2855,141;0,01239035;0,0007052355;
2857,004;0,01232732;0,0006442974;
2858,868;0,01228498;0,0006040453;
2860,732;0,01231737;0,0006385202;
2862,595;0,012497;0,0008202278;
2864,459;0,01267448;0,0009997767;
2866,323;0,01252905;0,0008564154;
2868,186;0,01234676;0,0006761947;
2870,050;0,01241698;0,0007484741;
2871,914;0,01237901;0,0007125628;
2873,777;0,01230882;0,0006444221;
2875,641;0,01239777;0,000735422;
2877,505;0,01240376;0,0007434572;
2879,368;0,01253571;0,0008774459;
2881,232;0,01249596;0,0008397339;
2883,096;0,01245257;0,0007983833;
2884,959;0,01253283;0,0008806674;
2886,823;0,01245209;0,0008019578;
2888,687;0,01233587;0,0006877534;
2890,550;0,012396;0,0007499069;
2892,414;0,01248369;0,0008396044;
2894,278;0,01252418;0,0008821034;
2896,141;0,01249107;0,0008510007;
2898,005;0,01248961;0,0008515416;
2899,869;0,01241707;0,0007810059;
2901,733;0,01234884;0,0007147709;
2903,596;0,01249445;0,000862364;
2905,460;0,01256398;0,0009338874;
2907,324;0,01248334;0,000855223;
2909,187;0,01228341;0,0006572798;
2911,051;0,01223744;0,0006132804;
2912,915;0,01237967;0,0007574846;
2914,778;0,01244181;0,0008215873;
2916,642;0,01249264;0,0008743884;
2918,506;0,01255943;0,0009431332;
2920,369;0,01257349;0,0009591507;
2922,233;0,01247222;0,0008598362;
2924,097;0,01251108;0,0009006425;
2925,960;0,0125158;0,0009073118;
2927,824;0,01237545;0,0007689042;
2929,688;0,0124583;0,0008536914;
2931,551;0,01262414;0,001021466;
2933,415;0,01268818;0,001087433;
2935,279;0,01277392;0,001175104;
2937,142;0,01279684;0,001199944;
2939,006;0,01281694;0,001221965;
2940,870;0,01294763;0,001354566;
2942,733;0,01293225;0,001341102;
2944,597;0,01292733;0,001338091;
2946,461;0,01315912;0,00157178;
2948,324;0,01310816;0,001522729;
2950,188;0,01307188;0,001488345;
2952,052;0,01319749;0,001615842;
2953,915;0,01314419;0,001564437;
2955,779;0,01314022;0,001562353;
2957,643;0,01323475;0,001658764;
2959,506;0,0133908;0,001816696;
2961,370;0,01353017;0,001957947;
2963,234;0,01340771;0,001837355;
2965,097;0,01330397;0,001735483;
2966,961;0,01337256;0,001805936;
2968,825;0,01355739;0,001992632;
2970,688;0,01371582;0,002152921;
2972,552;0,01371283;0,002151786;
2974,416;0,01363576;0,002076567;
2976,279;0,01370583;0,002148486;
2978,143;0,01380093;0,002245436;
2980,007;0,01398255;0,002428896;
2981,870;0,01418762;0,002635796;
2983,734;0,01405568;0,002505693;
2985,598;0,01397671;0,002428554;
2987,461;0,01399202;0,002445698;
2989,325;0,01386039;0,002315892;
2991,189;0,01389177;0,002349091;
2993,052;0,01409065;0,002549785;
2994,916;0,01421519;0,002676135;
2996,780;0,01414948;0,002612238;
2998,643;0,01411337;0,00257794;
3000,507;0,01418701;0,002653379;
3002,371;0,01439337;0,002861538;
3004,234;0,01448944;0,002959405;
3006,098;0,01457946;0,003051226;
3007,962;0,01446001;0,002933567;
3009,825;0,01447049;0,002945825;
3011,689;0,01455081;0,00302793;
3013,553;0,01471681;0,003195713;
3015,416;0,01484466;0,003325339;
3017,280;0,01477143;0,003253882;
3019,144;0,01478725;0,003271479;
3021,007;0,01483158;0,003317571;
3022,871;0,01489381;0,003381562;
3024,735;0,01500685;0,00349637;
3026,598;0,01484194;0,003333219;
3028,462;0,01479351;0,003286537;
3030,326;0,01500855;0,003503334;
3032,189;0,01509304;0,003589573;
3034,053;0,01517858;0,003676852;
3035,917;0,01526251;0,003762524;
3037,780;0,0150828;0,003584555;
3039,644;0,01500285;0,003506335;
3041,508;0,01529956;0,003804779;
3043,371;0,01562647;0,004133422;
3045,235;0,01560045;0,004109127;
3047,099;0,01563207;0,004142471;
3048,962;0,01572888;0,004240994;
3050,826;0,01572201;0,004235844;
3052,690;0,01584557;0,004361112;
3054,553;0,01592328;0,004440528;
3056,417;0,015885;0,004403957;
3058,281;0,01598697;0,004507631;
3060,144;0,01599823;0,00452059;
3062,008;0,01589103;0,004415088;
3063,872;0,01609658;0,004622333;
3065,735;0,01619038;0,004717828;
3067,599;0,01602632;0,004555453;
3069,463;0,016026;0,004556815;
3071,326;0,01608957;0,004622073;
3073,190;0,01627117;0,004805351;
3075,054;0,0165464;0,00508225;
3076,917;0,01681509;0,005352616;
3078,781;0,01687014;0,005409341;
3080,645;0,0168135;0,005354365;
3082,508;0,01695267;0,005495196;
3084,372;0,01691475;0,005458936;
3086,236;0,01685495;0,005400796;
3088,099;0,01693131;0,005478811;
3089,963;0,01699706;0,005546216;
3091,827;0,01701989;0,00557069;
3093,690;0,01719737;0,005749817;
3095,554;0,01729607;0,005850163;
3097,418;0,01737185;0,005927574;
3099,281;0,01753917;0,006096537;
3101,145;0,01752738;0,006086377;
3103,009;0,01747759;0,006038217;
3104,872;0,01769119;0,006253443;
3106,736;0,01766393;0,006227812;
3108,600;0,0177359;0,006301407;
3110,463;0,01794764;0,00651476;
3112,327;0,01799419;0,006562927;
3114,191;0,01791451;0,006484861;
3116,054;0,01801891;0,006590874;
3117,918;0,01825822;0,00683179;
3119,782;0,01835935;0,006934525;
3121,645;0,01833817;0,006914947;
3123,509;0,0183968;0,006975179;
3125,373;0,01828181;0,006861783;
3127,236;0,01826527;0,006846839;
3129,100;0,01834407;0,006927231;
3130,964;0,01834011;0,006924849;
3132,827;0,01847207;0,007058395;
3134,691;0,01862281;0,007210724;
3136,555;0,01845038;0,007039865;
3138,418;0,01857991;0,007170979;
3140,282;0,01881656;0,0074092;
3142,146;0,01881268;0,007406894;
3144,009;0,01883812;0,007433902;
3145,873;0,01903475;0,00763209;
3147,737;0,01931745;0,007916356;
3149,600;0,01965609;0,008256559;
3151,464;0,01965877;0,008260795;
3153,328;0,01965544;0,00825902;
3155,191;0,0196176;0,008222729;
3157,055;0,0192926;0,007899277;
3158,919;0,01942225;0,008030469;
3160,782;0,01976307;0,008372832;
3162,646;0,01978329;0,008394595;
3164,510;0,01982619;0,008439032;
3166,373;0,0199768;0,008591173;
3168,237;0,02011767;0,008733575;
3170,101;0,02004575;0,008663185;
3171,964;0,01999696;0,008615924;
3173,828;0,02016073;0,00878122;
3175,692;0,02032154;0,008943547;
3177,556;0,02038008;0,00900361;
3179,419;0,02043993;0,009064979;
3181,283;0,02050543;0,009131986;
3183,147;0,02056989;0,009197963;
3185,010;0,02064574;0,009275313;
3186,874;0,02069196;0,009323045;
3188,738;0,02080218;0,009434764;
3190,601;0,02081269;0,009446779;
3192,465;0,02055593;0,009191512;
3194,329;0,02073232;0,009369398;
3196,192;0,02114183;0,009780395;
3198,056;0,02138116;0,01002122;
3199,920;0,02142727;0,01006881;
3201,783;0,02137144;0,01001447;
3203,647;0,0212236;0,009868109;
3205,511;0,02139062;0,01003662;
3207,374;0,02152903;0,0101765;
3209,238;0,0215404;0,01018934;
3211,102;0,02167598;0,01032639;
3212,965;0,02192346;0,01057535;
3214,829;0,02201666;0,01067001;
3216,693;0,0219708;0,01062561;
3218,556;0,02172082;0,0103771;
3220,420;0,02189428;0,01055201;
3222,284;0,02247299;0,01113218;
3224,147;0,02266431;0,01132495;
3226,011;0,02257278;0,01123487;
3227,875;0,02263506;0,01129861;
3229,738;0,02279916;0,01146415;
3231,602;0,0229708;0,01163723;
3233,466;0,02304749;0,01171536;
3235,329;0,02286968;0,01153899;
3237,193;0,02253085;0,01120159;
3239,057;0,02262493;0,01129711;
3240,920;0,02279759;0,0114712;
3242,784;0,02292241;0,01159745;
3244,648;0,02293298;0,01160945;
3246,511;0,02313183;0,01180973;
3248,375;0,02330181;0,01198113;
3250,239;0,02324369;0,01192442;
3252,102;0,02301011;0,01169227;
3253,966;0,0229524;0,01163597;
3255,830;0,02295657;0,01164154;
3257,693;0,02301313;0,01169951;
3259,557;0,02309056;0,01177836;
3261,421;0,02295914;0,01164834;
3263,284;0,02290532;0,01159592;
3265,148;0,02306063;0,01175263;
3267,012;0,0232263;0,0119197;
3268,875;0,02323818;0,01193297;
3270,739;0,02316367;0,01185985;
3272,603;0,02313808;0,01183565;
3274,466;0,02327937;0,01197833;
3276,330;0,02344631;0,01214665;
3278,194;0,02334286;0,01204459;
3280,057;0,02324342;0,01194653;
3281,921;0,02341021;0,01211469;
3283,785;0,02356974;0,0122756;
3285,648;0,023628;0,01233524;
3287,512;0,02373805;0,01244666;
3289,376;0,02375678;0,01246676;
3291,239;0,02376812;0,01247947;
3293,103;0,02380178;0,01251449;
3294,967;0,02390268;0,01261676;
3296,830;0,02392222;0,01263765;
3298,694;0,02402553;0,01274232;
3300,558;0,02409609;0,01281424;
3302,421;0,02421895;0,01293844;
3304,285;0,02450336;0,01322421;
3306,149;0,02471455;0,01343674;
3308,012;0,02432583;0,01304937;
3309,876;0,0241644;0,01288929;
3311,740;0,02427569;0,01300192;
3313,603;0,02441449;0,01314206;
3315,467;0,02467519;0,01340409;
3317,331;0,02480765;0,01353789;
3319,194;0,02482394;0,01355551;
3321,058;0,0248878;0,0136207;
3322,922;0,02509029;0,01382452;
3324,785;0,02527763;0,01401319;
3326,649;0,02547126;0,01420813;
3328,513;0,02529075;0,01402894;
3330,376;0,02486102;0,01360054;
3332,240;0,02499618;0,01373701;
3334,104;0,02561184;0,01435399;
3335,967;0,0258098;0,01455326;
3337,831;0,02572317;0,01446794;
3339,695;0,02585766;0,01460374;
3341,558;0,02599097;0,01473835;
3343,422;0,02607054;0,01481923;
3345,286;0,02591895;0,01466894;
3347,149;0,02593361;0,0146849;
3349,013;0,0261498;0,01490239;
3350,877;0,02624248;0,01499636;
3352,740;0,02627931;0,01503448;
3354,604;0,02635318;0,01510965;
3356,468;0,02633313;0,01509089;
3358,331;0,02629533;0,01505437;
3360,195;0,02648995;0,01525027;
3362,059;0,02676877;0,01553038;
3363,922;0,02694461;0,0157075;
3365,786;0,02671565;0,01547982;
3367,650;0,02653942;0,01530486;
3369,513;0,02679529;0,015562;
3371,377;0,02687829;0,01564627;
3373,241;0,02675877;0,01552802;
3375,104;0,02703356;0,01580408;
3376,968;0,02718333;0,01595512;
3378,832;0,02707417;0,01584722;
3380,695;0,02726068;0,01603499;
3382,559;0,02737788;0,01615345;
3384,423;0,02737106;0,01614789;
3386,286;0,02737571;0,01615379;
3388,150;0,02740282;0,01618216;
3390,014;0,02754857;0,01632915;
3391,877;0,02769517;0,016477;
3393,741;0,02757493;0,01635801;
3395,605;0,02753044;0,01631476;
3397,468;0,02729519;0,01608076;
3399,332;0,02749323;0,01628004;
3401,196;0,02751913;0,01630717;
3403,059;0,02717433;0,01596361;
3404,923;0,02677154;0,01556205;
3406,787;0,02686584;0,01565759;
3408,650;0,02691475;0,01570773;
3410,514;0,02679993;0,01559413;
3412,378;0,02663225;0,01542768;
3414,241;0,0265114;0,01530806;
3416,105;0,0262728;0,01507068;
3417,969;0,02602878;0,01482788;
3419,832;0,02581693;0,01461725;
3421,696;0,02595716;0,01475869;
3423,560;0,02580113;0,01460387;
3425,423;0,02544608;0,01425004;
3427,287;0,02521376;0,01401893;
3429,151;0,02521385;0,01402023;
3431,014;0,02526736;0,01407494;
3432,878;0,02531317;0,01412196;
3434,742;0,02502806;0,01383805;
3436,605;0,02469934;0,01351053;
3438,469;0,02464608;0,01345847;
3440,333;0,02431187;0,01312546;
3442,196;0,02392127;0,01273605;
3444,060;0,02412143;0,0129374;
3445,924;0,02423524;0,01305241;
3447,787;0,02379461;0,01261296;
3449,651;0,02328301;0,01210255;
3451,515;0,02317322;0,01199395;
3453,379;0,02316189;0,01198379;
3455,242;0,02328426;0,01210734;
3457,106;0,02323117;0,01205544;
3458,970;0,02324305;0,0120685;
3460,833;0,02294008;0,0117667;
3462,697;0,02223952;0,01106732;
3464,561;0,02223305;0,01106202;
3466,424;0,02261375;0,01144389;
3468,288;0,02258723;0,01141853;
3470,152;0,02236424;0,0111967;
3472,015;0,02219529;0,01102892;
3473,879;0,0221939;0,0110287;
3475,743;0,02215985;0,01099581;
3477,606;0,02202811;0,01086523;
3479,470;0,0216323;0,01047057;
3481,334;0,0211546;0,009994029;
3483,197;0,02112782;0,009968402;
3485,061;0,02156995;0,01041168;
3486,925;0,02165751;0,01050039;
3488,788;0,02094627;0,009790296;
3490,652;0,02061677;0,009461937;
3492,516;0,02081891;0,009665221;
3494,379;0,02097191;0,009819362;
3496,243;0,02065999;0,009508588;
3498,107;0,02017129;0,009021026;
3499,970;0,02026272;0,009113592;
3501,834;0,02030792;0,009159926;
3503,698;0,02028803;0,009141169;
3505,561;0,02040697;0,009261239;
3507,425;0,02041087;0,009266271;
3509,289;0,02027855;0,009135073;
3511,152;0,02012695;0,008984604;
3513,016;0,0198726;0,008731379;
3514,880;0,02000091;0,008860804;
3516,743;0,0200408;0,008901814;
3518,607;0,01980456;0,008666694;
3520,471;0,01958604;0,00844929;
3522,334;0,01966232;0,008526691;
3524,198;0,01990168;0,00876716;
3526,062;0,02009268;0,008959269;
3527,925;0,01987881;0,008746508;
3529,789;0,01946313;0,008331943;
3531,653;0,0195361;0,008406012;
3533,516;0,01940759;0,008278606;
3535,380;0,01905241;0,007924527;
3537,244;0,01891473;0,00778795;
3539,107;0,0187076;0,007581919;
3540,971;0,01868649;0,007561909;
3542,835;0,01867121;0,007547722;
3544,698;0,01854612;0,007423731;
3546,562;0,01860724;0,007485944;
3548,426;0,01857807;0,007457865;
3550,289;0,01854945;0,007430328;
3552,153;0,01848021;0,007362176;
3554,017;0,01828792;0,007170968;
3555,880;0,01826353;0,007147664;
3557,744;0,01810906;0,006994273;
3559,608;0,01777659;0,006662889;
3561,471;0,01775662;0,006643996;
3563,335;0,01770417;0,006592618;
3565,199;0,01744963;0,006339155;
3567,062;0,01720914;0,006099736;
3568,926;0,01699779;0,005889463;
3570,790;0,01704089;0,005933635;
3572,653;0,01696232;0,005856126;
3574,517;0,01671561;0,005610488;
3576,381;0,01669418;0,005590125;
3578,244;0,01675672;0,005653731;
3580,108;0,01655946;0,005457532;
3581,972;0,01589727;0,004796395;
3583,835;0,01586063;0,004760818;
3585,699;0,01645028;0,00535152;
3587,563;0,01636474;0,005267038;
3589,426;0,01604599;0,004949345;
3591,290;0,01589566;0,004800059;
3593,154;0,01588494;0,004790392;
3595,017;0,01593129;0,004837788;
3596,881;0,01603583;0,004943379;
3598,745;0,01578301;0,004691609;
3600,608;0,01548574;0,004395377;
3602,472;0,01545614;0,00436682;
3604,336;0,01545928;0,004370997;
3606,199;0,01558515;0,004497913;
3608,063;0,01561827;0,00453207;
3609,927;0,01551334;0,004428169;
3611,790;0,01492363;0,003839493;
3613,654;0,01439996;0,003316861;
3615,518;0,01457268;0,003490607;
3617,381;0,01466407;0,003583034;
3619,245;0,01431932;0,00323931;
3621,109;0,01410472;0,003025734;
3622,972;0,01413999;0,003062023;
3624,836;0,01399347;0,002916532;
3626,700;0,01393879;0,002862869;
3628,563;0,01365965;0,002584755;
3630,427;0,01357534;0,002501456;
3632,291;0,01363016;0,002557298;
3634,154;0,01332572;0,002253873;
3636,018;0,0131915;0,002120665;
3637,882;0,01313327;0,002063444;
3639,745;0,01323532;0,002166504;
3641,609;0,01318947;0,002121664;
3643,473;0,01318402;0,002117221;
3645,336;0,01368753;0,002621742;
3647,200;0,01352142;0,002456631;
3649,064;0,0127246;0,001660812;
3650,927;0,01189547;0,0008326826;
3652,791;0,01213698;0,001075192;
3654,655;0,01279475;0,001733965;
3656,518;0,01265345;0,001593665;
3658,382;0,01248471;0,001425918;
3660,246;0,01269284;0,001635036;
3662,109;0,01255552;0,001498712;
3663,973;0,01251755;0,00146173;
3665,837;0,01262746;0,001572634;
3667,700;0,01283132;0,001777478;
3669,564;0,01272258;0,001669729;
3671,428;0,01271066;0,001658789;
3673,291;0,01297379;0,0019229;
3675,155;0,01318175;0,002131842;
3677,019;0,01267674;0,001627817;
3678,882;0,01231284;0,001264889;
3680,746;0,01210045;0,001053483;
3682,610;0,01218866;0,001142661;
3684,473;0,01229408;0,001249059;
3686,337;0,01240583;0,001361778;
3688,201;0,01253429;0,001491211;
3690,064;0,01249443;0,001452326;
3691,928;0,0120816;0,00104046;
3693,792;0,01196651;0,0009263369;
3695,655;0,01241289;0,00137368;
3697,519;0,0126086;0,001570358;
3699,383;0,01264146;0,001604179;
3701,246;0,01280111;0,001764789;
3703,110;0,01251115;0,001475783;
3704,974;0,01238642;0,001352011;
3706,837;0,01261865;0,001585201;
3708,701;0,01278374;0,001751249;
3710,565;0,01238165;0,00135011;
3712,428;0,01199049;0,0009598986;
3714,292;0,01210078;0,001071141;
3716,156;0,01254758;0,00151889;
3718,019;0,0125221;0,001494364;
3719,883;0,01244106;0,001414269;
3721,747;0,01268187;0,001656025;
3723,610;0,01248803;0,001463129;
3725,474;0,01215673;0,001132772;
3727,338;0,01220843;0,001185405;
3729,202;0,01260141;0,001579332;
3731,065;0,01291226;0,001891121;
3732,929;0,01307036;0,002050157;
3734,793;0,01301617;0,001996897;
3736,656;0,01244109;0,001422754;
3738,520;0,01234768;0,001330276;
3740,384;0,01272851;0,001712034;
3742,247;0,0128425;0,001826954;
3744,111;0,01289774;0,001883125;
3745,975;0,01291042;0,001896732;
3747,838;0,0130513;0,002038539;
3749,702;0,0128728;0,001860964;
3751,566;0,0125314;0,001520482;
3753,429;0,01274025;0,001730257;
3755,293;0,0127684;0,001759327;
3757,157;0,01285295;0,001844796;
3759,020;0,01297555;0,001968305;
3760,884;0,0128334;0,001827079;
3762,748;0,01266285;0,001657437;
3764,611;0,01251641;0,001511914;
3766,475;0,01256863;0,001565048;
3768,339;0,01276356;0,001760888;
3770,202;0,01295578;0,001954015;
3772,066;0,01306109;0,002060235;
3773,930;0,01301198;0,002012027;
3775,793;0,01292647;0,001927424;
3777,657;0,01288268;0,001884533;
3779,521;0,01260458;0,001607336;
3781,384;0,0126206;0,001624259;
3783,248;0,01289194;0,001896503;
3785,112;0,01282063;0,001826085;
3786,975;0,01254202;0,001548373;
3788,839;0,01239237;0,001399616;
3790,703;0,0125562;0,001564341;
3792,566;0,01302874;0,002037781;
3794,430;0,0130023;0,002012234;
3796,294;0,01248123;0,001492054;
3798,157;0,01237316;0,001384868;
3800,021;0,01255173;0,001564324;
3801,885;0,0127753;0,00178878;
3803,748;0,01281134;0,001825714;
3805,612;0,0126301;0,001645354;
3807,476;0,012769;0,001785133;
3809,339;0,01289595;0,001912967;
3811,203;0,01245796;0,001475859;
3813,067;0,01245335;0,001472127;
3814,930;0,01285715;0,001876806;
3816,794;0,01269082;0,001711349;
3818,658;0,01283485;0,001856256;
3820,521;0,0131137;0,002135974;
3822,385;0,01288344;0,001906588;
3824,249;0,01261306;0,001637079;
3826,112;0,01249737;0,001522265;
3827,976;0,01280022;0,001825977;
3829,840;0,01308978;0,002116406;
3831,703;0,01314125;0,002168744;
3833,567;0,01292855;0,001956907;
3835,431;0,01260101;0,00163023;
3837,294;0,01290197;0,001932051;
3839,158;0,01337961;0,002410552;
3841,022;0,01290427;0,00193607;
3842,885;0,01250172;0,001534377;
3844,749;0,01268379;0,001717308;
3846,613;0,01291265;0,001947029;
3848,476;0,01293151;0,001966738;
3850,340;0,01317526;0,002211343;
3852,204;0,01366228;0,002699217;
3854,067;0,0132278;0,002265588;
3855,931;0,0125171;0,001555733;
3857,795;0,01252591;0,001565391;
3859,658;0,01277661;0,001816939;
3861,522;0,01302956;0,002070734;
3863,386;0,0133995;0,002441525;
3865,249;0,01339053;0,0024334;
3867,113;0,01322611;0,002269823;
3868,977;0,01333856;0,002383111;
3870,840;0,012889;0,001934389;
3872,704;0,01284157;0,001887798;
3874,568;0,01284457;0,001891641;
3876,431;0,0127421;0,001790002;
3878,295;0,01273279;0,001781526;
3880,159;0,01279837;0,001847945;
3882,022;0,01296774;0,002018149;
3883,886;0,01322153;0,002272768;
3885,750;0,01309728;0,002149343;
3887,613;0,01287772;0,001930612;
3889,477;0,0129576;0,002011328;
3891,341;0,01294148;0,001996029;
3893,204;0,01291387;0,001969246;
3895,068;0,01301138;0,002067576;
3896,932;0,01283253;0,001889552;
3898,795;0,01264757;0,001705412;
3900,659;0,01263218;0,001690843;
3902,523;0,0130486;0,002108084;
3904,386;0,01328796;0,002348265;
3906,250;0,01300394;0,00206506;
3908,114;0,01295265;0,002014587;
3909,977;0,0129252;0,001987953;
3911,841;0,01289818;0,001961744;
3913,705;0,01295298;0,002017356;
3915,568;0,01291895;0,001984136;
3917,432;0,01277607;0,001842072;
3919,296;0,01283767;0,001904477;
3921,159;0,01307457;0,002142191;
3923,023;0,01316168;0,002230108;
3924,887;0,01293099;0,002000225;
3926,750;0,01287939;0,001949425;
3928,614;0,01301826;0,002089095;
3930,478;0,0129557;0,002027341;
3932,341;0,01297035;0,002042795;
3934,205;0,01293923;0,002012476;
3936,069;0,01299681;0,002070855;
3937,932;0,01324794;0,00232278;
3939,796;0,01313738;0,00221302;
3941,660;0,01294666;0,002023094;
3943,523;0,01307168;0,002148905;
3945,387;0,01321781;0,002295825;
3947,251;0,01317537;0,00225418;
3949,114;0,01311796;0,002197558;
3950,978;0,01311228;0,002192668;
3952,842;0,01302333;0,002104509;
3954,705;0,01299201;0,002073981;
3956,569;0,01282236;0,001905113;
3958,433;0,01272436;0,001807901;
3960,296;0,01299863;0,002082955;
3962,160;0,01321939;0,002304499;
3964,024;0,01319998;0,002285866;
3965,887;0,01311283;0,002199503;
3967,751;0,01301712;0,002104574;
3969,615;0,01310329;0,002191516;
3971,478;0,01316484;0,002253847;
3973,342;0,0131075;0,002197279;
3975,206;0,01310619;0,002196745;
3977,069;0,01304143;0,002132764;
3978,933;0,01292022;0,002012329;
3980,797;0,0130045;0,002097383;
3982,660;0,01312925;0,002222903;
3984,524;0,01299492;0,002089338;
3986,388;0,01285488;0,001950071;
3988,251;0,0129419;0,002037859;
3990,115;0,01288128;0,001978008;
3991,979;0,01296357;0,002061061;
3993,842;0,0131051;0,00220335;
3995,706;0,01306217;0,002161192;
3997,570;0,01313059;0,00223037;
