;May12_TPC_02-08-0_LMW_salt;May12_TPC_02-08-0_LMW_salt (baseline corrected);
Wavelength [nm];Absorbance;absorbance;
650,420;0,03952022;0,004734231;
652,284;0,03908039;0,004446074;
654,148;0,0386036;0,004119668;
656,011;0,0381326;0,003797768;
657,875;0,03750421;0,003317216;
659,739;0,03690127;0,002860864;
661,602;0,03640414;0,00250908;
663,466;0,03598504;0,0022341;
665,330;0,03533456;0,001726542;
667,193;0,0350852;0,001618895;
669,057;0,03496768;0,001641911;
670,921;0,03412271;0,0009363069;
672,784;0,03341637;0,0003681816;
674,648;0,03279502;-0,000116104;
676,512;0,03250909;-0,0002660922;
678,375;0,03247135;-0,0001690204;
680,239;0,03253379;2,71359E-5;
682,103;0,03232831;-4,573108E-5;
683,966;0,03218236;-6,015228E-5;
685,830;0,03221329;0,0001012392;
687,694;0,03224443;0,000261791;
689,557;0,03222997;0,0003756805;
691,421;0,03227139;0,0005444185;
693,285;0,03234154;0,0007408655;
695,149;0,0325033;0,001027905;
697,012;0,0325269;0,001175775;
698,876;0,03257342;0,001345581;
700,740;0,03262983;0,001524292;
702,603;0,03268969;0,00170548;
704,467;0,03272021;0,001856368;
706,331;0,03271314;0,001968709;
708,194;0,03264611;0,00202016;
710,058;0,03261905;0,002110635;
711,922;0,03290583;0,002514041;
713,785;0,03353768;0,003261598;
715,649;0,03381729;0,003656014;
717,513;0,03328917;0,003241804;
719,376;0,03269238;0,002758043;
721,240;0,03259529;0,002773103;
723,104;0,03271537;0,003004475;
724,967;0,03268513;0,003084662;
726,831;0,03243802;0,002947134;
728,695;0,03219681;0,002814659;
730,558;0,0321573;0,002883059;
732,422;0,03212404;0,002956893;
734,286;0,031866;0,002805118;
736,149;0,03172953;0,002774122;
738,013;0,03152466;0,002673923;
739,877;0,03131411;0,00256725;
741,740;0,03118311;0,002539344;
743,604;0,0311077;0,002566258;
745,468;0,03099597;0,002556082;
747,331;0,03096218;0,002623095;
749,195;0,03095553;0,002716488;
751,059;0,03088814;0,002748398;
752,922;0,03083506;0,002793882;
754,786;0,03093846;0,002995126;
756,650;0,03090234;0,003056114;
758,513;0,03085789;0,003108066;
760,377;0,03085308;0,003198949;
762,241;0,03084419;0,003285045;
764,104;0,03080331;0,003338462;
765,968;0,03081112;0,003439888;
767,832;0,03086801;0,003589699;
769,695;0,03098061;0,003794553;
771,559;0,03095058;0,003856111;
773,423;0,03093777;0,003934228;
775,286;0,0308992;0,003985925;
777,150;0,03091332;0,00408967;
779,014;0,03114009;0,004405418;
780,877;0,03130841;0,004662081;
782,741;0,03129021;0,004731591;
784,605;0,03137812;0,004906592;
786,468;0,03143329;0,005048227;
788,332;0,03144999;0,005150792;
790,196;0,03144173;0,005227776;
792,059;0,03140112;0,005271814;
793,923;0,03148854;0,005443289;
795,787;0,03162563;0,005663851;
797,650;0,03179671;0,005917808;
799,514;0,03209359;0,006296991;
801,378;0,03246162;0,006746742;
803,241;0,03283369;0,007199972;
805,105;0,03346963;0,007916513;
806,969;0,03460079;0,009127713;
808,832;0,03647862;0,01108502;
810,696;0,03829142;0,01297676;
812,560;0,03918381;0,01394755;
814,423;0,04152049;0,01636208;
816,287;0,0469575;0,02187642;
818,151;0,05742581;0,03242153;
820,014;0,0777647;0,05283669;
821,878;0,1111826;0,0863304;
823,742;0,1394072;0,1146302;
825,605;0,1263485;0,1016462;
827,469;0,08392554;0,05929749;
829,333;0,05398339;0,02942907;
831,196;0,04439687;0,01991579;
833,060;0,04349773;0,01908939;
834,924;0,04241303;0,01807695;
836,787;0,03823671;0,01397241;
838,651;0,03313791;0,0089449;
840,515;0,03026638;0,006144196;
842,378;0,02944346;0,005391629;
844,242;0,02947344;0,005491491;
846,106;0,02978079;0,005868271;
847,969;0,03018419;0,006340642;
849,833;0,03068858;0,006913549;
851,697;0,03125477;0,007547801;
853,560;0,03197739;0,008338042;
855,424;0,03268538;0,009113218;
857,288;0,03324259;0,009737172;
859,151;0,03359638;0,01015727;
861,015;0,03379395;0,01042071;
862,879;0,03387631;0,01056853;
864,742;0,03373973;0,01049698;
866,606;0,03346946;0,01029131;
868,470;0,03305721;0,009943257;
870,333;0,03257834;0,009528166;
872,197;0,03207776;0,009090969;
874,061;0,03154971;0,008625888;
875,924;0,03086511;0,008003849;
877,788;0,0302856;0,007486516;
879,652;0,02978704;0,007049725;
881,515;0,02931002;0,006634094;
883,379;0,0288964;0,006281466;
885,243;0,02860389;0,006049562;
887,106;0,02836038;0,005866284;
888,970;0,02825146;0,005817213;
890,834;0,02794202;0,005567251;
892,697;0,02762231;0,005306648;
894,561;0,02743084;0,00517391;
896,425;0,02740563;0,00520707;
898,288;0,02743173;0,005291173;
900,152;0,02755373;0,005470817;
902,016;0,02760285;0,005577225;
903,879;0,02759672;0,005628034;
905,743;0,02765214;0,005740037;
907,607;0,02773795;0,005882084;
909,470;0,0278355;0,006035516;
911,334;0,02790272;0,006158284;
913,198;0,02786898;0,006179752;
915,061;0,02794173;0,006307377;
916,925;0,02810015;0,006520328;
918,789;0,02827584;0,00675023;
920,652;0,02838784;0,006916106;
922,516;0,02851526;0,007097075;
924,380;0,02865751;0,007292546;
926,243;0,02881135;0,007499288;
928,107;0,02912497;0,007865495;
929,971;0,02937702;0,008169818;
931,834;0,02949619;0,00834095;
933,698;0,02972536;0,008621762;
935,562;0,02996095;0,008908694;
937,425;0,03023647;0,009235249;
939,289;0,0305099;0,009559407;
941,153;0,03072764;0,009827572;
943,016;0,03084041;0,009990479;
944,880;0,03107954;0,01027944;
946,744;0,0313663;0,01061573;
948,607;0,03155894;0,01085762;
950,471;0,03171648;0,01106412;
952,335;0,03198224;0,01137856;
954,198;0,03232744;0,01177213;
956,062;0,032637;0,0121298;
957,926;0,03293851;0,01247914;
959,789;0,03339902;0,01298719;
961,653;0,03394868;0,01358412;
963,517;0,03452076;0,01420319;
965,380;0,03500574;0,0147349;
967,244;0,03552939;0,015305;
969,108;0,03608985;0,01591164;
970,972;0,03677143;0,01663915;
972,835;0,03746376;0,01737713;
974,699;0,03814835;0,01810711;
976,563;0,03896299;0,01896688;
978,426;0,03998771;0,02003648;
980,290;0,04097313;0,02106653;
982,154;0,04214128;0,02227904;
984,017;0,0435846;0,02376647;
985,881;0,04538337;0,02560911;
987,745;0,04712914;0,0273985;
989,608;0,04810237;0,0284151;
991,472;0,04763848;0,02799434;
993,336;0,04613114;0,02652988;
995,199;0,04467762;0,025119;
997,063;0,04380887;0,02429266;
998,927;0,04339645;0,02392241;
1000,790;0,04327171;0,0238396;
1002,654;0,04329277;0,02390235;
1004,518;0,04343467;0,02408572;
1006,381;0,04360522;0,02429751;
1008,245;0,0438761;0,02460939;
1010,109;0,04412323;0,0248973;
1011,972;0,04442708;0,02524172;
1013,836;0,04483649;0,02569146;
1015,700;0,0453021;0,02619718;
1017,563;0,04581879;0,02675376;
1019,427;0,04653992;0,02751456;
1021,291;0,04729983;0,02831393;
1023,154;0,04805048;0,02910382;
1025,018;0,04889426;0,02998663;
1026,882;0,04982015;0,03095133;
1028,745;0,05072779;0,03189757;
1030,609;0,0517685;0,03297668;
1032,473;0,05293445;0,03418081;
1034,336;0,0542589;0,03554324;
1036,200;0,05572537;0,03704749;
1038,064;0,05730202;0,03866171;
1039,927;0,05907831;0,04047537;
1041,791;0,06114058;0,0425748;
1043,655;0,06329996;0,04477115;
1045,518;0,06563073;0,04713869;
1047,382;0,06824895;0,0497935;
1049,246;0,07102631;0,05260724;
1051,109;0,0727253;0,05434242;
1052,973;0,07402369;0,0556768;
1054,837;0,07618783;0,05787675;
1056,700;0,07864602;0,06037056;
1058,564;0,08131108;0,06307104;
1060,428;0,08424863;0,06604384;
1062,291;0,08735848;0,06918874;
1064,155;0,09083956;0,0727047;
1066,019;0,09445448;0,07635431;
1067,882;0,09808522;0,08001956;
1069,746;0,1018533;0,08382193;
1071,610;0,1057085;0,08771131;
1073,473;0,1095399;0,09157669;
1075,337;0,1132511;0,09532168;
1077,201;0,1168947;0,09899894;
1079,064;0,1205335;0,1026711;
1080,928;0,1240372;0,1062081;
1082,792;0,1275171;0,1097212;
1084,655;0,1309448;0,1131817;
1086,519;0,13436;0,1166297;
1088,383;0,1375757;0,119878;
1090,246;0,1405445;0,1228792;
1092,110;0,1431015;0,1254685;
1093,974;0,1450994;0,1274985;
1095,837;0,1463079;0,1287389;
1097,701;0,1467463;0,1292091;
1099,565;0,146538;0,1290324;
1101,428;0,1458877;0,1284136;
1103,292;0,1449601;0,1275173;
1105,156;0,1439798;0,126568;
1107,019;0,143005;0,1256243;
1108,883;0,1420307;0,1246807;
1110,747;0,140895;0,1235758;
1112,610;0,139698;0,1224093;
1114,474;0,1383725;0,1211141;
1116,338;0,1369433;0,1197151;
1118,201;0,1354945;0,1182963;
1120,065;0,1339825;0,1168143;
1121,929;0,1324034;0,1152649;
1123,792;0,1308346;0,1137257;
1125,656;0,1291437;0,1120643;
1127,520;0,1275885;0,1105384;
1129,383;0,1259838;0,1089629;
1131,247;0,1244475;0,1074556;
1133,111;0,1230257;0,1060627;
1134,974;0,1216559;0,1047216;
1136,838;0,1203083;0,1034026;
1138,702;0,118971;0,1020937;
1140,565;0,1176775;0,1008286;
1142,429;0,1164074;0,0995867;
1144,293;0,1151248;0,09833212;
1146,156;0,1139619;0,09719712;
1148,020;0,1127772;0,0960402;
1149,884;0,11152;0,09481065;
1151,747;0,1101468;0,09346487;
1153,611;0,1087259;0,09207133;
1155,475;0,1073528;0,09072551;
1157,338;0,1060224;0,08942219;
1159,202;0,1047578;0,0881846;
1161,066;0,1036979;0,0871515;
1162,929;0,1026351;0,08611545;
1164,793;0,101534;0,08504091;
1166,657;0,1004965;0,08402987;
1168,520;0,0995007;0,08306043;
1170,384;0,09842526;0,08201119;
1172,248;0,09748323;0,08109524;
1174,111;0,09655786;0,08019583;
1175,975;0,09547777;0,07914157;
1177,839;0,09439932;0,07808884;
1179,702;0,09348957;0,07720467;
1181,566;0,09245882;0,0761994;
1183,430;0,09138666;0,07515258;
1185,293;0,09030629;0,07409745;
1187,157;0,08915301;0,07296927;
1189,021;0,08788533;0,07172659;
1190,884;0,0866209;0,07048704;
1192,748;0,08528104;0,06917193;
1194,612;0,08398433;0,06789987;
1196,475;0,08256895;0,06650901;
1198,339;0,08105893;0,06502341;
1200,203;0,07954489;0,06353367;
1202,066;0,07798238;0,06199535;
1203,930;0,07637587;0,06041291;
1205,794;0,07472414;0,05878514;
1207,657;0,07286661;0,05695147;
1209,521;0,07100843;0,05511703;
1211,385;0,06925388;0,05338611;
1213,248;0,06764739;0,05180315;
1215,112;0,06614195;0,05032112;
1216,976;0,06482927;0,04903175;
1218,839;0,06369356;0,04791925;
1220,703;0,06274177;0,04699055;
1222,567;0,06198012;0,04625189;
1224,430;0,0614884;0,04578305;
1226,294;0,06123791;0,04555534;
1228,158;0,06117979;0,0455199;
1230,021;0,0612605;0,04562318;
1231,885;0,06157374;0,0459589;
1233,749;0,06204828;0,04645581;
1235,612;0,06264715;0,04707695;
1237,476;0,06328676;0,04773873;
1239,340;0,0640234;0,04849743;
1241,203;0,06477354;0,04926954;
1243,067;0,06562445;0,05014232;
1244,931;0,0665538;0,05109345;
1246,795;0,06747773;0,05203905;
1248,658;0,06844876;0,05303166;
1250,522;0,06949689;0,05410127;
1252,386;0,07061561;0,05524137;
1254,249;0,07184005;0,0564871;
1256,113;0,07308548;0,05775373;
1257,977;0,07435887;0,05904822;
1259,840;0,07573951;0,06044987;
1261,704;0,07717506;0,06190633;
1263,568;0,07857977;0,06333187;
1265,431;0,08008523;0,06485805;
1267,295;0,0816517;0,06644517;
1269,159;0,0833656;0,06817961;
1271,022;0,0851284;0,06996287;
1272,886;0,08688023;0,07173507;
1274,750;0,08855761;0,07343273;
1276,613;0,09029477;0,07519008;
1278,477;0,09209834;0,07701375;
1280,341;0,09401805;0,07895347;
1282,204;0,09598629;0,08094164;
1284,068;0,09793883;0,08291402;
1285,932;0,1000186;0,08501353;
1287,795;0,1023292;0,08734383;
1289,659;0,1045884;0,08962261;
1291,523;0,1068883;0,09194197;
1293,386;0,1092196;0,09429271;
1295,250;0,1115826;0,09667505;
1297,114;0,1139993;0,099111;
1298,977;0,1164348;0,1015656;
1300,841;0,1190093;0,1041592;
1302,705;0,1217672;0,1069361;
1304,568;0,1245546;0,1097424;
1306,432;0,1274981;0,1127048;
1308,296;0,1304813;0,1157068;
1310,159;0,13338;0,1186241;
1312,023;0,1365943;0,121857;
1313,887;0,1400435;0,1253248;
1315,750;0,1433685;0,1286682;
1317,614;0,1471182;0,1324363;
1319,478;0,1510387;0,1363751;
1321,341;0,1546357;0,1399902;
1323,205;0,1582446;0,1436172;
1325,069;0,1622611;0,1476518;
1326,932;0,1663193;0,151728;
1328,796;0,1703562;0,1557828;
1330,660;0,1743653;0,1598097;
1332,523;0,1783558;0,163818;
1334,387;0,1820631;0,167543;
1336,251;0,1861395;0,1716369;
1338,114;0,1915751;0,1770901;
1339,978;0,1973732;0,1829056;
1341,842;0,2015569;0,1871067;
1343,705;0,2056193;0,1911865;
1345,569;0,2102839;0,1958682;
1347,433;0,2151306;0,2007321;
1349,296;0,2199529;0,2055715;
1351,160;0,2243313;0,209967;
1353,024;0,2283073;0,2139599;
1354,887;0,2320954;0,2177649;
1356,751;0,2352966;0,220983;
1358,615;0,2385492;0,2242522;
1360,478;0,2431747;0,2288945;
1362,342;0,2488089;0,2345453;
1364,206;0,2524161;0,238169;
1366,069;0,2551374;0,2409068;
1367,933;0,2585237;0,2443095;
1369,797;0,2612122;0,2470144;
1371,660;0,2632736;0,249092;
1373,524;0,2639487;0,2497834;
1375,388;0,2596726;0,2455234;
1377,251;0,2516034;0,2374703;
1379,115;0,2417692;0,227652;
1380,979;0,2311458;0,2170446;
1382,842;0,2204718;0,2063865;
1384,706;0,2107383;0,1966688;
1386,570;0,2014452;0,1873915;
1388,433;0,1915599;0,1775218;
1390,297;0,1833928;0,1693704;
1392,161;0,1768489;0,1628421;
1394,024;0,1708392;0,1568478;
1395,888;0,1645583;0,1505824;
1397,752;0,1594277;0,1454672;
1399,615;0,153955;0,1400098;
1401,479;0,1486331;0,1347031;
1403,343;0,1442366;0,1303218;
1405,206;0,1393146;0,125415;
1407,070;0,1341927;0,1203082;
1408,934;0,1294812;0,1156116;
1410,797;0,1246886;0,1108341;
1412,661;0,1197481;0,1059084;
1414,525;0,1148408;0,1010159;
1416,388;0,1105147;0,09670462;
1418,252;0,1063545;0,09255921;
1420,116;0,1008278;0,08704712;
1421,979;0,09621502;0,08244896;
1423,843;0,09169182;0,0779403;
1425,707;0,08692837;0,07319134;
1427,570;0,08372283;0,07000024;
1429,434;0,08291474;0,06920652;
1431,298;0,08373904;0,07004515;
1433,161;0,08161924;0,06793962;
1435,025;0,07649509;0,06282968;
1436,889;0,06974291;0,05609165;
1438,752;0,06432414;0,05068698;
1440,616;0,06018299;0,04655988;
1442,480;0,05585479;0,04224567;
1444,343;0,05170462;0,03810944;
1446,207;0,04778525;0,03420395;
1448,071;0,04355187;0,0299844;
1449,934;0,03964646;0,02609278;
1451,798;0,03637304;0,02283307;
1453,662;0,03391725;0,02039096;
1455,525;0,03271895;0,01920627;
1457,389;0,03193802;0,01843891;
1459,253;0,03071768;0,01723209;
1461,116;0,0297314;0,01625927;
1462,980;0,02924421;0,01578549;
1464,844;0,02913129;0,01568593;
1466,707;0,02857508;0,01514303;
1468,571;0,02785466;0,01443587;
1470,435;0,02758958;0,014184;
1472,298;0,02786751;0,01447509;
1474,162;0,02787358;0,01449427;
1476,026;0,02760452;0,01423827;
1477,889;0,02726838;0,01391514;
1479,753;0,02692421;0,01358392;
1481,617;0,02673353;0,01340616;
1483,480;0,02645178;0,01313727;
1485,344;0,0261389;0,0128372;
1487,208;0,02609311;0,01280418;
1489,071;0,02623385;0,01295763;
1490,935;0,0260425;0,01277896;
1492,799;0,02537943;0,01212851;
1494,662;0,02503517;0,01179682;
1496,526;0,02514273;0,01191692;
1498,390;0,02497727;0,01176394;
1500,253;0,02444488;0,01124399;
1502,117;0,02378079;0,01059228;
1503,981;0,02321401;0,01003785;
1505,844;0,02332902;0,01016515;
1507,708;0,02367821;0,0105266;
1509,572;0,0228689;0,009729499;
1511,435;0,02208465;0,008957407;
1513,299;0,02141921;0,008304088;
1515,163;0,02093192;0,007828867;
1517,026;0,02062972;0,007538693;
1518,890;0,0201656;0,007086553;
1520,754;0,01989402;0,006826917;
1522,618;0,01970719;0,006651985;
1524,481;0,01923838;0,006195026;
1526,345;0,01885095;0,005819405;
1528,209;0,01850853;0,005488748;
1530,072;0,0180616;0,005053541;
1531,936;0,01777654;0,004780157;
1533,800;0,01754201;0,004557268;
1535,663;0,01691928;0,003946134;
1537,527;0,01639345;0,00343186;
1539,391;0,01642912;0,003479032;
1541,254;0,01649771;0,003559094;
1543,118;0,01604881;0,003121626;
1544,982;0,01579649;0,002880687;
1546,845;0,01557452;0,00267006;
1548,709;0,01521352;0,002320363;
1550,573;0,01503137;0,002149482;
1552,436;0,01478978;0,001919111;
1554,300;0,01452116;0,001661681;
1556,164;0,01421855;0,001370213;
1558,027;0,01433881;0,001501569;
1559,891;0,01489919;0,002073014;
1561,755;0,01431137;0,001496217;
1563,618;0,01390728;0,001103112;
1565,482;0,01385914;0,001065915;
1567,346;0,01374136;0,0009590398;
1569,209;0,01384061;0,00106916;
1571,073;0,01398975;0,001229129;
1572,937;0,01370802;0,0009581816;
1574,800;0,01359571;0,0008566283;
1576,664;0,01396414;0,001235764;
1578,528;0,01387152;0,001153823;
1580,391;0,01363189;0,0009248307;
1582,255;0,01360682;0,0009103615;
1584,119;0,01361553;0,0009296389;
1585,982;0,01364204;0,0009666713;
1587,846;0,01362266;0,0009577756;
1589,710;0,01365674;0,00100231;
1591,573;0,01366319;0,001019174;
1593,437;0,01371033;0,001076689;
1595,301;0,01382228;0,001198983;
1597,164;0,01388854;0,00127555;
1599,028;0,01397964;0,001376915;
1600,892;0,01410921;0,001516726;
1602,755;0,0142385;0,001656212;
1604,619;0,01430745;0,001735321;
1606,483;0,01439269;0,00183069;
1608,346;0,01458945;0,002037542;
1610,210;0,01468092;0,002139069;
1612,074;0,01458987;0,00205804;
1613,937;0,01443599;0,00191415;
1615,801;0,01458335;0,002071462;
1617,665;0,01503777;0,002535804;
1619,528;0,01483341;0,002341326;
1621,392;0,01452737;0,002045139;
1623,256;0,0145933;0,002120877;
1625,119;0,01461067;0,002148033;
1626,983;0,01445301;0,002000119;
1628,847;0,01436515;0,001921982;
1630,710;0,01407418;0,001640693;
1632,574;0,01367919;0,001255355;
1634,438;0,01358086;0,001166639;
1636,301;0,01384818;0,001443536;
1638,165;0,01371146;0,001316367;
1640,029;0,01345592;0,001070345;
1641,892;0,01314232;0,0007662319;
1643,756;0,01280903;0,0004424014;
1645,620;0,01270809;0,0003508809;
1647,483;0,01260631;0,0002584865;
1649,347;0,01218182;-0,0001566415;
1651,211;0,01188616;-0,0004429771;
1653,074;0,01242267;0,0001028252;
1654,938;0,01285622;0,0005456415;
1656,802;0,01260975;0,0003084004;
1658,665;0,01259225;0,0003000999;
1660,529;0,01264621;0,0003632326;
1662,393;0,01278319;0,0005093515;
1664,256;0,01283482;0,0005700869;
1666,120;0,0126868;0,0004311413;
1667,984;0,01256113;0,0003145222;
1669,847;0,01265359;0,0004159975;
1671,711;0,01258537;0,000356766;
1673,575;0,01228314;6,349571E-5;
1675,438;0,0121643;-4,641834E-5;
1677,302;0,01191343;-0,0002883952;
1679,166;0,01146724;-0,0007257135;
1681,029;0,01123191;-0,0009522108;
1682,893;0,01118086;-0,0009944515;
1684,757;0,01121509;-0,0009514337;
1686,620;0,0107307;-0,001427074;
1688,484;0,01033809;-0,001810964;
1690,348;0,01004344;-0,002096928;
1692,211;0,00962844;-0,00250326;
1694,075;0,009137698;-0,002985366;
1695,939;0,00880069;-0,003313767;
1697,802;0,008604811;-0,003501068;
1699,666;0,008378102;-0,003719226;
1701,530;0,008365799;-0,003723007;
1703,393;0,007975201;-0,004105111;
1705,257;0,00767596;-0,004395886;
1707,121;0,00756565;-0,004497757;
1708,984;0,00735118;-0,004703815;
1710,848;0,00712308;-0,004923532;
1712,712;0,006794566;-0,00524369;
1714,575;0,006570276;-0,00545965;
1716,439;0,006616959;-0,005404665;
1718,303;0,006866941;-0,005146408;
1720,166;0,006851208;-0,005153893;
1722,030;0,006618667;-0,005378212;
1723,894;0,006455482;-0,005533203;
1725,757;0,006434091;-0,005546425;
1727,621;0,006328188;-0,005644186;
1729,485;0,006224227;-0,005740032;
1731,348;0,006074159;-0,005882011;
1733,212;0,00597871;-0,005969396;
1735,076;0,006316848;-0,005623221;
1736,939;0,006161694;-0,005770364;
1738,803;0,00591929;-0,006004782;
1740,667;0,006095226;-0,005820886;
1742,530;0,006154817;-0,005753361;
1744,394;0,006167115;-0,005733154;
1746,258;0,006154586;-0,005737799;
1748,121;0,006217569;-0,005666958;
1749,985;0,006605118;-0,005271575;
1751,849;0,007267359;-0,004601526;
1753,712;0,007727326;-0,004133776;
1755,576;0,00863602;-0,003217322;
1757,440;0,01067146;-0,001174143;
1759,303;0,01347939;0,001641491;
1761,167;0,01795521;0,006124999;
1763,031;0,02052427;0,008701713;
1764,894;0,01555822;0,003743301;
1766,758;0,009516671;-0,002290632;
1768,622;0,006833804;-0,004965911;
1770,485;0,006068856;-0,005723295;
1772,349;0,006034186;-0,005750425;
1774,213;0,006037107;-0,005739987;
1776,076;0,005968626;-0,005800975;
1777,940;0,006092252;-0,005669879;
1779,804;0,006274487;-0,005480198;
1781,667;0,006379832;-0,00536743;
1783,531;0,006469914;-0,005269949;
1785,395;0,006666836;-0,005065651;
1787,258;0,006745272;-0,004979862;
1789,122;0,006457869;-0,005259935;
1790,986;0,006224198;-0,005486298;
1792,849;0,006235634;-0,005467577;
1794,713;0,006187594;-0,005508355;
1796,577;0,005969333;-0,005719377;
1798,441;0,005722867;-0,005958626;
1800,304;0,005640463;-0,006033836;
1802,168;0,005740279;-0,005926848;
1804,032;0,005730403;-0,005929574;
1805,895;0,005700778;-0,00595207;
1807,759;0,005803747;-0,005841996;
1809,623;0,00577442;-0,005864239;
1811,486;0,005617956;-0,006013641;
1813,350;0,005559312;-0,006065244;
1815,214;0,005557025;-0,006060513;
1817,077;0,005646984;-0,005963557;
1818,941;0,005672289;-0,005931277;
1820,805;0,00568581;-0,005910802;
1822,668;0,005615446;-0,005974233;
1824,532;0,005669178;-0,005913589;
1826,396;0,005778558;-0,005797318;
1828,259;0,005659082;-0,005909925;
1830,123;0,00580447;-0,00575769;
1831,987;0,005904087;-0,005651245;
1833,850;0,005683954;-0,005864571;
1835,714;0,005638436;-0,005903303;
1837,578;0,005751511;-0,005783463;
1839,441;0,005567912;-0,005960317;
1841,305;0,005322264;-0,006199241;
1843,169;0,005370047;-0,006144754;
1845,032;0,005514311;-0,005993807;
1846,896;0,005496798;-0,006004656;
1848,760;0,005625677;-0,005869134;
1850,623;0,005712021;-0,005776167;
1852,487;0,005620693;-0,005860892;
1854,351;0,005681334;-0,005793667;
1856,214;0,005680576;-0,005787862;
1858,078;0,005510483;-0,005951411;
1859,942;0,005371514;-0,006083856;
1861,805;0,005560222;-0,005888644;
1863,669;0,005400446;-0,006041935;
1865,533;0,005146545;-0,00628937;
1867,396;0,005252205;-0,006177264;
1869,260;0,005467084;-0,005955958;
1871,124;0,005552496;-0,005864138;
1872,987;0,005709206;-0,005701039;
1874,851;0,005642472;-0,005761404;
1876,715;0,005570993;-0,005826532;
1878,578;0,005551252;-0,005839941;
1880,442;0,005486561;-0,00589832;
1882,306;0,005480351;-0,005898236;
1884,169;0,005455268;-0,005917044;
1886,033;0,00540283;-0,005963225;
1887,897;0,005602501;-0,005757315;
1889,760;0,005799564;-0,005554032;
1891,624;0,005639696;-0,005707698;
1893,488;0,005493002;-0,005848209;
1895,351;0,005359626;-0,00597542;
1897,215;0,005245127;-0,006083772;
1899,079;0,005206579;-0,006116192;
1900,942;0,005036369;-0,006280291;
1902,806;0,005010754;-0,006299813;
1904,670;0,005372976;-0,005931516;
1906,533;0,005296752;-0,006001683;
1908,397;0,005138792;-0,006153604;
1910,261;0,005285206;-0,006001168;
1912,124;0,00504042;-0,006239949;
1913,988;0,004965652;-0,006308731;
1915,852;0,004967049;-0,006301365;
1917,715;0,004735587;-0,006526875;
1919,579;0,004809277;-0,006447251;
1921,443;0,005216056;-0,006034555;
1923,306;0,005280702;-0,005964009;
1925,170;0,004637205;-0,006601623;
1927,034;0,004116113;-0,00711685;
1928,897;0,00455784;-0,006669273;
1930,761;0,004751435;-0,006469847;
1932,625;0,004532871;-0,006682596;
1934,488;0,004650883;-0,006558786;
1936,352;0,004535884;-0,006668003;
1938,216;0,004256699;-0,006941423;
1940,079;0,004221768;-0,006970606;
1941,943;0,003762725;-0,007423918;
1943,807;0,003647833;-0,007533095;
1945,670;0,003739647;-0,007435582;
1947,534;0,003343264;-0,007826282;
1949,398;0,003255522;-0,007908358;
1951,261;0,003559509;-0,007598722;
1953,125;0,003199324;-0,007953273;
1954,989;0,002963189;-0,008183789;
1956,852;0,002763414;-0,008377963;
1958,716;0,002461617;-0,008674175;
1960,580;0,002142705;-0,008987518;
1962,443;0,002065631;-0,009059037;
1964,307;0,002231547;-0,008887583;
1966,171;0,002259105;-0,008854504;
1968,034;0,001829144;-0,009278957;
1969,898;0,001747884;-0,009354727;
1971,762;0,001737548;-0,009359588;
1973,625;0,001229185;-0,009862491;
1975,489;0,001287675;-0,009798556;
1977,353;0,002227509;-0,008853293;
1979,216;0,002924011;-0,008151377;
1981,080;0,00254881;-0,00852118;
1982,944;0,001821527;-0,009243079;
1984,807;0,002827896;-0,008231343;
1986,671;0,002932466;-0,008121419;
1988,535;0,001814831;-0,009233716;
1990,398;0,001943278;-0,009099946;
1992,262;0,002756509;-0,008281407;
1994,126;0,003353512;-0,007679112;
1995,989;0,003324748;-0,007702597;
1997,853;0,003318113;-0,007703969;
1999,717;0,003539278;-0,007477555;
2001,580;0,002162217;-0,008849381;
2003,444;0,001010019;-0,00999636;
2005,308;0,001452315;-0,009548858;
2007,171;0,001826844;-0,009169139;
2009,035;0,002488213;-0,008502594;
2010,899;0,002572227;-0,008413419;
2012,762;0,001982365;-0,008998133;
2014,626;0,002155664;-0,008819701;
2016,490;0,002290143;-0,008680103;
2018,353;0,001997036;-0,008968105;
2020,217;0,001743918;-0,009216133;
2022,081;0,00120644;-0,009748534;
2023,944;0,0008233051;-0,01012661;
2025,808;0,0008472493;-0,01009761;
2027,672;0,00192175;-0,009018078;
2029,535;0,002305757;-0,00862905;
2031,399;0,001558248;-0,009371552;
2033,263;0,00170672;-0,009218087;
2035,126;0,002579024;-0,008340804;
2036,990;0,002718279;-0,008196583;
2038,854;0,002680452;-0,008229458;
2040,717;0,002706388;-0,008198583;
2042,581;0,002921399;-0,007978647;
2044,445;0,00371394;-0,007181194;
2046,308;0,004236864;-0,006653372;
2048,172;0,004131157;-0,006754194;
2050,036;0,004866636;-0,006013844;
2051,899;0,005849573;-0,005026048;
2053,763;0,005474895;-0,005395882;
2055,627;0,005375821;-0,005490123;
2057,490;0,005307885;-0,00555324;
2059,354;0,005733941;-0,005122379;
2061,218;0,006310047;-0,00454148;
2063,081;0,006117515;-0,004729232;
2064,945;0,006020559;-0,004821421;
2066,809;0,006019431;-0,004817796;
2068,672;0,005535984;-0,005296502;
2070,536;0,005328877;-0,00549888;
2072,400;0,005849258;-0,004973784;
2074,264;0,006138412;-0,004679927;
2076,127;0,006115265;-0,004698384;
2077,991;0,006521287;-0,004287685;
2079,855;0,006877332;-0,003926975;
2081,718;0,006895263;-0,003904391;
2083,582;0,006609173;-0,004185841;
2085,446;0,006409407;-0,004380979;
2087,309;0,006112557;-0,004673214;
2089,173;0,005992873;-0,004788296;
2091,037;0,005825019;-0,004951559;
2092,900;0,005576152;-0,005195848;
2094,764;0,005655823;-0,005111611;
2096,628;0,005643616;-0,005119264;
2098,491;0,00556773;-0,005190608;
2100,355;0,005588067;-0,005165742;
2102,219;0,006072239;-0,004677053;
2104,082;0,006175484;-0,004569301;
2105,946;0,005744373;-0,004995919;
2107,810;0,005735678;-0,005000133;
2109,673;0,00551189;-0,005219451;
2111,537;0,005672669;-0,005054213;
2113,401;0,006213032;-0,004509404;
2115,264;0,006392399;-0,004325603;
2117,128;0,006351482;-0,004362097;
2118,992;0,005888859;-0,004820309;
2120,855;0,005126807;-0,005577961;
2122,719;0,004785067;-0,005915313;
2124,583;0,004553679;-0,006142325;
2126,446;0,004393608;-0,006298031;
2128,310;0,003883544;-0,006803741;
2130,174;0,003149098;-0,007533846;
2132,037;0,002620357;-0,008058256;
2133,901;0,002490994;-0,0081833;
2135,765;0,002749525;-0,007920461;
2137,628;0,00298495;-0,007680739;
2139,492;0,002708314;-0,00795309;
2141,356;0,002927818;-0,007729312;
2143,219;0,003001818;-0,007651048;
2145,083;0,001787314;-0,0088613;
2146,947;0,0009582363;-0,009686137;
2148,810;0,001350898;-0,009289245;
2150,674;0,001214187;-0,009421738;
2152,538;0,0001124526;-0,01051926;
2154,401;-0,0009816614;-0,01160918;
2156,265;-0,001333878;-0,01195721;
2158,129;-0,001266015;-0,01188517;
2159,992;-4,199745E-5;-0,01065699;
2161,856;0,0001395258;-0,01047131;
2163,720;0,0006201144;-0,009986582;
2165,583;0,001695979;-0,008906585;
2167,447;0,0009514558;-0,009646987;
2169,311;0,0004806754;-0,01011366;
2171,174;0,0003928455;-0,01019739;
2173,038;-3,055299E-5;-0,01061669;
2174,902;0,0006797478;-0,009902314;
2176,765;0,001099822;-0,00947817;
2178,629;0,001327233;-0,009246701;
2180,493;0,001229898;-0,009339988;
2182,356;0,001393425;-0,009172423;
2184,220;0,001163066;-0,009398755;
2186,084;0,001309413;-0,009248391;
2187,947;0,001991649;-0,008562147;
2189,811;0,001938544;-0,008611256;
2191,675;0,00179719;-0,008748623;
2193,538;0,002076559;-0,008465278;
2195,402;0,002217387;-0,008320484;
2197,266;0,002469248;-0,008064667;
2199,129;0,002581779;-0,00794819;
2200,993;0,00307443;-0,007451603;
2202,857;0,003148842;-0,007373265;
2204,720;0,003303503;-0,007214688;
2206,584;0,003180155;-0,00733413;
2208,448;0,00303409;-0,007476299;
2210,311;0,003338326;-0,007168176;
2212,175;0,003126603;-0,007376022;
2214,039;0,002690315;-0,007808443;
2215,902;0,003230724;-0,007264178;
2217,766;0,003483872;-0,007007182;
2219,630;0,003046795;-0,007440422;
2221,493;0,003234304;-0,007249084;
2223,357;0,003441299;-0,007038271;
2225,221;0,003537351;-0,00693841;
2227,084;0,003636445;-0,006835516;
2228,948;0,003779806;-0,006688366;
2230,812;0,004046687;-0,006417705;
2232,675;0,004307221;-0,0061534;
2234,539;0,004850954;-0,005605906;
2236,403;0,005162095;-0,005291012;
2238,266;0,005249435;-0,00519993;
2240,130;0,005166596;-0,005279036;
2241,994;0,004983883;-0,005458025;
2243,857;0,005028283;-0,00540991;
2245,721;0,005201994;-0,005232494;
2247,585;0,005707699;-0,004723093;
2249,448;0,005592505;-0,004834599;
2251,312;0,004932145;-0,005491282;
2253,176;0,005017237;-0,005402521;
2255,039;0,005427374;-0,004988724;
2256,903;0,005789975;-0,004622473;
2258,767;0,005761029;-0,004647777;
2260,630;0,006090486;-0,004314688;
2262,494;0,006252731;-0,00414882;
2264,358;0,006161619;-0,004236317;
2266,221;0,006103419;-0,004290911;
2268,085;0,006320223;-0,00407051;
2269,949;0,006726225;-0,003660921;
2271,812;0,007049817;-0,003333749;
2273,676;0,007271443;-0,003108553;
2275,540;0,007225082;-0,003151352;
2277,403;0,007300308;-0,003072573;
2279,267;0,007797885;-0,002571452;
2281,131;0,008076132;-0,00228967;
2282,994;0,00833144;-0,002030835;
2284,858;0,008433796;-0,001924961;
2286,722;0,008252816;-0,002102431;
2288,585;0,008423242;-0,001928504;
2290,449;0,008650379;-0,001697875;
2292,313;0,008607537;-0,001737233;
2294,176;0,008445361;-0,001895933;
2296,040;0,008526751;-0,001811076;
2297,904;0,008824565;-0,001509804;
2299,767;0,008831199;-0,001499719;
2301,631;0,008755819;-0,001571657;
2303,495;0,008793781;-0,001530263;
2305,358;0,008895312;-0,001425306;
2307,222;0,009010139;-0,001307063;
2309,086;0,008992258;-0,001321535;
2310,949;0,008936831;-0,001373562;
2312,813;0,008965597;-0,001341404;
2314,677;0,009070772;-0,001232845;
2316,540;0,00923373;-0,001066511;
2318,404;0,009594258;-0,0007026157;
2320,268;0,009691862;-0,0006016515;
2322,131;0,009946462;-0,0003437004;
2323,995;0,01003119;-0,0002556247;
2325,859;0,009475123;-0,0008083613;
2327,722;0,008973147;-0,00130701;
2329,586;0,008972524;-0,001304314;
2331,450;0,009065286;-0,00120824;
2333,313;0,008824643;-0,001445579;
2335,177;0,008711725;-0,001555202;
2337,041;0,008669633;-0,001594006;
2338,904;0,008623616;-0,001636744;
2340,768;0,008697662;-0,001559426;
2342,632;0,008921564;-0,00133226;
2344,495;0,00897252;-0,001278047;
2346,359;0,008987614;-0,001259705;
2348,223;0,009015533;-0,001228545;
2350,087;0,008903123;-0,001337722;
2351,950;0,008903152;-0,001334467;
2353,814;0,009085663;-0,001148739;
2355,678;0,009234303;-0,0009968882;
2357,541;0,009056789;-0,001171199;
2359,405;0,008812033;-0,00141276;
2361,269;0,008632565;-0,001589041;
2363,132;0,008363786;-0,00185464;
2364,996;0,008291266;-0,001923988;
2366,860;0,008508845;-0,001703244;
2368,723;0,008881118;-0,001327814;
2370,587;0,009235111;-0,000970671;
2372,451;0,009696505;-0,0005061339;
2374,314;0,0100085;-0,0001910003;
2376,178;0,01022905;3,267683E-5;
2378,042;0,01078215;0,0005888923;
2379,905;0,01160585;0,001415707;
2381,769;0,01220136;0,002014326;
2383,633;0,01279053;0,00260659;
2385,496;0,01358085;0,003400002;
2387,360;0,01447227;0,004294506;
2389,224;0,01520488;0,005030192;
2391,087;0,01616177;0,005990152;
2392,951;0,01694665;0,006778095;
2394,815;0,0171562;0,0069907;
2396,678;0,01682205;0,006659598;
2398,542;0,01586536;0,005705955;
2400,406;0,01482614;0,004669762;
2402,269;0,01384306;0,003689714;
2404,133;0,01307065;0,002920317;
2405,997;0,01256793;0,002420617;
2407,860;0,01220666;0,002062355;
2409,724;0,01197325;0,001831936;
2411,588;0,01178981;0,00165149;
2413,451;0,0116712;0,001535863;
2415,315;0,01186569;0,00173333;
2417,179;0,01210456;0,001975175;
2419,042;0,01179245;0,001666029;
2420,906;0,0115623;0,001438842;
2422,770;0,01193757;0,001817061;
2424,633;0,01214899;0,002031424;
2426,497;0,01184794;0,001733313;
2428,361;0,01164488;0,001533182;
2430,224;0,01167247;0,001563689;
2432,088;0,01129611;0,001190249;
2433,952;0,0108227;0,0007197463;
2435,815;0,01081277;0,0007127259;
2437,679;0,01087939;0,0007822406;
2439,543;0,01096522;0,0008709632;
2441,406;0,01083265;0,000741279;
2443,270;0,01050276;0,0004142571;
2445,134;0,01039388;0,0003082552;
2446,997;0,01044945;0,0003666879;
2448,861;0,01056256;0,0004826513;
2450,725;0,01056022;0,0004831592;
2452,588;0,0103606;0,0002863878;
2454,452;0,0103876;0,0003162311;
2456,316;0,01045845;0,0003899047;
2458,179;0,01010563;3,99118E-5;
2460,043;0,01003829;-2,460511E-5;
2461,907;0,01006804;7,95087E-6;
2463,770;0,009810984;-0,0002462971;
2465,634;0,009884627;-0,0001698543;
2467,498;0,01029054;0,0002388552;
2469,361;0,01048613;0,0004372259;
2471,225;0,01025239;0,0002062648;
2473,089;0,01025853;0,0002151833;
2474,952;0,01035437;0,0003137937;
2476,816;0,01043717;0,0003993559;
2478,680;0,0103575;0,0003224338;
2480,543;0,010229;0,0001966909;
2482,407;0,01009348;6,390632E-5;
2484,271;0,01005674;2,990639E-5;
2486,134;0,01011474;9,064299E-5;
2487,998;0,01018161;0,0001602322;
2489,862;0,01012617;0,0001075098;
2491,725;0,009939443;-7,650397E-5;
2493,589;0,009913932;-9,930874E-5;
2495,453;0,009699856;-0,0003106838;
2497,316;0,009597102;-0,0004107435;
2499,180;0,009478222;-0,0005269355;
2501,044;0,009226672;-0,0007758038;
2502,907;0,009246158;-0,0007536419;
2504,771;0,009083721;-0,0009134086;
2506,635;0,009045817;-0,0009486478;
2508,498;0,009219296;-0,0007725104;
2510,362;0,009239996;-0,0007491581;
2512,226;0,009409649;-0,0005768583;
2514,089;0,009524397;-0,0004594697;
2515,953;0,00929921;-0,0006820227;
2517,817;0,009234768;-0,0007438356;
2519,680;0,009152314;-0,0008236661;
2521,544;0,009143641;-0,000829722;
2523,408;0,009354656;-0,0006160953;
2525,271;0,009214227;-0,0007539195;
2527,135;0,009006177;-0,000959369;
2528,999;0,009120854;-0,0008420985;
2530,862;0,009354707;-0,0006056568;
2532,726;0,00939159;-0,0005661914;
2534,590;0,00929591;-0,0006592936;
2536,453;0,009409449;-0,0005431837;
2538,317;0,009351819;-0,0005982479;
2540,181;0,009153932;-0,0007935746;
2542,044;0,009245547;-0,0006994053;
2543,908;0,009322366;-0,000620038;
2545,772;0,009503708;-0,0004361524;
2547,635;0,009631927;-0,0003053962;
2549,499;0,009652658;-0,0002821332;
2551,363;0,009602223;-0,0003300408;
2553,226;0,009570876;-0,0003588676;
2555,090;0,009340471;-0,0005867564;
2556,954;0,009305429;-0,0006192891;
2558,817;0,009618837;-0,0003033766;
2560,681;0,009649697;-0,0002700177;
2562,545;0,009749124;-0,0001680969;
2564,408;0,009892736;-2,199665E-5;
2566,272;0,009737698;-0,0001745518;
2568,136;0,009435222;-0,0004745506;
2569,999;0,009462884;-0,0004444162;
2571,863;0,009661575;-0,0002432595;
2573,727;0,009780778;-0,0001215949;
2575,590;0,009904139;4,222446E-6;
2577,454;0,009963921;6,645461E-5;
2579,318;0,009961205;6,618392E-5;
2581,181;0,0101078;0,0002152172;
2583,045;0,01021671;0,0003265616;
2584,909;0,01014924;0,0002615196;
2586,772;0,01017552;0,0002902233;
2588,636;0,01047477;0,0005918975;
2590,500;0,0104792;0,0005987375;
2592,363;0,01045012;0,0005720688;
2594,227;0,01046822;0,0005925689;
2596,091;0,01059193;0,0007186785;
2597,954;0,01072629;0,0008554305;
2599,818;0,01083305;0,0009645825;
2601,682;0,01083853;0,0009724441;
2603,545;0,01067901;0,0008152974;
2605,409;0,01066356;0,0008022225;
2607,273;0,01082462;0,0009656532;
2609,136;0,01081196;0,0009553545;
2611,000;0,01092828;0,001074035;
2612,864;0,01106132;0,001209427;
2614,727;0,01107366;0,001224105;
2616,591;0,01109474;0,001247527;
2618,455;0,01118601;0,001341136;
2620,318;0,01119235;0,001349807;
2622,182;0,01119525;0,001355037;
2624,046;0,01128608;0,001448194;
2625,910;0,01154537;0,001709802;
2627,773;0,01155985;0,00172659;
2629,637;0,01157518;0,001744225;
2631,501;0,01162131;0,00179266;
2633,364;0,01151199;0,001685639;
2635,228;0,01151246;0,0016884;
2637,092;0,01169894;0,001877169;
2638,955;0,01192898;0,002109493;
2640,819;0,01195352;0,002136314;
2642,683;0,01192532;0,002110387;
2644,546;0,01188868;0,002076014;
2646,410;0,01193658;0,002126174;
2648,274;0,01186463;0,002056489;
2650,137;0,01190496;0,002099073;
2652,001;0,01199619;0,002192549;
2653,865;0,01206924;0,002267842;
2655,728;0,01218369;0,002384536;
2657,592;0,01212131;0,002324386;
2659,456;0,01208253;0,002287841;
2661,319;0,01191205;0,002119587;
2663,183;0,01188191;0,002091662;
2665,047;0,01196748;0,002179452;
2666,910;0,0118766;0,00209079;
2668,774;0,0118241;0,002040489;
2670,638;0,01182467;0,002043269;
2672,501;0,01180019;0,00202098;
2674,365;0,01184742;0,002070405;
2676,229;0,01184874;0,002073921;
2678,092;0,01180477;0,002032133;
2679,956;0,01188329;0,002112827;
2681,820;0,01209265;0,002324366;
2683,683;0,01234715;0,002581033;
2685,547;0,01246107;0,002697126;
2687,411;0,01238476;0,002622978;
2689,274;0,01229586;0,002536228;
2691,138;0,01235388;0,002596403;
2693,002;0,01227682;0,002521497;
2694,865;0,01236515;0,002611967;
2696,729;0,0125782;0,002827159;
2698,593;0,01262885;0,002879941;
2700,456;0,01266627;0,002919491;
2702,320;0,01280907;0,003064418;
2704,184;0,01290788;0,003165347;
2706,047;0,01297616;0,003235747;
2707,911;0,01311015;0,003371853;
2709,775;0,01321446;0,003478265;
2711,638;0,01339882;0,003664736;
2713,502;0,01355239;0,003820408;
2715,366;0,01352536;0,003795471;
2717,229;0,01363928;0,003911483;
2719,093;0,01362168;0,00389597;
2720,957;0,01360217;0,00387854;
2722,820;0,01377248;0,004050933;
2724,684;0,01402532;0,004305848;
2726,548;0,01457621;0,004858806;
2728,411;0,01516078;0,005445438;
2730,275;0,01532275;0,005609473;
2732,139;0,01528849;0,005577268;
2734,002;0,01525713;0,00554796;
2735,866;0,01508031;0,005373194;
2737,730;0,01508179;0,005376718;
2739,593;0,01515498;0,005451942;
2741,457;0,01497503;0,005274036;
2743,321;0,01479337;0,005094402;
2745,184;0,01457815;0,004881212;
2747,048;0,01439899;0,004704078;
2748,912;0,01455543;0,004862536;
2750,775;0,0148671;0,005176221;
2752,639;0,01508513;0,005396267;
2754,503;0,01508724;0,005400383;
2756,366;0,01501109;0,005326234;
2758,230;0,01497147;0,005288615;
2760,094;0,01489431;0,005213448;
2761,957;0,01489727;0,005218403;
2763,821;0,01493679;0,005259912;
2765,685;0,01496979;0,00529489;
2767,548;0,01503409;0,005361167;
2769,412;0,01505255;0,00538161;
2771,276;0,01492167;0,0052527;
2773,139;0,01483105;0,005164042;
2775,003;0,01498666;0,005321622;
2776,867;0,01549094;0,005827861;
2778,730;0,01572252;0,006061395;
2780,594;0,01554234;0,005883165;
2782,458;0,01542324;0,005766009;
2784,321;0,01522607;0,005570783;
2786,185;0,015065;0,005411658;
2788,049;0,01478431;0,005132899;
2789,912;0,01465297;0,005003497;
2791,776;0,01501321;0,005365667;
2793,640;0,01513876;0,005493142;
2795,503;0,01487892;0,005235221;
2797,367;0,01465724;0,005015456;
2799,231;0,01484262;0,005202751;
2801,094;0,01501483;0,005376866;
2802,958;0,01496405;0,005327995;
2804,822;0,01478879;0,005154628;
2806,685;0,01474309;0,005110834;
2808,549;0,01466879;0,005038427;
2810,413;0,0146451;0,005016622;
2812,276;0,01473934;0,005112754;
2814,140;0,01468173;0,005057023;
2816,004;0,01456813;0,004945301;
2817,867;0,01448992;0,004868965;
2819,731;0,01448461;0,004865527;
2821,595;0,01447545;0,004858231;
2823,458;0,01423814;0,004622786;
2825,322;0,01412055;0,004507056;
2827,186;0,01420344;0,004591805;
2829,049;0,01414411;0,004534325;
2830,913;0,01389768;0,004289747;
2832,777;0,01372324;0,004117154;
2834,640;0,01369074;0,004086494;
2836,504;0,01363447;0,004032067;
2838,368;0,01350605;0,003905484;
2840,231;0,01370815;0,004109415;
2842,095;0,01388278;0,004285873;
2843,959;0,013857;0,004261909;
2845,822;0,01373477;0,004141505;
2847,686;0,01348099;0,003889539;
2849,550;0,0134236;0,00383396;
2851,413;0,01349166;0,003903829;
2853,277;0,01345098;0,003864958;
2855,141;0,01337474;0,003790525;
2857,004;0,01329991;0,003717494;
2858,868;0,01317434;0,003593721;
2860,732;0,01313501;0,003556175;
2862,595;0,01329094;0,003713893;
2864,459;0,0133535;0,003778241;
2866,323;0,01329178;0,003718301;
2868,186;0,01321447;0,003642769;
2870,050;0,01301727;0,003447349;
2871,914;0,01281548;0,003247326;
2873,777;0,01290495;0,003338564;
2875,641;0,01333387;0,003769246;
2877,505;0,01342257;0,003859707;
2879,368;0,01324133;0,003680231;
2881,232;0,01310501;0,003545659;
2883,096;0,01311142;0,003553824;
2884,959;0,01313238;0,003576528;
2886,823;0,0131881;0,003633996;
2888,687;0,01319402;0,003641654;
2890,550;0,01316789;0,003617265;
2892,414;0,01302273;0,003473832;
2894,278;0,01289824;0,003351077;
2896,141;0,0128801;0,003334667;
2898,005;0,01292126;0,003377548;
2899,869;0,01300948;0,003467491;
2901,733;0,01305272;0,003512445;
2903,596;0,01288352;0,003344959;
2905,460;0,0126497;0,003112849;
2907,324;0,01265279;0,003117649;
2909,187;0,01284392;0,003310479;
2911,051;0,01292791;0,003396168;
2912,915;0,01281842;0,003288374;
2914,778;0,0127219;0,003193553;
2916,642;0,0127133;0,003186646;
2918,506;0,01269341;0,003168442;
2920,369;0,01270614;0,003182861;
2922,233;0,01269863;0,003177024;
2924,097;0,01274346;0,003223536;
2925,960;0,01265192;0,003133674;
2927,824;0,01266721;0,003150634;
2929,688;0,01285243;0,00333752;
2931,551;0,01307157;0,00355833;
2933,415;0,01301398;0,003502396;
2935,279;0,01299166;0,003481738;
2937,142;0,01316917;0,003660905;
2939,006;0,01329613;0,003789513;
2940,870;0,01328304;0,003778072;
2942,733;0,01315337;0,003650051;
2944,597;0,0131644;0,003662722;
2946,461;0,01330588;0,003805843;
2948,324;0,01336077;0,003862367;
2950,188;0,01342791;0,003931148;
2952,052;0,01325772;0,00376259;
2953,915;0,01316311;0,003669599;
2955,779;0,01359733;0,00410545;
2957,643;0,01376676;0,0042765;
2959,506;0,01354014;0,0040515;
2961,370;0,01347867;0,003991646;
2963,234;0,01360442;0,004119002;
2965,097;0,01370975;0,004225946;
2966,961;0,01387367;0,004391472;
2968,825;0,01396981;0,004489219;
2970,688;0,01392692;0,00444793;
2972,552;0,01382188;0,004344487;
2974,416;0,01388115;0,004405346;
2976,279;0,01397543;0,004501219;
2978,143;0,01394223;0,004469607;
2980,007;0,01396395;0,004492907;
2981,870;0,0141672;0,00469774;
2983,734;0,01421843;0,004750552;
2985,598;0,01432563;0,004859326;
2987,461;0,01430069;0,004835968;
2989,325;0,01431118;0,004848025;
2991,189;0,01447545;0,005013861;
2993,052;0,01455332;0,005093292;
2994,916;0,01441804;0,004959575;
2996,780;0,01438602;0,004929119;
2998,643;0,0145461;0,005090748;
3000,507;0,01463619;0,005182394;
3002,371;0,01457407;0,005121826;
3004,234;0,01461818;0,005167482;
3006,098;0,01478961;0,005340462;
3007,962;0,01492394;0,005476326;
3009,825;0,01487563;0,005429563;
3011,689;0,01470345;0,005258918;
3013,553;0,01475462;0,005311617;
3015,416;0,01496351;0,005522039;
3017,280;0,01479178;0,005351835;
3019,144;0,01485228;0,005413857;
3021,007;0,01500568;0,00556878;
3022,871;0,0151384;0,00570302;
3024,735;0,0151511;0,005717235;
3026,598;0,01511263;0,005680275;
3028,462;0,01518415;0,005753304;
3030,326;0,01537885;0,005949516;
3032,189;0,01551711;0,006089279;
3034,053;0,01549397;0,006067641;
3035,917;0,01561631;0,006191483;
3037,780;0,01554833;0,006125;
3039,644;0,0152425;0,005820658;
3041,508;0,01526477;0,005844423;
3043,371;0,01555584;0,006136986;
3045,235;0,01582631;0,00640894;
3047,099;0,01581375;0,006397862;
3048,962;0,01577238;0,006357975;
3050,826;0,0156712;0,006258272;
3052,690;0,01586648;0,006455021;
3054,553;0,01611573;0,00670574;
3056,417;0,01604242;0,006633904;
3058,281;0,01590763;0,006500586;
3060,144;0,01598648;0,006580891;
3062,008;0,01600242;0,006598295;
3063,872;0,01611657;0,006713909;
3065,735;0,01645451;0,007053296;
3067,599;0,01657762;0,007177861;
3069,463;0,0161648;0,006766491;
3071,326;0,01610248;0,006705623;
3073,190;0,01634877;0,006953355;
3075,054;0,01663467;0,007240701;
3076,917;0,01665695;0,007264424;
3078,781;0,01664035;0,007249255;
3080,645;0,01647174;0,007082081;
3082,508;0,0165761;0,007187876;
3084,372;0,01659564;0,007208844;
3086,236;0,01656321;0,007177838;
3088,099;0,01667476;0,007290818;
3089,963;0,0168597;0,007477181;
3091,827;0,01684898;0,007467879;
3093,690;0,0166619;0,007282215;
3095,554;0,0167352;0,007356935;
3097,418;0,0170381;0,007661241;
3099,281;0,01714342;0,007767974;
3101,145;0,01714767;0,007773625;
3103,009;0,01714698;0,007774342;
3104,872;0,01725787;0,007886635;
3106,736;0,01724464;0,007874801;
3108,600;0,01729431;0,007925872;
3110,463;0,01743977;0,008072728;
3112,327;0,01746279;0,008097138;
3114,191;0,01745073;0,008086461;
3116,054;0,0174609;0,008098023;
3117,918;0,01728205;0,007920553;
3119,782;0,01739426;0,008034144;
3121,645;0,01766578;0,008307042;
3123,509;0,01782;0,008462638;
3125,373;0,01780179;0,008445807;
3127,236;0,01762698;0,008272364;
3129,100;0,01761074;0,008257494;
3130,964;0,01782533;0,00847345;
3132,827;0,01781975;0,008469237;
3134,691;0,01793714;0,008587991;
3136,555;0,0180639;0,008716113;
3138,418;0,01812868;0,008782246;
3140,282;0,01809195;0,008746875;
3142,146;0,01824102;0,008897291;
3144,009;0,01820252;0,008860148;
3145,873;0,01824666;0,008905633;
3147,737;0,01827321;0,008933528;
3149,600;0,0183249;0,008986557;
3151,464;0,01819835;0,00886135;
3153,328;0,01826812;0,008932452;
3155,191;0,01834023;0,009005907;
3157,055;0,0183323;0,008999301;
3158,919;0,01846109;0,009129422;
3160,782;0,01879719;0,009466859;
3162,646;0,01867539;0,009346377;
3164,510;0,01872208;0,009394393;
3166,373;0,01888915;0,009562783;
3168,237;0,0189276;0,009602558;
3170,101;0,01886875;0,009545018;
3171,964;0,01864697;0,009324559;
3173,828;0,01859597;0,009274871;
3175,692;0,01876469;0,009444899;
3177,556;0,01878503;0,009466551;
3179,419;0,01883254;0,009515358;
3181,283;0,0188119;0,009496024;
3183,147;0,01880246;0,009487882;
3185,010;0,01877038;0,009457107;
3186,874;0,01896478;0,009652803;
3188,738;0,01904418;0,009733493;
3190,601;0,01917929;0,009869899;
3192,465;0,01914914;0,009841039;
3194,329;0,01900507;0,009698251;
3196,192;0,01898796;0,009682425;
3198,056;0,01920315;0,009898902;
3199,920;0,01931579;0,01001282;
3201,783;0,01920322;0,009901526;
3203,647;0,01906922;0,009768808;
3205,511;0,01915062;0,009851482;
3207,374;0,01905432;0,009756445;
3209,238;0,01913231;0,009835705;
3211,102;0,01930968;0,01001435;
3212,965;0,01933865;0,01004458;
3214,829;0,01942474;0,01013193;
3216,693;0,01943514;0,0101436;
3218,556;0,01933785;0,01004756;
3220,420;0,01952969;0,01024066;
3222,284;0,01937404;0,01008626;
3224,147;0,01934697;0,01006045;
3226,011;0,0195774;0,01029212;
3227,875;0,01930474;0,01002071;
3229,738;0,01889413;0,009611347;
3231,602;0,01908379;0,009802249;
3233,466;0,01930271;0,01002241;
3235,329;0,01955628;0,01027721;
3237,193;0,01982365;0,01054582;
3239,057;0,01960769;0,0103311;
3240,920;0,01917769;0,009902335;
3242,784;0,01927456;0,01000043;
3244,648;0,01943545;0,01016255;
3246,511;0,01940851;0,01013683;
3248,375;0,01952403;0,01025358;
3250,239;0,01949023;0,010221;
3252,102;0,01916697;0,009898959;
3253,966;0,01898418;0,009717384;
3255,830;0,01931828;0,0100527;
3257,693;0,01952085;0,01025649;
3259,557;0,0191537;0,009890551;
3261,421;0,01900537;0,00974343;
3263,284;0,01914811;0,009887377;
3265,148;0,01932583;0,0100663;
3267,012;0,01939674;0,01013841;
3268,875;0,01923781;0,009980681;
3270,739;0,01899532;0,009739394;
3272,603;0,01902769;0,009772963;
3274,466;0,01924611;0,009992571;
3276,330;0,01934361;0,01009127;
3278,194;0,01923272;0,00998157;
3280,057;0,01930145;0,01005148;
3281,921;0,01932719;0,01007842;
3283,785;0,0194473;0,01019971;
3285,648;0,01950453;0,01025812;
3287,512;0,01930891;0,01006368;
3289,376;0,01918798;0,009943931;
3291,239;0,01923683;0,009993957;
3293,103;0,01914575;0,009904048;
3294,967;0,01907467;0,009834145;
3296,830;0,0192131;0,009973745;
3298,694;0,01931213;0,01007394;
3300,558;0,01922318;0,00998616;
3302,421;0,01912265;0,009886799;
3304,285;0,01922587;0,009991179;
3306,149;0,019432;0,01019847;
3308,012;0,01940083;0,01016846;
3309,876;0,01932398;0,01009276;
3311,740;0,01914895;0,009918894;
3313,603;0,01905805;0,009829141;
3315,467;0,01909781;0,009870056;
3317,331;0,01908701;0,009860406;
3319,194;0,01916772;0,009942258;
3321,058;0,01931522;0,01009091;
3322,922;0,01941756;0,01019438;
3324,785;0,01931044;0,01008841;
3326,649;0,01925055;0,01002966;
3328,513;0,01934251;0,01012275;
3330,376;0,01913049;0,009911874;
3332,240;0,01920637;0,009988882;
3334,104;0,01939134;0,01017498;
3335,967;0,01936996;0,01015474;
3337,831;0,01920932;0,009995224;
3339,695;0,01934446;0,01013149;
3341,558;0,01950756;0,01029572;
3343,422;0,01964081;0,01043009;
3345,286;0,0197215;0,0105119;
3347,149;0,01969004;0,01048156;
3349,013;0,01935234;0,01014498;
3350,877;0,01935652;0,01015027;
3352,740;0,01969426;0,01048912;
3354,604;0,01976521;0,01056119;
3356,468;0,01951726;0,01031434;
3358,331;0,01940942;0,01020761;
3360,195;0,01942406;0,01022336;
3362,059;0,01939639;0,01019679;
3363,922;0,01927768;0,01007918;
3365,786;0,01936065;0,01016325;
3367,650;0,01945839;0,01026209;
3369,513;0,01962294;0,01042774;
3371,377;0,01970187;0,01050776;
3373,241;0,01944267;0,01024966;
3375,104;0,01931862;0,0101267;
3376,968;0,01935135;0,01016052;
3378,832;0,01932625;0,01013651;
3380,695;0,01915435;0,009965688;
3382,559;0,01907198;0,009884403;
3384,423;0,01931209;0,01012559;
3386,286;0,01956699;0,01038157;
3388,150;0,01946579;0,01028145;
3390,014;0,01914035;0,009957093;
3391,877;0,01933268;0,0101505;
3393,741;0,01937466;0,01019355;
3395,605;0,01915219;0,009972153;
3397,468;0,01880831;0,009629343;
3399,332;0,01884855;0,009670645;
3401,196;0,0192968;0,01011997;
3403,059;0,01944519;0,01026942;
3404,923;0,01937267;0,01019796;
3406,787;0,0193735;0,01019985;
3408,650;0,01920686;0,01003428;
3410,514;0,01920141;0,01002988;
3412,378;0,01891784;0,009747366;
3414,241;0,01887551;0,00970609;
3416,105;0,018919;0,009750627;
3417,969;0,01900105;0,009833731;
3419,832;0,01897991;0,009813643;
3421,696;0,01903514;0,009869917;
3423,560;0,01899891;0,009834729;
3425,423;0,01885642;0,009693288;
3427,287;0,01871249;0,009550401;
3429,151;0,01873137;0,009570315;
3431,014;0,0185615;0,009401489;
3432,878;0,0185124;0,009353422;
3434,742;0,01862568;0,009467739;
3436,605;0,01872774;0,009570837;
3438,469;0,01848455;0,009328675;
3440,333;0,01829617;0,009141329;
3442,196;0,01823;0,009076187;
3444,060;0,01816912;0,009016333;
3445,924;0,01828186;0,009130097;
3447,787;0,01832307;0,009172329;
3449,651;0,01812728;0,008977555;
3451,515;0,01786943;0,008720731;
3453,379;0,01769844;0,008550755;
3455,242;0,0178891;0,008742434;
3457,106;0,01808672;0,00894107;
3458,970;0,01798386;0,008839223;
3460,833;0,0177609;0,008617274;
3462,697;0,01770643;0,008563813;
3464,561;0,01770849;0,008566886;
3466,424;0,01752083;0,008380234;
3468,288;0,01753743;0,008397836;
3470,152;0,01747939;0,008340798;
3472,015;0,01746322;0,00832563;
3473,879;0,01761763;0,008481041;
3475,743;0,017325;0,008189414;
3477,606;0,01722644;0,008091853;
3479,470;0,01737809;0,008244493;
3481,334;0,01733707;0,008204469;
3483,197;0,01726216;0,008130557;
3485,061;0,0173295;0,008198888;
3486,925;0,01719301;0,008063388;
3488,788;0,01687219;0,007743553;
3490,652;0,016872;0,007744353;
3492,516;0,01692766;0,007800989;
3494,379;0,01663638;0,007510693;
3496,243;0,01647827;0,007353573;
3498,107;0,01655507;0,007431351;
3499,970;0,0165229;0,007400158;
3501,834;0,01642565;0,007303881;
3503,698;0,01615299;0,007032195;
3505,561;0,01644318;0,007323367;
3507,425;0,01667286;0,007554015;
3509,289;0,01628609;0,007168217;
3511,152;0,01613785;0,007020944;
3513,016;0,0163777;0,007261758;
3514,880;0,01642623;0,007311257;
3516,743;0,01618853;0,007074519;
3518,607;0,01611662;0,007003572;
3520,471;0,01601274;0,006900655;
3522,334;0,01572828;0,006617161;
3524,198;0,01580942;0,006699252;
3526,062;0,0163242;0,007214988;
3527,925;0,01616409;0,007055839;
3529,789;0,01571344;0,006606139;
3531,653;0,01535333;0,006246984;
3533,516;0,01545453;0,006349133;
3535,380;0,01554035;0,006435907;
3537,244;0,0155922;0,0064887;
3539,107;0,01559824;0,006495683;
3540,971;0,01575774;0,006656137;
3542,835;0,01569402;0,00659336;
3544,698;0,01538661;0,00628689;
3546,562;0,01524964;0,006150861;
3548,426;0,01495669;0,005858846;
3550,289;0,01490284;0,005805931;
3552,153;0,01523363;0,006137655;
3554,017;0,01534991;0,006254878;
3555,880;0,01534895;0,00625485;
3557,744;0,0152133;0,006120133;
3559,608;0,01518111;0,006088866;
3561,471;0,01495565;0,005864332;
3563,335;0,01473132;0,005640936;
3565,199;0,01471512;0,005625663;
3567,062;0,01448653;0,005397998;
3568,926;0,01429792;0,005210312;
3570,790;0,01426838;0,00518169;
3572,653;0,01405274;0,004966972;
3574,517;0,01405631;0,004971456;
3576,381;0,01427215;0,005188216;
3578,244;0,01431941;0,005236388;
3580,108;0,01429405;0,00521194;
3581,972;0,0143795;0,005298303;
3583,835;0,01432679;0,005246506;
3585,699;0,01408545;0,005006075;
3587,563;0,01398392;0,004905458;
3589,426;0,0137207;0,004643144;
3591,290;0,01348456;0,004407905;
3593,154;0,01355953;0,004483778;
3595,017;0,01366323;0,004588388;
3596,881;0,01377566;0,004701721;
3598,745;0,01364173;0,004568687;
3600,608;0,01348204;0,004409898;
3602,472;0,01297025;0,003899004;
3604,336;0,01292471;0,003854361;
3606,199;0,01303671;0,003967256;
3608,063;0,01279991;0,00373135;
3609,927;0,01270622;0,003638547;
3611,790;0,01282792;0,00376114;
3613,654;0,01266912;0,003603224;
3615,518;0,01265343;0,003588424;
3617,381;0,01317374;0,004109622;
3619,245;0,01308052;0,004017288;
3621,109;0,01226858;0,003206225;
3622,972;0,01204057;0,002979097;
3624,836;0,01214976;0,003089168;
3626,700;0,01209656;0,003036848;
3628,563;0,0123046;0,003245768;
3630,427;0,0122265;0,00316854;
3632,291;0,01210572;0,003048637;
3634,154;0,01203359;0,002977381;
3636,018;0,01179012;0,002734788;
3637,882;0,01180909;0,002754633;
3639,745;0,0119765;0,002922907;
3641,609;0,01201392;0,002961195;
3643,473;0,01180333;0,002751474;
3645,336;0,01184967;0,002798676;
3647,200;0,01199496;0,002944837;
3649,064;0,01173247;0,002683208;
3650,927;0,01151465;0,002466251;
3652,791;0,01175079;0,002703248;
3654,655;0,01166487;0,002618186;
3656,518;0,01131176;0,00226594;
3658,382;0,01120555;0,002160584;
3660,246;0,01133467;0,002290558;
3662,109;0,01132006;0,002276802;
3663,973;0,01141688;0,002374473;
3665,837;0,01163853;0,002596982;
3667,700;0,0119308;0,002890098;
3669,564;0,01189387;0,002854014;
3671,428;0,01142964;0,002390632;
3673,291;0,01140186;0,0023637;
3675,155;0,01150883;0,002471513;
3677,019;0,01176781;0,002731339;
3678,882;0,01158924;0,002553608;
3680,746;0,01123279;0,002198005;
3682,610;0,01146455;0,002430603;
3684,473;0,01158981;0,002556701;
3686,337;0,01161515;0,002582876;
3688,201;0,01176558;0,002734142;
3690,064;0,01139113;0,00236053;
3691,928;0,01117483;0,002145064;
3693,792;0,01135007;0,002321138;
3695,655;0,01126708;0,002238976;
3697,519;0,0111717;0,002144424;
3699,383;0,0113846;0,002358156;
3701,246;0,01146442;0,002438798;
3703,110;0,01129237;0,002267582;
3704,974;0,01157708;0,002553112;
3706,837;0,01185234;0,002829194;
3708,701;0,01171771;0,002695388;
3710,565;0,01171263;0,002691126;
3712,428;0,01161592;0,002595236;
3714,292;0,01123272;0,002212857;
3716,156;0,01119;0,002170957;
3718,019;0,01125121;0,002232979;
3719,883;0,01121491;0,0021975;
3721,747;0,01132316;0,002306559;
3723,610;0,01134595;0,002330165;
3725,474;0,01127884;0,002263866;
3727,338;0,01146855;0,002454389;
3729,202;0,01181406;0,002800702;
3731,065;0,01182275;0,002810205;
3732,929;0,01153876;0,002527017;
3734,793;0,01200827;0,002997328;
3736,656;0,01228338;0,003273249;
3738,520;0,01270676;0,003697434;
3740,384;0,01241346;0,003404933;
3742,247;0,0117921;0,00278437;
3744,111;0,01111967;0,002112737;
3745,975;0,01126536;0,002259224;
3747,838;0,011717;0,002711665;
3749,702;0,01148455;0,002480008;
3751,566;0,01118511;0,002181368;
3753,429;0,01133328;0,002330329;
3755,293;0,01136291;0,002360753;
3757,157;0,01137823;0,002376866;
3759,020;0,01148799;0,002487415;
3760,884;0,01168167;0,002681876;
3762,748;0,01168322;0,002684219;
3764,611;0,01171935;0,002721136;
3766,475;0,01189603;0,002898602;
3768,339;0,01196055;0,002963906;
3770,202;0,01167028;0,00267441;
3772,066;0,01142492;0,002429833;
3773,930;0,01136853;0,002374224;
3775,793;0,01148233;0,002488802;
3777,657;0,01161988;0,002627137;
3779,521;0,01164295;0,002650976;
3781,384;0,01153717;0,002545981;
3783,248;0,01164301;0,002652586;
3785,112;0,01188532;0,002895671;
3786,975;0,01200337;0,003014493;
3788,839;0,01189532;0,002907217;
3790,703;0,01172224;0,002734909;
3792,566;0,01161568;0,002629114;
3794,430;0,01175805;0,002772259;
3796,294;0,0117159;0,002730873;
3798,157;0,01147538;0,002491119;
3800,021;0,01154615;0,00256265;
3801,885;0,01152971;0,002546979;
3803,748;0,01198667;0,0030047;
3805,612;0,01220358;0,003222364;
3807,476;0,01171866;0,002738212;
3809,339;0,01177304;0,002793342;
3811,203;0,01178147;0,002802538;
3813,067;0,01174823;0,002770049;
3814,930;0,01194499;0,00296757;
3816,794;0,01180788;0,002831209;
3818,658;0,01172597;0,002750058;
3820,521;0,01176871;0,002793542;
3822,385;0,01138724;0,002412822;
3824,249;0,01138317;0,002409511;
3826,112;0,01125217;0,002279259;
3827,976;0,01132873;0,002356568;
3829,840;0,01187135;0,002899928;
3831,703;0,01176992;0,002799245;
3833,567;0,01158932;0,00261939;
3835,431;0,01188246;0,002913274;
3837,294;0,0119038;0,002935353;
3839,158;0,01188828;0,002920575;
3841,022;0,01176557;0,002798609;
3842,885;0,01187597;0,002909752;
3844,749;0,01162457;0,002659089;
3846,613;0,01148719;0,002522438;
3848,476;0,01171117;0,002747155;
3850,340;0,01194543;0,002982153;
3852,204;0,01184743;0,002884885;
3854,067;0,01171855;0,002756744;
3855,931;0,01168011;0,002719035;
3857,795;0,01156224;0,002601891;
3859,658;0,01154219;0,002582574;
3861,522;0,01146132;0,002502425;
3863,386;0,01123982;0,002281656;
3865,249;0,01159139;0,002633955;
3867,113;0,01163414;0,002677427;
3868,977;0,01139323;0,002437241;
3870,840;0,01150354;0,002548272;
3872,704;0,01196132;0,00300678;
3874,568;0,01182285;0,002869024;
3876,431;0,01166578;0,00271268;
3878,295;0,01175059;0,002798206;
3880,159;0,01180872;0,002857056;
3882,022;0,01176198;0,002811032;
3883,886;0,01184397;0,002893739;
3885,750;0,01180063;0,002851112;
3887,613;0,01149689;0,002548089;
3889,477;0,01167225;0,002724163;
3891,341;0,01195115;0,003003771;
3893,204;0,01196456;0,003017896;
3895,068;0,01198209;0,003036135;
3896,932;0,01195367;0,003008417;
3898,795;0,01188122;0,002936677;
3900,659;0,01194228;0,002998447;
3902,523;0,01178307;0,002839947;
3904,386;0,0115891;0,002646679;
3906,250;0,0115988;0,002657081;
3908,114;0,01161366;0,002672647;
3909,977;0,01176814;0,002827823;
3911,841;0,01162398;0,002684364;
3913,705;0,01164361;0,002704699;
3915,568;0,01191465;0,002976438;
3917,432;0,01188566;0,002948142;
3919,296;0,01193347;0,002996644;
3921,159;0,01204461;0,003108483;
3923,023;0,01214078;0,003205352;
3924,887;0,01225481;0,003320074;
3926,750;0,01205059;0,003116548;
3928,614;0,01184646;0,002913107;
3930,478;0,01199692;0,003064258;
3932,341;0,01215753;0,003225559;
3934,205;0,0119643;0,003033013;
3936,069;0,01179892;0,00286832;
3937,932;0,01171168;0,002781771;
3939,796;0,01160214;0,002672917;
3941,660;0,01148272;0,00255418;
3943,523;0,01151239;0,002584536;
3945,387;0,01174432;0,002817145;
3947,251;0,01189488;0,002968395;
3949,114;0,01199268;0,003066877;
3950,978;0,01196697;0,003041847;
3952,842;0,01183925;0,0029148;
3954,705;0,01171854;0,002794766;
3956,569;0,01151351;0,002590421;
3958,433;0,01161275;0,00269033;
3960,296;0,01170086;0,002779123;
3962,160;0,01186416;0,002943096;
3964,024;0,01202041;0,003100016;
3965,887;0,01197358;0,003053854;
3967,751;0,01199786;0,003078806;
3969,615;0,01201641;0,003098032;
3971,478;0,01186589;0,002948178;
3973,342;0,01175446;0,00283742;
3975,206;0,01174907;0,002832698;
3977,069;0,01183757;0,00292186;
3978,933;0,0120344;0,003119359;
3980,797;0,01208176;0,003167384;
3982,660;0,01216209;0,003248379;
3984,524;0,01207914;0,003166092;
3986,388;0,01177104;0,002858656;
3988,251;0,01190754;0,002995815;
3990,115;0,01213363;0,003222564;
3991,979;0,01202935;0,003118942;
3993,842;0,01178207;0,002872323;
3995,706;0,0117738;0,002864713;
3997,570;0,01186691;0,002958473;
