;Apr12_TPC_0-0-1_LMW;Apr12_TPC_0-0-1_LMW (baseline corrected);
Wavelength [nm];Absorbance;absorbance;
650,420;0,05415467;0,007707132;
652,284;0,0541807;0,007940743;
654,148;0,05445194;0,008417799;
656,011;0,05503362;0,00920355;
657,875;0,05524315;0,009615403;
659,739;0,05446468;0,009037554;
661,602;0,05359888;0,008370683;
663,466;0,05361386;0,008582917;
665,330;0,05327602;0,008440671;
667,193;0,05435768;0,00971629;
669,057;0,05656093;0,01211188;
670,921;0,05666301;0,01240471;
672,784;0,05711216;0,01304302;
674,648;0,05758427;0,01370272;
676,512;0,05836609;0,01467059;
678,375;0,05898341;0,01547242;
680,239;0,05954533;0,01621734;
682,103;0,06009028;0,01694379;
683,966;0,06085955;0,01789308;
685,830;0,06137337;0,01858546;
687,694;0,06179344;0,01918263;
689,557;0,06184484;0,0194097;
691,421;0,06168264;0,01942175;
693,285;0,0614168;0,01932876;
695,149;0,06111736;0,01920078;
697,012;0,06037813;0,01863163;
698,876;0,05946017;0,0178824;
700,740;0,05847735;0,01706696;
702,603;0,05752707;0,01628274;
704,467;0,05627569;0,0151961;
706,331;0,05473064;0,01381448;
708,194;0,05279341;0,0120394;
710,058;0,05068626;0,01009312;
711,922;0,04849822;0,008064685;
713,785;0,04645208;0,006176908;
715,649;0,04456775;0,004449703;
717,513;0,04293346;0,002971315;
719,376;0,04152062;0,00171317;
721,240;0,04048343;0,0008294688;
723,104;0,0397253;0,0002236564;
724,967;0,03925593;-9,458317E-5;
726,831;0,0389522;-0,00024834;
728,695;0,03880671;-0,0002450001;
730,558;0,03866802;-0,0002359993;
732,422;0,03856143;-0,0001960325;
734,286;0,03850209;-0,0001099187;
736,149;0,03853552;6,785026E-5;
738,013;0,03848089;0,0001564787;
739,877;0,03848109;0,0002988446;
741,740;0,03848504;0,0004438988;
743,604;0,03859154;0,0006904447;
745,468;0,03856798;0,0008058716;
747,331;0,03854045;0,0009162962;
749,195;0,03857887;0,001091643;
751,059;0,03858756;0,001236244;
752,922;0,03853052;0,0013141;
754,786;0,03854666;0,001464146;
756,650;0,03853368;0,001584079;
758,513;0,03861206;0,001794391;
760,377;0,03867166;0,001984956;
762,241;0,03866126;0,002104562;
764,104;0,03868638;0,002258739;
765,968;0,03883023;0,002530704;
767,832;0,03884702;0,002674675;
769,695;0,03877876;0,002732676;
771,559;0,0387795;0,002858764;
773,423;0,03890573;0,003109444;
775,286;0,03896992;0,003297179;
777,150;0,03912222;0,003572138;
779,014;0,03931549;0,003887186;
780,877;0,03939578;0,004088385;
782,741;0,0394514;0,004264043;
784,605;0,0394355;0,004367339;
786,468;0,03937468;0,004424867;
788,332;0,03946108;0,004628764;
790,196;0,03944683;0,004731196;
792,059;0,03956771;0,004967924;
793,923;0,03961364;0,005128896;
795,787;0,03945719;0,005086682;
797,650;0,03932822;0,005071142;
799,514;0,03939485;0,005250411;
801,378;0,0394601;0,005427512;
803,241;0,03958419;0,005662683;
805,105;0,0397033;0,00589209;
806,969;0,03992626;0,006224601;
808,832;0,0402864;0,006693521;
810,696;0,04060403;0,007119194;
812,560;0,04084152;0,007463976;
814,423;0,0411193;0,007848309;
816,287;0,04145246;0,008287301;
818,151;0,04206882;0,009008765;
820,014;0,04292647;0,009970816;
821,878;0,04424141;0,01138943;
823,742;0,04594784;0,01319884;
825,605;0,04830186;0,01565514;
827,469;0,05157964;0,01903452;
829,333;0,05546514;0,02302093;
831,196;0,05919089;0,0268469;
833,060;0,06136511;0,02912068;
834,924;0,0610117;0,02886616;
836,787;0,05897989;0,02693259;
838,651;0,05625436;0,02430464;
840,515;0,05359602;0,02174323;
842,378;0,05130173;0,01954522;
844,242;0,04958113;0,01792027;
846,106;0,04830379;0,01673795;
847,969;0,04768329;0,01621185;
849,833;0,0476139;0,01623623;
851,697;0,04782573;0,01654122;
853,560;0,04822661;0,01703465;
855,424;0,04885269;0,01775266;
857,288;0,04948497;0,0184763;
859,151;0,05015022;0,0192323;
861,015;0,05070572;0,01987795;
862,879;0,05089546;0,02015728;
864,742;0,05070286;0,02005367;
866,606;0,05023312;0,01967237;
868,470;0,04935952;0,01888662;
870,333;0,04815193;0,01776632;
872,197;0,04676601;0,01646714;
874,061;0,04535816;0,01514547;
875,924;0,04381903;0,01369197;
877,788;0,04234752;0,01230555;
879,652;0,04088203;0,0109246;
881,515;0,03943614;0,009562733;
883,379;0,03815313;0,008363197;
885,243;0,03711632;0,007409345;
887,106;0,03625416;0,006629608;
888,970;0,03556814;0,006025507;
890,834;0,03507859;0,005617353;
892,697;0,03468239;0,005302047;
894,561;0,03435683;0,005056866;
896,425;0,03416568;0,004945604;
898,288;0,0341413;0,005000611;
900,152;0,03414695;0,005085155;
902,016;0,0340981;0,005114715;
903,879;0,034115;0,005209535;
905,743;0,03414124;0,00531322;
907,607;0,0342164;0,005465345;
909,470;0,03428226;0,005607696;
911,334;0,03430867;0,005710131;
913,198;0,03434889;0,005825907;
915,061;0,03447029;0,006022398;
916,925;0,03458814;0,006214897;
918,789;0,03466905;0,006369985;
920,652;0,03466726;0,006441931;
922,516;0,03472892;0,006576887;
924,380;0,0348597;0,006780508;
926,243;0,03498253;0,006975749;
928,107;0,03506491;0,007130104;
929,971;0,03516781;0,007304539;
931,834;0,03529397;0,007501811;
933,698;0,03547892;0,00775745;
935,562;0,03561202;0,007960811;
937,425;0,03575482;0,008173456;
939,289;0,03594131;0,00842937;
941,153;0,03614431;0,008701389;
943,016;0,0362316;0,008857285;
944,880;0,03639771;0,009091604;
946,744;0,03664952;0,009411215;
948,607;0,03695659;0,009785685;
950,471;0,03719177;0,01008787;
952,335;0,03739045;0,01035316;
954,198;0,03760304;0,01063198;
956,062;0,03789258;0,01098735;
957,926;0,03819104;0,01135126;
959,789;0,0385063;0,01173159;
961,653;0,03887557;0,01216555;
963,517;0,03927266;0,01262696;
965,380;0,03962105;0,01303929;
967,244;0,04001482;0,01349664;
969,108;0,04048048;0,01402551;
970,972;0,04094058;0,01454846;
972,835;0,04145863;0,01512899;
974,699;0,04200586;0,01573836;
976,563;0,04247533;0,0162696;
978,426;0,04306087;0,01691656;
980,290;0,04368978;0,01760653;
982,154;0,04433898;0,01831646;
984,017;0,045099;0,01913685;
985,881;0,04597297;0,02007085;
987,745;0,04688053;0,02103812;
989,608;0,04766922;0,02188616;
991,472;0,04784922;0,02212519;
993,336;0,04740946;0,02174412;
995,199;0,04690854;0,02130156;
997,063;0,04668764;0,0211387;
998,927;0,04664782;0,02115659;
1000,790;0,04673314;0,0212993;
1002,654;0,04679361;0,02141684;
1004,518;0,0468202;0,02150018;
1006,381;0,04684996;0,02158638;
1008,245;0,04692387;0,02171641;
1010,109;0,04698478;0,02183313;
1011,972;0,04699457;0,02189843;
1013,836;0,04701163;0,02197069;
1015,700;0,04706062;0,02207458;
1017,563;0,04707038;0,02213893;
1019,427;0,04709296;0,02221581;
1021,291;0,04715204;0,02232889;
1023,154;0,04725312;0,02248368;
1025,018;0,04738118;0,02266515;
1026,882;0,04761275;0,02294984;
1028,745;0,04789301;0,02328293;
1030,609;0,04829879;0,02374126;
1032,473;0,04854785;0,02404258;
1034,336;0,04837691;0,02392362;
1036,200;0,04802536;0,02362377;
1038,064;0,04794596;0,02359579;
1039,927;0,04812809;0,02382907;
1041,791;0,04850754;0,02425939;
1043,655;0,04897339;0,02477583;
1045,518;0,04948958;0,02534236;
1047,382;0,04980655;0,02570938;
1049,246;0,0498475;0,02580013;
1051,109;0,04988822;0,02589038;
1052,973;0,05000151;0,02605293;
1054,837;0,05019055;0,02629098;
1056,700;0,05049637;0,02664555;
1058,564;0,05083963;0,0270373;
1060,428;0,05121206;0,02745796;
1062,291;0,05161451;0,02790839;
1064,155;0,05211103;0,02845264;
1066,019;0,05277956;0,02916865;
1067,882;0,0535624;0,02999872;
1069,746;0,05442871;0,03091201;
1071,610;0,05542334;0,03195337;
1073,473;0,05648056;0,03305709;
1075,337;0,05762501;0,03424779;
1077,201;0,05873227;0,03540107;
1079,064;0,05982394;0,03653852;
1080,928;0,06094679;0,0377069;
1082,792;0,06219708;0,0390025;
1084,655;0,06353583;0,04038631;
1086,519;0,0649894;0,04188472;
1088,383;0,06657995;0,04351989;
1090,246;0,0682423;0,04522661;
1092,110;0,06981809;0,04684656;
1093,974;0,07133056;0,04840295;
1095,837;0,0726347;0,0497508;
1097,701;0,07368578;0,05084536;
1099,565;0,07449651;0,05169935;
1101,428;0,07520762;0,0524535;
1103,292;0,07571919;0,05300789;
1105,156;0,0760394;0,05337071;
1107,019;0,07619897;0,05357267;
1108,883;0,07622393;0,05363981;
1110,747;0,07604554;0,05350338;
1112,610;0,07575955;0,05325915;
1114,474;0,0754246;0,05296575;
1116,338;0,07506586;0,05264835;
1118,201;0,07451929;0,0521429;
1120,065;0,07390039;0,05156493;
1121,929;0,07325799;0,05096325;
1123,792;0,0725134;0,05025918;
1125,656;0,07162784;0,04941394;
1127,520;0,07065432;0,04848054;
1129,383;0,06952599;0,04739213;
1131,247;0,06838048;0,04628635;
1133,111;0,06717581;0,04512121;
1134,974;0,0660052;0,04398993;
1136,838;0,06485013;0,042874;
1138,702;0,06375889;0,04182171;
1140,565;0,06268802;0,04078959;
1142,429;0,06169408;0,03983422;
1144,293;0,06071173;0,03889025;
1146,156;0,05981787;0,03803458;
1148,020;0,0589364;0,03719112;
1149,884;0,05808024;0,03637278;
1151,747;0,05722446;0,03555464;
1153,611;0,05643296;0,03480059;
1155,475;0,05567848;0,03408339;
1157,338;0,05493905;0,03338105;
1159,202;0,05418205;0,03266097;
1161,066;0,05360824;0,0321239;
1162,929;0,05316054;0,03171276;
1164,793;0,05279355;0,03138216;
1166,657;0,0524391;0,03106392;
1168,520;0,05218119;0,03084205;
1170,384;0,0520062;0,03070293;
1172,248;0,0517757;0,03050813;
1174,111;0,05144171;0,03020966;
1175,975;0,05107509;0,02987839;
1177,839;0,05066195;0,02950044;
1179,702;0,05022468;0,0290982;
1181,566;0,04976643;0,02867481;
1183,430;0,04928626;0,02822933;
1185,293;0,04870311;0,02768072;
1187,157;0,04805978;0,02707175;
1189,021;0,04738038;0,02642656;
1190,884;0,04670636;0,02578658;
1192,748;0,04601327;0,02512738;
1194,612;0,0453064;0,02445424;
1196,475;0,04454385;0,02372525;
1198,339;0,04382711;0,02304193;
1200,203;0,04311457;0,02236264;
1202,066;0,04246268;0,02174386;
1203,930;0,04184731;0,02116144;
1205,794;0,04123868;0,0205856;
1207,657;0,0406534;0,02003297;
1209,521;0,04014121;0,01955328;
1211,385;0,03969076;0,01913517;
1213,248;0,03931142;0,01878803;
1215,112;0,03900554;0,01851419;
1216,976;0,03878703;0,01832759;
1218,839;0,03854512;0,01811743;
1220,703;0,03837093;0,01797485;
1222,567;0,03829014;0,01792552;
1224,430;0,03822991;0,01789661;
1226,294;0,03819336;0,01789124;
1228,158;0,0382746;0,01800352;
1230,021;0,03838862;0,01814843;
1231,885;0,03851583;0,0183064;
1233,749;0,03866167;0,01848286;
1235,612;0,03893614;0,0187878;
1237,476;0,03923627;0,01911827;
1239,340;0,03950169;0,0194139;
1241,203;0,0397931;0,01973538;
1243,067;0,04012019;0,0200924;
1244,931;0,04045742;0,02045942;
1246,795;0,04085194;0,02088361;
1248,658;0,04124942;0,02131062;
1250,522;0,04164681;0,02173741;
1252,386;0,04210073;0,0222206;
1254,249;0,04257465;0,02272366;
1256,113;0,04299704;0,02317506;
1257,977;0,04348327;0,02369017;
1259,840;0,04403736;0,02427301;
1261,704;0,04457648;0,02484076;
1263,568;0,04512262;0,02541539;
1265,431;0,04570619;0,02602733;
1267,295;0,04625645;0,02660584;
1269,159;0,04688186;0,02725937;
1271,022;0,04754715;0,02795266;
1272,886;0,04818391;0,02861729;
1274,750;0,04877842;0,02923956;
1276,613;0,04941359;0,02990237;
1278,477;0,05009961;0,0306159;
1280,341;0,05084924;0,03139292;
1282,204;0,0515157;0,03208665;
1284,068;0,05214524;0,03274334;
1285,932;0,05286469;0,03348983;
1287,795;0,05359098;0,03424304;
1289,659;0,05419696;0,03487582;
1291,523;0,05482995;0,03553549;
1293,386;0,05543961;0,03617173;
1295,250;0,0560581;0,03681667;
1297,114;0,05665944;0,03744435;
1298,977;0,05727592;0,03808706;
1300,841;0,05787363;0,03871089;
1302,705;0,05846727;0,03933053;
1304,568;0,05900716;0,03989632;
1306,432;0,05958591;0,04050085;
1308,296;0,06014986;0,04109047;
1310,159;0,06062407;0,04159024;
1312,023;0,06117142;0,04216304;
1313,887;0,06180852;0,0428255;
1315,750;0,0623676;0,04340981;
1317,614;0,06303331;0,04410064;
1319,478;0,06364519;0,04473755;
1321,341;0,0640847;0,04520198;
1323,205;0,06447071;0,04561281;
1325,069;0,06495662;0,04612342;
1326,932;0,06553708;0,04672849;
1328,796;0,06613825;0,04735416;
1330,660;0,06666788;0,04790819;
1332,523;0,0671647;0,0484293;
1334,387;0,06768664;0,04897543;
1336,251;0,06845655;0,04976944;
1338,114;0,06952;0,05085689;
1339,978;0,07056577;0,05192655;
1341,842;0,07092318;0,05230775;
1343,705;0,07123992;0,05264818;
1345,569;0,07188672;0,05331858;
1347,433;0,07271849;0,05417385;
1349,296;0,07354823;0,05502698;
1351,160;0,07437679;0,05587885;
1353,024;0,07517333;0,05669859;
1354,887;0,07594996;0,05749834;
1356,751;0,07648944;0,05806084;
1358,615;0,07697845;0,05857277;
1360,478;0,07785873;0,05947588;
1362,342;0,07925934;0,06089922;
1364,206;0,07991908;0,0615816;
1366,069;0,07999484;0,06167991;
1367,933;0,08049828;0,06220581;
1369,797;0,08107197;0,06280187;
1371,660;0,08150106;0,06325323;
1373,524;0,08269497;0,06446932;
1375,388;0,08360991;0,06540635;
1377,251;0,08381332;0,06563176;
1379,115;0,08408282;0,06592317;
1380,979;0,08441553;0,06627772;
1382,842;0,08466717;0,06655109;
1384,706;0,08502664;0,06693221;
1386,570;0,08620657;0,06813371;
1388,433;0,08695662;0,06890523;
1390,297;0,08642981;0,06839981;
1392,161;0,08607873;0,06807003;
1394,024;0,08683179;0,06884431;
1395,888;0,08728255;0,0693162;
1397,752;0,08710741;0,06916211;
1399,615;0,08677693;0,0688526;
1401,479;0,0855424;0,06763895;
1403,343;0,08466499;0,06678233;
1405,206;0,08412352;0,06626158;
1407,070;0,08310966;0,06526836;
1408,934;0,0819394;0,06411864;
1410,797;0,08110298;0,0633027;
1412,661;0,08006616;0,06228626;
1414,525;0,0788959;0,06113631;
1416,388;0,0779886;0,06024924;
1418,252;0,0784626;0,06074339;
1420,116;0,07817591;0,06047677;
1421,979;0,07646363;0,05878448;
1423,843;0,07527242;0,05761318;
1425,707;0,07409259;0,05645319;
1427,570;0,07310057;0,05548093;
1429,434;0,07261014;0,05501017;
1431,298;0,07189676;0,05431639;
1433,161;0,07064402;0,05308318;
1435,025;0,070497;0,05295561;
1436,889;0,07134421;0,05382219;
1438,752;0,07027253;0,05276981;
1440,616;0,0689095;0,05142601;
1442,480;0,06806166;0,05059732;
1444,343;0,06753899;0,05009372;
1446,207;0,06725067;0,0498244;
1448,071;0,06731919;0,04991185;
1449,934;0,0665197;0,04913122;
1451,798;0,06552674;0,04815704;
1453,662;0,06444453;0,04709354;
1455,525;0,06508057;0,04774822;
1457,389;0,06648773;0,04917394;
1459,253;0,06527537;0,04798009;
1461,116;0,06287009;0,04559323;
1462,980;0,06190488;0,04464637;
1464,844;0,06205523;0,04481501;
1466,707;0,06128758;0,04406557;
1468,571;0,05996896;0,04276511;
1470,435;0,0597012;0,04251542;
1472,298;0,0608478;0,04368003;
1474,162;0,06105491;0,04390508;
1476,026;0,06038469;0,04325274;
1477,889;0,05926123;0,04214707;
1479,753;0,05849321;0,04139679;
1481,617;0,05818816;0,04110942;
1483,480;0,05775261;0,04069147;
1485,344;0,05750982;0,04046622;
1487,208;0,05787254;0,04084641;
1489,071;0,0587766;0,04176788;
1490,935;0,05874158;0,0417502;
1492,799;0,05733392;0,04035981;
1494,662;0,05691021;0,03995332;
1496,526;0,05771027;0,04077053;
1498,390;0,05804379;0,04112112;
1500,253;0,05722283;0,04031719;
1502,117;0,05586221;0,03897352;
1503,981;0,05535379;0,038482;
1505,844;0,05748531;0,04063034;
1507,708;0,05948036;0,04264217;
1509,572;0,05800436;0,04118287;
1511,435;0,05640647;0,03960163;
1513,299;0,05529921;0,03851095;
1515,163;0,0551575;0,03838577;
1517,026;0,055334;0,03857873;
1518,890;0,05492125;0,03818238;
1520,754;0,05543918;0,03871665;
1522,618;0,05533302;0,03862677;
1524,481;0,05462949;0,03793946;
1526,345;0,05397709;0,03730322;
1528,209;0,05314277;0,036485;
1530,072;0,05200789;0,03536616;
1531,936;0,0519214;0,03529566;
1533,800;0,05226034;0,03565053;
1535,663;0,05082781;0,03423387;
1537,527;0,05010918;0,03353105;
1539,391;0,05155997;0,0349976;
1541,254;0,05297392;0,03642724;
1543,118;0,05209752;0,03556648;
1544,982;0,051074;0,03455854;
1546,845;0,04970031;0,03320039;
1548,709;0,04917541;0,03269095;
1550,573;0,04880516;0,03233612;
1552,436;0,04846955;0,03201587;
1554,300;0,0481957;0,03175732;
1556,164;0,04807759;0,03165447;
1558,027;0,05038493;0,033977;
1559,891;0,05220465;0,03581186;
1561,755;0,04953563;0,03315792;
1563,618;0,0477801;0,03141742;
1565,482;0,04707328;0,03072559;
1567,346;0,04684555;0,03051278;
1569,209;0,04736155;0,03104365;
1571,073;0,04696647;0,03066339;
1572,937;0,04571309;0,02942478;
1574,800;0,04582547;0,02955187;
1576,664;0,04667554;0,0304166;
1578,528;0,04586858;0,02962425;
1580,391;0,04475224;0,02852247;
1582,255;0,04404376;0,0278285;
1584,119;0,04379625;0,02759545;
1585,982;0,04344381;0,02725741;
1587,846;0,04316919;0,02699714;
1589,710;0,04278598;0,02662825;
1591,573;0,04247887;0,02633539;
1593,437;0,04228205;0,02615277;
1595,301;0,04223684;0,02612172;
1597,164;0,04196258;0,02586156;
1599,028;0,04172113;0,02563416;
1600,892;0,04165886;0,0255859;
1602,755;0,04173749;0,02567849;
1604,619;0,04181456;0,02576947;
1606,483;0,04206465;0,02603341;
1608,346;0,04236664;0,02634922;
1610,210;0,04254082;0,02653717;
1612,074;0,04240163;0,02641169;
1613,937;0,04250972;0,02653345;
1615,801;0,04379412;0,02783147;
1617,665;0,04467435;0,02872527;
1619,528;0,04413097;0,02819543;
1621,392;0,043869;0,02794693;
1623,256;0,04455405;0,02864542;
1625,119;0,04466649;0,02877125;
1626,983;0,04455996;0,02867806;
1628,847;0,04434283;0,02847423;
1630,710;0,04381529;0,02795994;
1632,574;0,04333868;0,02749654;
1634,438;0,04455287;0,02872388;
1636,301;0,04598724;0,03017137;
1638,165;0,04538242;0,02957962;
1640,029;0,04427234;0,02848257;
1641,892;0,04365014;0,02787335;
1643,756;0,04366904;0,02790519;
1645,620;0,044822;0,02907105;
1647,483;0,04575978;0,03002167;
1649,347;0,04452722;0,02880192;
1651,211;0,04455235;0,02883981;
1653,074;0,04748072;0,03178091;
1654,938;0,04769313;0,03200599;
1656,802;0,04578466;0,03011015;
1658,665;0,04447354;0,02881163;
1660,529;0,04443434;0,02878498;
1662,393;0,04479843;0,02916158;
1664,256;0,04441283;0,02878844;
1666,120;0,04348502;0,02787306;
1667,984;0,04333484;0,02773526;
1669,847;0,04355689;0,02796965;
1671,711;0,04283405;0,02725911;
1673,575;0,04220403;0,02664135;
1675,438;0,04196387;0,02641341;
1677,302;0,0407683;0,02523001;
1679,166;0,03967498;0,02414883;
1681,029;0,03869427;0,02318021;
1682,893;0,03920154;0,02369954;
1684,757;0,03946982;0,02397984;
1686,620;0,03824128;0,02276327;
1688,484;0,03671301;0,02124694;
1690,348;0,03550349;0,02004932;
1692,211;0,03427638;0,01883406;
1694,075;0,03386345;0,01843295;
1695,939;0,03366845;0,01824974;
1697,802;0,03314582;0,01773884;
1699,666;0,03314902;0,01775374;
1701,530;0,03171179;0,01632818;
1703,393;0,03032269;0,01495071;
1705,257;0,02892591;0,01356551;
1707,121;0,02779932;0,01245047;
1708,984;0,02647003;0,0111327;
1710,848;0,02517949;0,00985363;
1712,712;0,02437896;0,009064539;
1714,575;0,02408199;0,008778966;
1716,439;0,0242602;0,008968533;
1718,303;0,02389939;0,008619058;
1720,166;0,02250279;0,00723374;
1722,030;0,02138196;0,006124168;
1723,894;0,02057601;0,005329427;
1725,757;0,02000919;0,004773791;
1727,621;0,01946712;0,004242857;
1729,485;0,01924235;0,004029193;
1731,348;0,01903025;0,003828173;
1733,212;0,01977858;0,004587539;
1735,076;0,01958472;0,00440467;
1736,939;0,01868563;0,003516554;
1738,803;0,01798145;0,0028233;
1740,667;0,01768562;0,002538361;
1742,530;0,01747194;0,002335542;
1744,394;0,01703048;0,001904902;
1746,258;0,01682111;0,001706328;
1748,121;0,01682362;0,001719595;
1749,985;0,01694797;0,001854658;
1751,849;0,01656617;0,001483551;
1753,712;0,01571033;0,0006383592;
1755,576;0,01547607;0,0004147258;
1757,440;0,01525732;0,0002065619;
1759,303;0,01515567;0,0001154616;
1761,167;0,01531134;0,0002816454;
1763,031;0,01530756;0,0002883518;
1764,894;0,01482087;-0,0001878902;
1766,758;0,01474653;-0,0002518063;
1768,622;0,01475072;-0,0002372347;
1770,485;0,01512505;0,0001474486;
1772,349;0,01532999;0,0003627118;
1774,213;0,01502453;6,753952E-5;
1776,076;0,01458879;-0,0003579425;
1777,940;0,0142931;-0,0006434149;
1779,804;0,01439644;-0,0005298861;
1781,667;0,01431799;-0,0005981706;
1783,531;0,01437306;-0,0005329814;
1785,395;0,01424003;-0,0006559089;
1787,258;0,01405759;-0,0008282913;
1789,122;0,01387331;-0,001002538;
1790,986;0,01427874;-0,0005871037;
1792,849;0,01453885;-0,0003170293;
1794,713;0,01432488;-0,0005210534;
1796,577;0,01400614;-0,0008298834;
1798,441;0,0139395;-0,0008866493;
1800,304;0,01409955;-0,0007167543;
1802,168;0,01412717;-0,0006793204;
1804,032;0,01389992;-0,0008967786;
1805,895;0,01365743;-0,001129513;
1807,759;0,0135795;-0,001197724;
1809,623;0,01365367;-0,001113858;
1811,486;0,0136617;-0,001096157;
1813,350;0,01344408;-0,001304149;
1815,214;0,01319416;-0,001544456;
1817,077;0,01322055;-0,001508497;
1818,941;0,01328148;-0,001438017;
1820,805;0,01320091;-0,001509074;
1822,668;0,01329439;-0,001406104;
1824,532;0,01354094;-0,001150088;
1826,396;0,01356183;-0,00111977;
1828,259;0,01369854;-0,0009736651;
1830,123;0,01369133;-0,0009715024;
1831,987;0,0134673;-0,001186182;
1833,850;0,013261;-0,001383165;
1835,714;0,01319295;-0,001441933;
1837,578;0,01312679;-0,00149883;
1839,441;0,0129819;-0,00163449;
1841,305;0,01299694;-0,001610247;
1843,169;0,0133502;-0,001247817;
1845,032;0,01353956;-0,001049305;
1846,896;0,01361472;-0,0009650236;
1848,760;0,01328426;-0,001286394;
1850,623;0,01291991;-0,001641678;
1852,487;0,01285881;-0,001693737;
1854,351;0,01270547;-0,001838067;
1856,214;0,01262192;-0,001912633;
1858,078;0,0127055;-0,0018201;
1859,942;0,01279468;-0,001721995;
1861,805;0,01276841;-0,00173936;
1863,669;0,01270262;-0,001796277;
1865,533;0,01265711;-0,001832937;
1867,396;0,01302131;-0,001459911;
1869,260;0,01331731;-0,001155116;
1871,124;0,01313261;-0,001331044;
1872,987;0,01265137;-0,001803549;
1874,851;0,01244817;-0,001998027;
1876,715;0,01253454;-0,001902967;
1878,578;0,01243007;-0,001998773;
1880,442;0,01227825;-0,002141954;
1882,306;0,01241038;-0,002001201;
1884,169;0,0124663;-0,001936697;
1886,033;0,01244865;-0,001945782;
1887,897;0,01266755;-0,001718348;
1889,760;0,01278403;-0,001593355;
1891,624;0,01263717;-0,001731722;
1893,488;0,01260601;-0,001754426;
1895,351;0,01255088;-0,001801118;
1897,215;0,01251266;-0,001830922;
1899,079;0,01240004;-0,001935155;
1900,942;0,01242722;-0,001899611;
1902,806;0,01247585;-0,00184264;
1904,670;0,01243253;-0,001877648;
1906,533;0,01225453;-0,002047358;
1908,397;0,01239342;-0,0019002;
1910,261;0,0125286;-0,001756776;
1912,124;0,01237786;-0,001899307;
1913,988;0,01218353;-0,002085442;
1915,852;0,01228409;-0,00197671;
1917,715;0,01232085;-0,001931802;
1919,579;0,01230476;-0,001939772;
1921,443;0,01214872;-0,002087716;
1923,306;0,01188123;-0,002347134;
1925,170;0,0115558;-0,002664507;
1927,034;0,01140164;-0,002810643;
1928,897;0,01146578;-0,002738495;
1930,761;0,01131189;-0,002884404;
1932,625;0,0109436;-0,003244737;
1934,488;0,01085371;-0,003326686;
1936,352;0,01074277;-0,003429722;
1938,216;0,01064393;-0,003520668;
1940,079;0,01046874;-0,003687992;
1941,943;0,01031943;-0,003829456;
1943,807;0,0101282;-0,004012864;
1945,670;0,01030645;-0,003826811;
1947,534;0,009842667;-0,00428282;
1949,398;0,009398603;-0,00471913;
1951,261;0,009367673;-0,004742327;
1953,125;0,008986634;-0,005115656;
1954,989;0,00824385;-0,005850751;
1956,852;0,007933327;-0,006153608;
1958,716;0,007581347;-0,006497943;
1960,580;0,007622587;-0,006449081;
1962,443;0,007560404;-0,006503663;
1964,307;0,007780575;-0,006275912;
1966,171;0,007423884;-0,006625045;
1968,034;0,006752547;-0,007288846;
1969,898;0,006665781;-0,007368096;
1971,762;0,007031464;-0,00699492;
1973,625;0,006582302;-0,00743661;
1975,489;0,006381503;-0,007629957;
1977,353;0,006503621;-0,007500409;
1979,216;0,006578505;-0,007418115;
1981,080;0,006731346;-0,007257886;
1982,944;0,007117909;-0,006863955;
1984,807;0,007384107;-0,006590411;
1986,671;0,007162319;-0,006804872;
1988,535;0,007129905;-0,006829981;
1990,398;0,008106605;-0,005845995;
1992,262;0,008342374;-0,005602962;
1994,126;0,007884443;-0,006053649;
1995,989;0,007508469;-0,006422399;
1997,853;0,00792844;-0,005995224;
1999,717;0,007736652;-0,006179828;
2001,580;0,006806685;-0,007102631;
2003,444;0,006291857;-0,007610315;
2005,308;0,006419488;-0,00747556;
2007,171;0,006372933;-0,007515012;
2009,035;0,006273214;-0,007607646;
2010,899;0,005571358;-0,008302438;
2012,762;0,005584592;-0,008282159;
2014,626;0,00606267;-0,007797056;
2016,490;0,006284308;-0,007568412;
2018,353;0,006140253;-0,007705481;
2020,217;0,005348389;-0,008490378;
2022,081;0,00502536;-0,008806459;
2023,944;0,00532055;-0,00850434;
2025,808;0,005452391;-0,008365589;
2027,672;0,005889921;-0,007921169;
2029,535;0,005627729;-0,00817649;
2031,399;0,006213498;-0,007583868;
2033,263;0,007079476;-0,006711056;
2035,126;0,006692506;-0,007091211;
2036,990;0,005973017;-0,007803903;
2038,854;0,006315924;-0,007454218;
2040,717;0,006758215;-0,007005169;
2042,581;0,006793781;-0,006962862;
2044,445;0,006593655;-0,007156265;
2046,308;0,007451099;-0,006292117;
2048,172;0,00868909;-0,005047441;
2050,036;0,009300622;-0,004429242;
2051,899;0,008927167;-0,004796047;
2053,763;0,008871001;-0,004845582;
2055,627;0,009104502;-0,004605468;
2057,490;0,009288992;-0,004414383;
2059,354;0,009167527;-0,004529271;
2061,218;0,009705187;-0,003985052;
2063,081;0,009813631;-0,003870066;
2064,945;0,009731593;-0,00394558;
2066,809;0,01002808;-0,003642589;
2068,672;0,01015105;-0,003513132;
2070,536;0,009937595;-0,003720112;
2072,400;0,009927893;-0,003723361;
2074,264;0,01013842;-0,003506393;
2076,127;0,01014223;-0,003496172;
2077,991;0,01013892;-0,003493076;
2079,855;0,01034166;-0,003283955;
2081,718;0,01070448;-0,002914761;
2083,582;0,0108044;-0,002808495;
2085,446;0,01061731;-0,002989247;
2087,309;0,01056274;-0,003037504;
2089,173;0,01040716;-0,003186781;
2091,037;0,0104586;-0,003129063;
2092,900;0,01030872;-0,003272675;
2094,764;0,01022287;-0,003352277;
2096,628;0,0105973;-0,002971612;
2098,491;0,0108228;-0,0027399;
2100,355;0,01072186;-0,00283464;
2102,219;0,01079848;-0,002751833;
2104,082;0,01080912;-0,002735027;
2105,946;0,01051202;-0,003025977;
2107,810;0,01009501;-0,003436853;
2109,673;0,01036893;-0,003156815;
2111,537;0,0105718;-0,002947849;
2113,401;0,01057702;-0,002936539;
2115,264;0,01038986;-0,003117637;
2117,128;0,01036863;-0,003132811;
2118,992;0,01049338;-0,003002024;
2120,855;0,0103563;-0,003133084;
2122,719;0,0101444;-0,003338971;
2124,583;0,01026601;-0,003211373;
2126,446;0,009761862;-0,00370955;
2128,310;0,009204308;-0,004261146;
2130,174;0,008920129;-0,004539383;
2132,037;0,008478788;-0,004974796;
2133,901;0,00813459;-0,005313083;
2135,765;0,008369733;-0,005072044;
2137,628;0,008384459;-0,005051438;
2139,492;0,008312996;-0,005117035;
2141,356;0,007853394;-0,005570787;
2143,219;0,007156262;-0,006262085;
2145,083;0,006381731;-0,007030797;
2146,947;0,005702896;-0,007703827;
2148,810;0,005765713;-0,007635221;
2150,674;0,006358903;-0,007036257;
2152,538;0,00576505;-0,00762435;
2154,401;0,004608373;-0,008775283;
2156,265;0,003652839;-0,009725088;
2158,129;0,003111126;-0,01026109;
2159,992;0,003951329;-0,009415183;
2161,856;0,005065573;-0,008295255;
2163,720;0,005671414;-0,007683743;
2165,583;0,006693279;-0,006656223;
2167,447;0,006307207;-0,007036653;
2169,311;0,006181764;-0,007156471;
2171,174;0,006201628;-0,007130994;
2173,038;0,005589935;-0,00773709;
2174,902;0,005960106;-0,007361335;
2176,765;0,006877751;-0,006438121;
2178,629;0,00696542;-0,006344898;
2180,493;0,006723749;-0,006581028;
2182,356;0,0067374;-0,006561852;
2184,220;0,006772298;-0,006521441;
2186,084;0,006825852;-0,006462389;
2187,947;0,007206309;-0,006076449;
2189,811;0,007181408;-0,006095879;
2191,675;0,007354727;-0,005917104;
2193,538;0,007567656;-0,005698733;
2195,402;0,007616103;-0,005644858;
2197,266;0,007600467;-0,005655079;
2199,129;0,007788463;-0,005461683;
2200,993;0,007772155;-0,005472604;
2202,857;0,008365697;-0,004873688;
2204,720;0,008759488;-0,004474538;
2206,584;0,008101327;-0,005127353;
2208,448;0,007620813;-0,005602535;
2210,311;0,007979388;-0,00523864;
2212,175;0,008167756;-0,005044967;
2214,039;0,008441855;-0,004765576;
2215,902;0,008406278;-0,004795873;
2217,766;0,00851657;-0,004680316;
2219,630;0,009053972;-0,004137662;
2221,493;0,009416655;-0,00376974;
2223,357;0,008880285;-0,004300884;
2225,221;0,008930975;-0,004244981;
2227,084;0,009388715;-0,003782041;
2228,948;0,009830032;-0,003335538;
2230,812;0,009795277;-0,003365119;
2232,675;0,009484274;-0,003670961;
2234,539;0,009409055;-0,003741032;
2236,403;0,009690793;-0,003454159;
2238,266;0,009953164;-0,003186666;
2240,130;0,01038561;-0,002749106;
2241,994;0,01070804;-0,002421581;
2243,857;0,01063735;-0,002487191;
2245,721;0,01020186;-0,002917606;
2247,585;0,01061886;-0,002495548;
2249,448;0,01090771;-0,002201655;
2251,312;0,01089323;-0,002211102;
2253,176;0,01086862;-0,002230689;
2255,039;0,01097126;-0,002123037;
2256,903;0,01114361;-0,001945695;
2258,767;0,01147728;-0,001607044;
2260,630;0,01148356;-0,001595789;
2262,494;0,01140786;-0,001666532;
2264,358;0,01145568;-0,001613764;
2266,221;0,01171493;-0,001349582;
2268,085;0,01217841;-0,0008811738;
2269,949;0,01236157;-0,0006931048;
2271,812;0,01219497;-0,0008548058;
2273,676;0,01210833;-0,0009365584;
2275,540;0,01223963;-0,000800385;
2277,403;0,01247725;-0,000557906;
2279,267;0,01271084;-0,000319459;
2281,131;0,01279072;-0,0002347398;
2282,994;0,01303446;1,382175E-5;
2284,858;0,01349821;0,0004823894;
2286,722;0,01349565;0,0004846283;
2288,585;0,01343122;0,0004249935;
2290,449;0,01350537;0,0005039242;
2292,313;0,01354035;0,0005436736;
2294,176;0,01351175;0,0005198294;
2296,040;0,01354066;0,0005534851;
2297,904;0,01345378;0,000471338;
2299,767;0,01358089;0,0006031729;
2301,631;0,01375208;0,0007790702;
2303,495;0,01385195;0,0008836359;
2305,358;0,01394417;0,0009805456;
2307,222;0,0140484;0,001089452;
2309,086;0,01407939;0,001125112;
2310,949;0,01401191;0,001062281;
2312,813;0,01393351;0,0009885263;
2314,677;0,01402029;0,001079937;
2316,540;0,01411335;0,001177617;
2318,404;0,0142904;0,001359271;
2320,268;0,01435059;0,00142406;
2322,131;0,01450345;0,001581509;
2323,995;0,01452115;0,001603789;
2325,859;0,01420667;0,001293872;
2327,722;0,01377791;0,0008696659;
2329,586;0,01372586;0,0008221592;
2331,450;0,01370372;0,0008045445;
2333,313;0,01368387;0,0007892223;
2335,177;0,01379119;0,000901054;
2337,041;0,01392129;0,001035644;
2338,904;0,01391504;0,00103389;
2340,768;0,0139191;0,001042423;
2342,632;0,0140608;0,001188591;
2344,495;0,01430673;0,001438978;
2346,359;0,01442146;0,001558158;
2348,223;0,01438158;0,001522716;
2350,087;0,01399131;0,001136865;
2351,950;0,01337711;0,0005270806;
2353,814;0,01313505;0,0002894251;
2355,678;0,01320675;0,0003655215;
2357,541;0,01320852;0,0003716729;
2359,405;0,01331358;0,0004811074;
2361,269;0,01335506;0,0005269491;
2363,132;0,01326252;0,0004387632;
2364,996;0,01326699;0,0004475703;
2366,860;0,0136836;0,0008685114;
2368,723;0,01396673;0,001155961;
2370,587;0,01419542;0,001388963;
2372,451;0,01429539;0,00149324;
2374,314;0,01456358;0,001765717;
2376,178;0,01482578;0,002032194;
2378,042;0,01475699;0,001967679;
2379,905;0,01451517;0,001730123;
2381,769;0,01446838;0,001687576;
2383,633;0,01458091;0,001804347;
2385,496;0,01459244;0,001820115;
2387,360;0,01443082;0,001662713;
2389,224;0,01438826;0,001624366;
2391,087;0,01438997;0,001630277;
2392,951;0,01448254;0,001727037;
2394,815;0,01448336;0,00173204;
2396,678;0,01443713;0,001689975;
2398,542;0,01443363;0,001690637;
2400,406;0,01447096;0,001732124;
2402,269;0,01446866;0,001733968;
2404,133;0,0145712;0,001840638;
2405,997;0,01457767;0,001851233;
2407,860;0,01450285;0,001780526;
2409,724;0,01455781;0,001839586;
2411,588;0,01460151;0,001887383;
2413,451;0,01463986;0,001929822;
2415,315;0,01479962;0,002093653;
2417,179;0,01480367;0,002101772;
2419,042;0,01471648;0,002018636;
2420,906;0,01465594;0,00196215;
2422,770;0,01462007;0,001930312;
2424,633;0,01455727;0,001871548;
2426,497;0,0146847;0,002002992;
2428,361;0,01493039;0,002252692;
2430,224;0,01490568;0,00223199;
2432,088;0,01489461;0,00222491;
2433,952;0,01499525;0,00232953;
2435,815;0,01482963;0,002167887;
2437,679;0,01474707;0,002089294;
2439,543;0,01470441;0,002050585;
2441,406;0,01478113;0,002131251;
2443,270;0,01488969;0,002243753;
2445,134;0,01494942;0,002307405;
2446,997;0,0149836;0,002345514;
2448,861;0,01509821;0,002464029;
2450,725;0,01495014;0,002319866;
2452,588;0,01488028;0,0022539;
2454,452;0,0148602;0,0022377;
2456,316;0,0150127;0,002394071;
2458,179;0,01511662;0,002501856;
2460,043;0,01522069;0,00260979;
2461,907;0,01527542;0,002668362;
2463,770;0,01529549;0,002692272;
2465,634;0,0152902;0,002690821;
2467,498;0,01528441;0,00268885;
2469,361;0,01540794;0,002816197;
2471,225;0,01546218;0,002874243;
2473,089;0,01518173;0,002597591;
2474,952;0,01513948;0,002559128;
2476,816;0,01523751;0,002660932;
2478,680;0,01526338;0,002690579;
2480,543;0,01528856;0,002719519;
2482,407;0,01529556;0,002730269;
2484,271;0,01521641;0,002654864;
2486,134;0,01529097;0,002733161;
2487,998;0,01528122;0,002727142;
2489,862;0,01535273;0,002802378;
2491,725;0,01543563;0,002888983;
2493,589;0,01547796;0,002935023;
2495,453;0,01538168;0,002842441;
2497,316;0,01532751;0,002791958;
2499,180;0,01557012;0,003038245;
2501,044;0,01570045;0,003172248;
2502,907;0,01537931;0,002854766;
2504,771;0,01537968;0,002858796;
2506,635;0,01549783;0,002980584;
2508,498;0,01553448;0,003020878;
2510,362;0,01540484;0,00289487;
2512,226;0,01545319;0,002946842;
2514,089;0,01555652;0,003053785;
2515,953;0,01548995;0,002990817;
2517,817;0,01558817;0,003092638;
2519,680;0,01574004;0,003248094;
2521,544;0,01554311;0,003054751;
2523,408;0,01562938;0,003144595;
2525,271;0,01568723;0,003206012;
2527,135;0,01568043;0,003202768;
2528,999;0,01566882;0,003194711;
2530,862;0,01572194;0,003251368;
2532,726;0,01571358;0,003246548;
2534,590;0,01580347;0,00333996;
2536,453;0,01580762;0,003347636;
2538,317;0,01584779;0,003391309;
2540,181;0,01589685;0,003443874;
2542,044;0,01572758;0,003278097;
2543,908;0,01557872;0,003132727;
2545,772;0,01586495;0,003422442;
2547,635;0,01596488;0,003525842;
2549,499;0,01592129;0,003485719;
2551,363;0,01596498;0,003532866;
2553,226;0,01617119;0,003742531;
2555,090;0,01618589;0,003760669;
2556,954;0,01607723;0,00365545;
2558,817;0,01596989;0,003551529;
2560,681;0,01600265;0,003587714;
2562,545;0,01601212;0,003600596;
2564,408;0,0161863;0,003778177;
2566,272;0,01611334;0,003708619;
2568,136;0,01598723;0,0035859;
2569,999;0,01605975;0,003661802;
2571,863;0,01628544;0,003890871;
2573,727;0,01633809;0,00394689;
2575,590;0,01636871;0,003980874;
2577,454;0,01629708;0,003912595;
2579,318;0,01627755;0,003896409;
2581,181;0,01628558;0,003907781;
2583,045;0,01632864;0,003954166;
2584,909;0,01636113;0,003989987;
2586,772;0,01633827;0,003970441;
2588,636;0,01635456;0,003990041;
2590,500;0,01653706;0,004175851;
2592,363;0,01660119;0,004243274;
2594,227;0,01655451;0,004199879;
2596,091;0,01644146;0,004090115;
2597,954;0,01651721;0,004169143;
2599,818;0,01662207;0,004277272;
2601,682;0,01657606;0,004234519;
2603,545;0,01648138;0,004143098;
2605,409;0,01653376;0,004198724;
2607,273;0,01661339;0,004281587;
2609,136;0,01683511;0,004506545;
2611,000;0,01677036;0,004445016;
2612,864;0,01666308;0,004340958;
2614,727;0,01665192;0,004333015;
2616,591;0,01682521;0,004509511;
2618,455;0,01685239;0,004539885;
2620,318;0,01685328;0,004543972;
2622,182;0,01693348;0,004627357;
2624,046;0,01698305;0,004680104;
2625,910;0,01696165;0,004661868;
2627,773;0,01698817;0,004691553;
2629,637;0,01703054;0,004737083;
2631,501;0,01707634;0,004786032;
2633,364;0,01698793;0,004700773;
2635,228;0,01701793;0,004733911;
2637,092;0,01701213;0,004731244;
2638,955;0,01713145;0,004853685;
2640,819;0,01720878;0,004934137;
2642,683;0,01717516;0,004903626;
2644,546;0,01708589;0,00481746;
2646,410;0,01708069;0,004815361;
2648,274;0,01708539;0,004823154;
2650,137;0,01716342;0,004904268;
2652,001;0,01711558;0,0048595;
2653,865;0,01711681;0,004863802;
2655,728;0,01713196;0,004882025;
2657,592;0,01711896;0,004872086;
2659,456;0,01710609;0,004862268;
2661,319;0,01700973;0,004768954;
2663,183;0,01683342;0,004595681;
2665,047;0,0167968;0,004562098;
2666,910;0,01689134;0,004659661;
2668,774;0,01689604;0,004667383;
2670,638;0,0167692;0,004543561;
2672,501;0,01677733;0,004554697;
2674,365;0,01679888;0,004579249;
2676,229;0,01669093;0,0044743;
2678,092;0,01658829;0,004374645;
2679,956;0,01671375;0,004503084;
2681,820;0,01681267;0,004604989;
2683,683;0,01679195;0,004587232;
2685,547;0,01667589;0,004474142;
2687,411;0,01665143;0,004452639;
2689,274;0,01670017;0,004504332;
2691,138;0,01665532;0,004462432;
2693,002;0,01658844;0,004398489;
2694,865;0,01664981;0,004462793;
2696,729;0,01661677;0,004432683;
2698,593;0,01656182;0,004380653;
2700,456;0,01645752;0,004279269;
2702,320;0,01650073;0,004325389;
2704,184;0,0165323;0,004359863;
2706,047;0,0165302;0,004360659;
2707,911;0,01645107;0,004284425;
2709,775;0,01646876;0,004305001;
2711,638;0,01645757;0,004296685;
2713,502;0,01646124;0,004303231;
2715,366;0,01648291;0,004327775;
2717,229;0,01652801;0,004375735;
2719,093;0,01654387;0,00439445;
2720,957;0,01659971;0,004453144;
2722,820;0,01660084;0,004457113;
2724,684;0,01652069;0,004379806;
2726,548;0,0164528;0,004314748;
2728,411;0,01660132;0,004466091;
2730,275;0,01671447;0,004582062;
2732,139;0,0167374;0,004607814;
2734,002;0,01667289;0,004546115;
2735,866;0,0166461;0,004522131;
2737,730;0,01658124;0,00446006;
2739,593;0,01660256;0,004484174;
2741,457;0,01657503;0,004459435;
2743,321;0,01656981;0,004456998;
2745,184;0,01654549;0,004435452;
2747,048;0,01658615;0,00447888;
2748,912;0,01659998;0,004495477;
2750,775;0,01670691;0,004605163;
2752,639;0,01674779;0,004648803;
2754,503;0,01678176;0,004685513;
2756,366;0,01679252;0,004699022;
2758,230;0,01687411;0,004783347;
2760,094;0,01688851;0,004800474;
2761,957;0,01690507;0,004819762;
2763,821;0,01682024;0,004737647;
2765,685;0,0167235;0,004643623;
2767,548;0,01680957;0,004732406;
2769,412;0,01692085;0,004846389;
2771,276;0,01678096;0,004709196;
2773,139;0,01674904;0,004679972;
2775,003;0,01692567;0,004859285;
2776,867;0,01712495;0,005061251;
2778,730;0,01710794;0,005046913;
2780,594;0,01708076;0,005022408;
2782,458;0,01698012;0,004924432;
2784,321;0,01697658;0,004923554;
2786,185;0,01698918;0,004938807;
2788,049;0,01701407;0,004966343;
2789,912;0,01698164;0,004936559;
2791,776;0,01710813;0,005065686;
2793,640;0,01720165;0,005161842;
2795,503;0,01723982;0,005202643;
2797,367;0,01720268;0,005168121;
2799,231;0,01725424;0,005222303;
2801,094;0,01733886;0,005309534;
2802,958;0,01742359;0,005396869;
2804,822;0,01745465;0,005430536;
2806,685;0,01742613;0,00540461;
2808,549;0,01738474;0,005365808;
2810,413;0,01750466;0,005488317;
2812,276;0,01758527;0,005571508;
2814,140;0,01762045;0,005609272;
2816,004;0,01768788;0,005679273;
2817,867;0,01781575;0,005809706;
2819,731;0,01775562;0,005752134;
2821,595;0,01782847;0,00582754;
2823,458;0,0178;0,005801625;
2825,322;0,01777057;0,00577474;
2827,186;0,01783969;0,005846399;
2829,049;0,01798808;0,005997327;
2830,913;0,01795542;0,005967196;
2832,777;0,01784587;0,005860174;
2834,640;0,01785285;0,005869678;
2836,504;0,01795862;0,005977958;
2838,368;0,0179678;0,005989656;
2840,231;0,01808945;0,006113808;
2842,095;0,01817912;0,006205979;
2843,959;0,01828665;0,006316008;
2845,822;0,0183152;0,006347043;
2847,686;0,01823706;0,006271392;
2849,550;0,01821634;0,006253153;
2851,413;0,01837313;0,006412423;
2853,277;0,01849751;0,006539274;
2855,141;0,01862978;0,006674016;
2857,004;0,01858784;0,00663453;
2858,868;0,01860511;0,00665426;
2860,732;0,01862219;0,006673795;
2862,595;0,01875078;0,006804833;
2864,459;0,01889646;0,006952955;
2866,323;0,01897504;0,007033976;
2868,186;0,01896223;0,0070236;
2870,050;0,01902387;0,007087667;
2871,914;0,01901266;0,007078876;
2873,777;0,01912411;0,007192755;
2875,641;0,01921466;0,007285714;
2877,505;0,01924156;0,007315026;
2879,368;0,01935089;0,007426764;
2881,232;0,01946231;0,00754058;
2883,096;0,01943821;0,007518877;
2884,959;0,01942505;0,007508104;
2886,823;0,01934714;0,007432581;
2888,687;0,01937197;0,007459802;
2890,550;0,01946933;0,007559539;
2892,414;0,01954769;0,007640272;
2894,278;0,01946478;0,00755973;
2896,141;0,01944082;0,007538126;
2898,005;0,01961933;0,007719002;
2899,869;0,01976687;0,007868896;
2901,733;0,01970751;0,007811883;
2903,596;0,01975075;0,007857468;
2905,460;0,0197746;0,007883658;
2907,324;0,01974624;0,007857638;
2909,187;0,01965175;0,007765482;
2911,051;0,01969996;0,007816015;
2912,915;0,01972143;0,007839806;
2914,778;0,01986595;0,007986645;
2916,642;0,01995239;0,008075408;
2918,506;0,01998655;0,008111872;
2920,369;0,02006327;0,008190903;
2922,233;0,02017113;0,008301058;
2924,097;0,02012649;0,008258712;
2925,960;0,02017015;0,008304666;
2927,824;0,02013882;0,00827563;
2929,688;0,02015147;0,008290557;
2931,551;0,02027998;0,008421345;
2933,415;0,02042471;0,008568352;
2935,279;0,0203567;0,008502614;
2937,142;0,0203072;0,008455381;
2939,006;0,02033588;0,008486322;
2940,870;0,0203354;0,008488099;
2942,733;0,02018093;0,008335881;
2944,597;0,02024284;0,008400046;
2946,461;0,02027274;0,008432185;
2948,324;0,02037376;0,008535443;
2950,188;0,02045805;0,008621969;
2952,052;0,0203829;0,00854905;
2953,915;0,0203163;0,008484684;
2955,779;0,02041519;0,008585792;
2957,643;0,02043619;0,008609019;
2959,506;0,0204975;0,008672537;
2961,370;0,02048216;0,008659409;
2963,234;0,0204262;0,00860566;
2965,097;0,02047481;0,008656474;
2966,961;0,02054055;0,008724414;
2968,825;0,02041481;0,008600865;
2970,688;0,02041491;0,008603153;
2972,552;0,02031623;0,008506657;
2974,416;0,02026458;0,008457196;
2976,279;0,02030788;0,008502665;
2978,143;0,02025369;0,008450656;
2980,007;0,02016334;0,00836247;
2981,870;0,02021845;0,008419753;
2983,734;0,02024078;0,008444243;
2985,598;0,02033196;0,008537575;
2987,461;0,02035692;0,008564694;
2989,325;0,02036282;0,008572745;
2991,189;0,02030718;0,008519242;
2993,052;0,02023573;0,008449942;
2994,916;0,02014614;0,008362482;
2996,780;0,02006314;0,008281614;
2998,643;0,0200845;0,008305109;
3000,507;0,02029574;0,008518476;
3002,371;0,02034336;0,008568215;
3004,234;0,02022909;0,008456061;
3006,098;0,02008876;0,008317843;
3007,962;0,0201752;0,008406393;
3009,825;0,02014338;0,008376686;
3011,689;0,02012172;0,008357127;
3013,553;0,02015619;0,008393692;
3015,416;0,02009353;0,008333123;
3017,280;0,02005569;0,008297375;
3019,144;0,02017965;0,008423419;
3021,007;0,02048125;0,008727102;
3022,871;0,02069541;0,008943346;
3024,735;0,02044334;0,008693353;
3026,598;0,02030227;0,008554346;
3028,462;0,02034189;0,008596033;
3030,326;0,02048868;0,008744896;
3032,189;0,02034611;0,008604376;
3034,053;0,02032879;0,008589116;
3035,917;0,02047635;0,008738731;
3037,780;0,02057054;0,008834963;
3039,644;0,02049986;0,008766335;
3041,508;0,02047103;0,008739536;
3043,371;0,02036902;0,00863957;
3045,235;0,02035817;0,008630749;
3047,099;0,02063232;0,008906927;
3048,962;0,0208214;0,00909804;
3050,826;0,02067951;0,008958167;
3052,690;0,02057417;0,00885485;
3054,553;0,0206459;0,008928587;
3056,417;0,02091368;0,009198385;
3058,281;0,02098832;0,009275032;
3060,144;0,0209392;0,009227911;
3062,008;0,02092462;0,009215334;
3063,872;0,02090033;0,009193037;
3065,735;0,02091375;0,009208451;
3067,599;0,02104467;0,009341357;
3069,463;0,02103931;0,009337983;
3071,326;0,02104046;0,009341115;
3073,190;0,02105057;0,009353206;
3075,054;0,02094406;0,009248675;
3076,917;0,02091793;0,009224517;
3078,781;0,02098828;0,00929683;
3080,645;0,02091281;0,009223327;
3082,508;0,02095997;0,009272449;
3084,372;0,02098775;0,009302184;
3086,236;0,02102427;0,009340656;
3088,099;0,02099336;0,009311697;
3089,963;0,0209988;0,00931908;
3091,827;0,02118842;0,009510644;
3093,690;0,02138956;0,009713725;
3095,554;0,02138447;0,009710567;
3097,418;0,02146913;0,009797157;
3099,281;0,02137867;0,009708632;
3101,145;0,02134804;0,009679921;
3103,009;0,02137413;0,009707935;
3104,872;0,02140192;0,009737641;
3106,736;0,02136471;0,009702353;
3108,600;0,02143449;0,009774041;
3110,463;0,02141277;0,009754232;
3112,327;0,0213891;0,009732465;
3114,191;0,02136372;0,009708987;
3116,054;0,02128355;0,009630713;
3117,918;0,02132501;0,009674067;
3119,782;0,02152131;0,009872258;
3121,645;0,02156143;0,009914266;
3123,509;0,02172306;0,01007778;
3125,373;0,02188924;0,01024584;
3127,236;0,02183927;0,01019774;
3129,100;0,02159485;0,009955196;
3130,964;0,02159268;0,009954904;
3132,827;0,02171249;0,01007658;
3134,691;0,02183314;0,0101991;
3136,555;0,02164627;0,01001409;
3138,418;0,02148329;0,009852962;
3140,282;0,02158073;0,009952257;
3142,146;0,02163476;0,01000813;
3144,009;0,02170592;0,01008114;
3145,873;0,02188641;0,01026348;
3147,737;0,02198888;0,01036779;
3149,600;0,02195442;0,01033517;
3151,464;0,02173182;0,0101144;
3153,328;0,02186368;0,01024809;
3155,191;0,02201894;0,01040517;
3157,055;0,02189079;0,01027885;
3158,919;0,02172778;0,01011766;
3160,782;0,02185097;0,01024267;
3162,646;0,02207614;0,01046966;
3164,510;0,02217176;0,01056709;
3166,373;0,0221216;0,01051874;
3168,237;0,02203273;0,01043168;
3170,101;0,02212509;0,01052584;
3171,964;0,02216984;0,01057239;
3173,828;0,02203514;0,01043948;
3175,692;0,02209299;0,01049913;
3177,556;0,02216079;0,01056871;
3179,419;0,0223669;0,01077661;
3181,283;0,02242592;0,01083741;
3183,147;0,02218099;0,01059427;
3185,010;0,02204919;0,01046424;
3186,874;0,02211573;0,01053255;
3188,738;0,02223042;0,01064902;
3190,601;0,02242798;0,01084835;
3192,465;0,02243163;0,01085376;
3194,329;0,02248832;0,0109122;
3196,192;0,02239164;0,01081729;
3198,056;0,02227706;0,01070446;
3199,920;0,02239537;0,01082452;
3201,783;0,02245291;0,01088381;
3203,647;0,02237257;0,01080522;
3205,511;0,02233015;0,01076454;
3207,374;0,0222017;0,01063783;
3209,238;0,02220738;0,01064525;
3211,102;0,0224679;0,01090751;
3212,965;0,02247822;0,01091956;
3214,829;0,02224381;0,01068687;
3216,693;0,02236886;0,01081364;
3218,556;0,02257105;0,01101756;
3220,420;0,02257521;0,01102344;
3222,284;0,02241606;0,01086601;
3224,147;0,02241621;0,01086787;
3226,011;0,02258218;0,01103555;
3227,875;0,02257269;0,01102776;
3229,738;0,02232473;0,01078151;
3231,602;0,0223821;0,01084058;
3233,466;0,02241612;0,0108763;
3235,329;0,02242338;0,01088526;
3237,193;0,0224344;0,01089796;
3239,057;0,02240288;0,01086814;
3240,920;0,02241664;0,01088358;
3242,784;0,02245558;0,01092421;
3244,648;0,02251329;0,0109836;
3246,511;0,02250638;0,01097837;
3248,375;0,02255445;0,01102811;
3250,239;0,02259439;0,01106972;
3252,102;0,0225099;0,0109869;
3253,966;0,02260759;0,01108626;
3255,830;0,0225853;0,01106563;
3257,693;0,02260388;0,01108587;
3259,557;0,02264865;0,0111323;
3261,421;0,02263021;0,01111552;
3263,284;0,02255112;0,01103808;
3265,148;0,02260254;0,01109115;
3267,012;0,02264565;0,0111359;
3268,875;0,02257103;0,01106293;
3270,739;0,02233574;0,01082928;
3272,603;0,02239743;0,01089261;
3274,466;0,02264074;0,01113755;
3276,330;0,0228063;0,01130475;
3278,194;0,02279382;0,01129389;
3280,057;0,02268492;0,01118662;
3281,921;0,02256016;0,01106349;
3283,785;0,02249734;0,01100229;
3285,648;0,02247741;0,01098397;
3287,512;0,0226189;0,01112708;
3289,376;0,02277032;0,01128012;
3291,239;0,02266246;0,01117387;
3293,103;0,02238395;0,01089696;
3294,967;0,02221285;0,01072747;
3296,830;0,02235828;0,0108745;
3298,694;0,02240195;0,01091977;
3300,558;0,02247312;0,01099254;
3302,421;0,02253148;0,01105249;
3304,285;0,0224081;0,0109307;
3306,149;0,02236297;0,01088716;
3308,012;0,02245386;0,01097964;
3309,876;0,02243567;0,01096303;
3311,740;0,02242591;0,01095485;
3313,603;0,02246574;0,01099626;
3315,467;0,02258969;0,01112178;
3317,331;0,02259912;0,01113278;
3319,194;0,02245255;0,01098779;
3321,058;0,02246562;0,01100242;
3322,922;0,02253794;0,01107631;
3324,785;0,02243875;0,01097868;
3326,649;0,02217423;0,01071572;
3328,513;0,02214602;0,01068907;
3330,376;0,02248489;0,01102949;
3332,240;0,02251658;0,01106274;
3334,104;0,02239347;0,01094118;
3335,967;0,02243206;0,01098131;
3337,831;0,0223844;0,01093519;
3339,695;0,0221677;0,01072003;
3341,558;0,02212725;0,01068112;
3343,422;0,0221816;0,01073701;
3345,286;0,02224822;0,01080516;
3347,149;0,02219763;0,0107561;
3349,013;0,02218689;0,0107469;
3350,877;0,02219984;0,01076137;
3352,740;0,02226436;0,01082741;
3354,604;0,02224957;0,01081414;
3356,468;0,02217502;0,01074111;
3358,331;0,02212424;0,01069185;
3360,195;0,02208471;0,01065383;
3362,059;0,02197043;0,01054106;
3363,922;0,02186488;0,01043701;
3365,786;0,0217832;0,01035684;
3367,650;0,02189111;0,01046626;
3369,513;0,02210778;0,01068443;
3371,377;0,02212726;0,01070541;
3373,241;0,02204616;0,0106258;
3375,104;0,02188316;0,01046429;
3376,968;0,02176076;0,01034339;
3378,832;0,021838;0,01042211;
3380,695;0,02189919;0,01048479;
3382,559;0,02184565;0,01043274;
3384,423;0,02171369;0,01030226;
3386,286;0,02186293;0,01045297;
3388,150;0,02186017;0,01045169;
3390,014;0,02149353;0,01008652;
3391,877;0,02134816;0,009942627;
3393,741;0,0214224;0,01001834;
3395,605;0,02146526;0,01006266;
3397,468;0,02134253;0,00994139;
3399,332;0,02125797;0,009858297;
3401,196;0,02122897;0,009830753;
3403,059;0,02140297;0,01000621;
3404,923;0,02138144;0,009986138;
3406,787;0,02131042;0,009916571;
3408,650;0,02146623;0,01007383;
3410,514;0,02141937;0,01002842;
3412,378;0,02108093;0,009691415;
3414,241;0,02094127;0,009553199;
3416,105;0,02098363;0,009597005;
3417,969;0,02107317;0,009687978;
3419,832;0,02093589;0,009552132;
3421,696;0,02089541;0,009513091;
3423,560;0,02112911;0,009748221;
3425,423;0,02098498;0,009605519;
3427,287;0,02067448;0,009296443;
3429,151;0,02051455;0,009137943;
3431,014;0,02056661;0,009191417;
3432,878;0,0206085;0,009234727;
3434,742;0,02048575;0,009113399;
3436,605;0,0202587;0,008887758;
3438,469;0,02001629;0,008646764;
3440,333;0,01999545;0,008627329;
3442,196;0,02015398;0,008787271;
3444,060;0,02014437;0,008779066;
3445,924;0,01983781;0,008473913;
3447,787;0,01982678;0,008464284;
3449,651;0,02006694;0,008705839;
3451,515;0,01972194;0,008362238;
3453,379;0,01954548;0,008187164;
3455,242;0,01966242;0,008305495;
3457,106;0,01979938;0,008443847;
3458,970;0,01966955;0,008315404;
3460,833;0,01945951;0,00810675;
3462,697;0,01928581;0,007934437;
3464,561;0,01923474;0,007884746;
3466,424;0,01945391;0,008105294;
3468,288;0,01947371;0,008126473;
3470,152;0,01904488;0,007699014;
3472,015;0,01898339;0,007638891;
3473,879;0,0190874;0,007744271;
3475,743;0,01892993;0,007588171;
3477,606;0,0187062;0,007365808;
3479,470;0,01880646;0,007467427;
3481,334;0,01882976;0,00749209;
3483,197;0,01889675;0,007560438;
3485,061;0,01880811;0,007473153;
3486,925;0,01862339;0,007289793;
3488,788;0,01832461;0,006992365;
3490,652;0,01815575;0,006824852;
3492,516;0,01822735;0,006897802;
3494,379;0,01833593;0,007007729;
3496,243;0,01824033;0,006913465;
3498,107;0,01795289;0,006627367;
3499,970;0,01769849;0,00637431;
3501,834;0,01757816;0,006255319;
3503,698;0,01764225;0,006320742;
3505,561;0,01792464;0,006604462;
3507,425;0,01822921;0,006910367;
3509,289;0,0179748;0,006657283;
3511,152;0,01737526;0,006059065;
3513,016;0,01712549;0,005810622;
3514,880;0,01698129;0,005667741;
3516,743;0,01730288;0,00599065;
3518,607;0,0175151;0,006204192;
3520,471;0,01726025;0,005950658;
3522,334;0,01744679;0,006138509;
3524,198;0,01784277;0,006535804;
3526,062;0,0176141;0,006308437;
3527,925;0,01764142;0,006337067;
3529,789;0,01790867;0,006605624;
3531,653;0,01768782;0,006386079;
3533,516;0,01710542;0,005804982;
3535,380;0,01677629;0,005477144;
3537,244;0,01683821;0,00554037;
3539,107;0,01692393;0,005627384;
3540,971;0,01683592;0,005540659;
3542,835;0,0169655;0,005671536;
3544,698;0,01691695;0,005624274;
3546,562;0,01680715;0,005515765;
3548,426;0,01653263;0,005242527;
3550,289;0,01666218;0,005373357;
3552,153;0,01664674;0,005359197;
3554,017;0,0162662;0,004979941;
3555,880;0,01590629;0,004621301;
3557,744;0,01611545;0,004831743;
3559,608;0,01628676;0,005004325;
3561,471;0,015398;0,004116832;
3563,335;0,01511686;0,003836965;
3565,199;0,01571438;0,004435749;
3567,062;0,01637974;0,005102373;
3568,926;0,01695995;0,005683849;
3570,790;0,01676745;0,005492611;
3572,653;0,01638113;0,005107552;
3574,517;0,01619349;0,004921161;
3576,381;0,01595344;0,004682368;
3578,244;0,01556847;0,004298652;
3580,108;0,01542292;0,004154358;
3581,972;0,01555837;0,004291054;
3583,835;0,01577751;0,00451144;
3585,699;0,01545574;0,004190919;
3587,563;0,0158246;0,004561015;
3589,426;0,01625762;0,004995285;
3591,290;0,01559944;0,00433834;
3593,154;0,01486241;0,003602546;
3595,017;0,01478905;0,003530424;
3596,881;0,01498196;0,003724571;
3598,745;0,01495688;0,003700721;
3600,608;0,01455452;0,003299583;
3602,472;0,01446982;0,003216115;
3604,336;0,01446642;0,003213941;
3606,199;0,0149959;0,003744644;
3608,063;0,01514196;0,003891932;
3609,927;0,01464032;0,003391509;
3611,790;0,01459302;0,003345424;
3613,654;0,01514762;0,00390124;
3615,518;0,01529441;0,004049246;
3617,381;0,01521361;0,003969661;
3619,245;0,01515332;0,003910587;
3621,109;0,01507916;0,00383763;
3622,972;0,01482537;0,003585053;
3624,836;0,01454567;0,003306556;
3626,700;0,0143086;0,003070688;
3628,563;0,01437611;0,003139399;
3630,427;0,01429299;0,003057479;
3632,291;0,01400352;0,00276921;
3634,154;0,01400633;0,002773213;
3636,018;0,01417664;0,002944718;
3637,882;0,0138935;0,002662773;
3639,745;0,01383196;0,002602424;
3641,609;0,01389799;0,002669643;
3643,473;0,01404444;0,002817276;
3645,336;0,01405976;0,002833778;
3647,200;0,01412818;0,002903387;
3649,064;0,0143547;0,003131084;
3650,927;0,01452029;0,003297855;
3652,791;0,01465696;0,003435701;
3654,655;0,01418444;0,002964358;
3656,518;0,01372154;0,002502633;
3658,382;0,01372693;0,002509199;
3660,246;0,0137247;0,002508133;
3662,109;0,01361369;0,002398299;
3663,973;0,01328962;0,002075396;
3665,837;0,01330747;0,002094411;
3667,700;0,01355562;0,002343726;
3669,564;0,01375919;0,002548453;
3671,428;0,01399191;0,002782331;
3673,291;0,01418288;0,002974459;
3675,155;0,01412815;0,002920886;
3677,019;0,01432236;0,003116258;
3678,882;0,01414336;0,002938406;
3680,746;0,01390957;0,00270577;
3682,610;0,01368045;0,002477793;
3684,473;0,01357316;0,002371658;
3686,337;0,01353961;0,002339247;
3688,201;0,01384457;0,002645358;
3690,064;0,01418099;0,00298292;
3691,928;0,01423036;0,003033426;
3693,792;0,01405522;0,002859428;
3695,655;0,01378256;0,002587909;
3697,519;0,01340516;0,002211643;
3699,383;0,01329488;0,002102493;
3701,246;0,01332442;0,00213317;
3703,110;0,01355312;0,002362996;
3704,974;0,01347692;0,002287922;
3706,837;0,01324067;0,002052799;
3708,701;0,01328176;0,002095014;
3710,565;0,013906;0,002720386;
3712,428;0,01448802;0,003303525;
3714,292;0,01427082;0,003087442;
3716,156;0,01364585;0,002463596;
3718,019;0,01339825;0,002217114;
3719,883;0,01323493;0,002054901;
3721,747;0,0133522;0,002173288;
3723,610;0,01369073;0,002512931;
3725,474;0,01400651;0,002829826;
3727,338;0,014189;0,003013423;
3729,202;0,0142701;0,003095623;
3731,065;0,01387722;0,002703848;
3732,929;0,01376778;0,002595511;
3734,793;0,01450758;0,003336416;
3736,656;0,01502954;0,003859482;
3738,520;0,01487508;0,003706118;
3740,384;0,01475637;0,003588507;
3742,247;0,01441767;0,0032509;
3744,111;0,01432208;0,003156408;
3745,975;0,01497499;0,003810405;
3747,838;0,01521462;0,004051123;
3749,702;0,014687;0,003524591;
3751,566;0,01435467;0,003193357;
3753,429;0,01453743;0,003377198;
3755,293;0,01476523;0,003606085;
3757,157;0,01429435;0,003136285;
3759,020;0,01407259;0,002915605;
3760,884;0,01419729;0,003041389;
3762,748;0,01400198;0,002847156;
3764,611;0,0139941;0,002840343;
3766,475;0,01411358;0,002960905;
3768,339;0,01386752;0,002715918;
3770,202;0,01380285;0,002652316;
3772,066;0,01374471;0,00259525;
3773,930;0,01359295;0,002444555;
3775,793;0,01374367;0,00259634;
3777,657;0,01382168;0,002675412;
3779,521;0,01378889;0,002643685;
3781,384;0,0139555;0,002811357;
3783,248;0,01387367;0,002730588;
3785,112;0,01388105;0,002739027;
3786,975;0,01386535;0,002724383;
3788,839;0,01339797;0,002258066;
3790,703;0,01310453;0,00196568;
3792,566;0,01359126;0,002453459;
3794,430;0,01394779;0,002811037;
3796,294;0,01418183;0,00304613;
3798,157;0,01409444;0,002959786;
3800,021;0,01430365;0,003170037;
3801,885;0,01451096;0,003378401;
3803,748;0,01467549;0,003543973;
3805,612;0,01454943;0,00341895;
3807,476;0,01450828;0,003378844;
3809,339;0,01468282;0,003554419;
3811,203;0,01445822;0,003330854;
3813,067;0,01358486;0,002458536;
3814,930;0,01351573;0,002390433;
3816,794;0,01422881;0,00310455;
3818,658;0,01472486;0,003601628;
3820,521;0,01468744;0,003565239;
3822,385;0,01470938;0,00358821;
3824,249;0,01452561;0,003405461;
3826,112;0,01410044;0,002981314;
3827,976;0,01399096;0,002872862;
3829,840;0,01413965;0,003022571;
3831,703;0,01434411;0,003228055;
3833,567;0,01442219;0,003307148;
3835,431;0,0143409;0,003226884;
3837,294;0,01441103;0,003298026;
3839,158;0,01468955;0,003577559;
3841,022;0,01489004;0,003779061;
3842,885;0,01484992;0,003739952;
3844,749;0,01468635;0,003577399;
3846,613;0,01428595;0,003178;
3848,476;0,01421415;0,00310721;
3850,340;0,01467439;0,00356846;
3852,204;0,01494857;0,003843643;
3854,067;0,01481369;0,003709767;
3855,931;0,01535829;0,004255369;
3857,795;0,01546066;0,004358739;
3859,658;0,01511161;0,004010686;
3861,522;0,01465758;0,003557651;
3863,386;0,0142609;0,003161967;
3865,249;0,01438204;0,0032841;
3867,113;0,01475312;0,003656173;
3868,977;0,01489689;0,003800931;
3870,840;0,01485564;0,003760672;
3872,704;0,01449546;0,003401486;
3874,568;0,01438712;0,003294134;
3876,431;0,01449158;0,003399573;
3878,295;0,01438439;0,003293364;
3880,159;0,0140855;0,00299546;
3882,022;0,01439544;0,003306384;
3883,886;0,01471364;0,003625562;
3885,750;0,01481568;0,003728584;
3887,613;0,01473059;0,003644469;
3889,477;0,01458833;0,003503187;
3891,341;0,01447085;0,003386676;
3893,204;0,01436338;0,00328018;
3895,068;0,01416641;0,003084187;
3896,932;0,01424381;0,003162554;
3898,795;0,01460439;0,0035241;
3900,659;0,01492358;0,003844261;
3902,523;0,01501004;0,003931686;
3904,386;0,01520073;0,004123339;
3906,250;0,01483017;0,003753743;
3908,114;0,01439005;0,003314583;
3909,977;0,01432271;0,003248204;
3911,841;0,01441308;0,003339532;
3913,705;0,01436278;0,003290188;
3915,568;0,01432797;0,003256333;
3917,432;0,01427223;0,00320155;
3919,296;0,01434877;0,003279049;
3921,159;0,01427943;0,003210654;
3923,023;0,01424472;0,003176899;
3924,887;0,01426668;0,003199806;
3926,750;0,01450057;0,003434648;
3928,614;0,01454433;0,00347935;
3930,478;0,01437386;0,003309833;
3932,341;0,0142781;0,00321501;
3934,205;0,01455624;0,0034941;
3936,069;0,01443324;0,003372037;
3937,932;0,01426928;0,003209013;
3939,796;0,014345;0,003285678;
3941,660;0,0144015;0,003343109;
3943,523;0,01428836;0,003230906;
3945,387;0,01451808;0,003461563;
3947,251;0,01458596;0,003530375;
3949,114;0,01457424;0,003519589;
3950,978;0,01461482;0,003561101;
3952,842;0,01449567;0,003442874;
3954,705;0,01421142;0,003159557;
3956,569;0,01423347;0,003182537;
3958,433;0,01418806;0,003138051;
3960,296;0,01427758;0,003228492;
3962,160;0,0142523;0,003204133;
3964,024;0,01420363;0,003156392;
3965,887;0,01413092;0,003084601;
3967,751;0,0141576;0,003112198;
3969,615;0,01417657;0,003132086;
3971,478;0,01430772;0,003264148;
3973,342;0,01429812;0,00325547;
3975,206;0,01458267;0,003540931;
3977,069;0,01474908;0,003708255;
3978,933;0,01464898;0,003609061;
3980,797;0,01440826;0,003369257;
3982,660;0,01441345;0,00337535;
3984,524;0,01414118;0,003103993;
3986,388;0,01407472;0,003038438;
3988,251;0,01414111;0,003105734;
3990,115;0,01424908;0,00321461;
3991,979;0,01415578;0,003122204;
3993,842;0,01429688;0,003264204;
3995,706;0,0143152;0,003283427;
3997,570;0,0143383;0,003307429;
