;Apr20_TPC_06-02-02_HMW;Apr20_TPC_06-02-02_HMW (baseline corrected);
Wavelength [nm];Absorbance;absorbance;
650,420;0,1272603;0,01569077;
652,284;0,1264886;0,01545218;
654,148;0,1259678;0,01546006;
656,011;0,1253053;0,01532169;
657,875;0,1246677;0,01520378;
659,739;0,1241232;0,01517449;
661,602;0,1235686;0,01513083;
663,466;0,1226558;0,01472471;
665,330;0,1211596;0,01373087;
667,193;0,1206051;0,01367456;
669,057;0,1212957;0,01485923;
670,921;0,1204292;0,01448257;
672,784;0,1197004;0,01423959;
674,648;0,1190234;0,0140445;
676,512;0,1183394;0,0138383;
678,375;0,1176296;0,01360243;
680,239;0,1170808;0,01352362;
682,103;0,1165492;0,0134582;
683,966;0,1160559;0,01342731;
685,830;0,1152928;0,01312281;
687,694;0,1146563;0,01294117;
689,557;0,1142261;0,01296215;
691,421;0,1138695;0,01305314;
693,285;0,1133379;0,01296545;
695,149;0,1129268;0,01299476;
697,012;0,1124575;0,0129623;
698,876;0,1119659;0,01290407;
700,740;0,1113684;0,01273656;
702,603;0,1106314;0,01242606;
704,467;0,1096962;0,01191395;
706,331;0,1088944;0,01153193;
708,194;0,108205;0,01125894;
710,058;0,1075764;0,01104355;
711,922;0,1067879;0,010665;
713,785;0,1061062;0,01039003;
715,649;0,1055011;0,01018851;
717,513;0,1049008;0,009988625;
719,376;0,1042944;0,009779584;
721,240;0,1037771;0,009656465;
723,104;0,1031733;0,009443947;
724,967;0,1025876;0,009246354;
726,831;0,102013;0,009056955;
728,695;0,1015093;0,008935522;
730,558;0,1009553;0,008760856;
732,422;0,100414;0,008596053;
734,286;0,09978793;0,008343509;
736,149;0,09925971;0,008186034;
738,013;0,09878021;0,008074471;
739,877;0,09839657;0,00805599;
741,740;0,09810057;0,008122397;
743,604;0,09776315;0,00814467;
745,468;0,09731676;0,008055266;
747,331;0,09691145;0,008004283;
749,195;0,09661239;0,00805691;
751,059;0,09628623;0,008079822;
752,922;0,09591849;0,008058563;
754,786;0,09570085;0,008184848;
756,650;0,09543338;0,008258754;
758,513;0,09499887;0,008163116;
760,377;0,09458969;0,008090315;
762,241;0,09440376;0,008238295;
764,104;0,09417214;0,008338151;
765,968;0,09386437;0,008359446;
767,832;0,09358962;0,008411356;
769,695;0,09335805;0,008504078;
771,559;0,0930986;0,00856658;
773,423;0,09281321;0,008600814;
775,286;0,09258063;0,008685559;
777,150;0,09243684;0,008856805;
779,014;0,09231923;0,009051978;
780,877;0,09214605;0,009189343;
782,741;0,09190671;0,00925833;
784,605;0,09161572;0,009273484;
786,468;0,09138484;0,009346565;
788,332;0,09111556;0,009379088;
790,196;0,09071433;0,009277532;
792,059;0,09028422;0,009144987;
793,923;0,0897678;0,008924041;
795,787;0,0893602;0,008809839;
797,650;0,08878649;0,008527466;
799,514;0,08817996;0,008210246;
801,378;0,0876942;0,008011775;
803,241;0,08733244;0,007935307;
805,105;0,08692495;0,007811132;
806,969;0,08640262;0,007570159;
808,832;0,08587684;0,007323794;
810,696;0,08542341;0,007147852;
812,560;0,0848356;0,006835617;
814,423;0,08413801;0,006411719;
816,287;0,0834052;0,005950728;
818,151;0,08274105;0,00555654;
820,014;0,08207978;0,005163389;
821,878;0,08148893;0,004838838;
823,742;0,08093148;0,004545886;
825,605;0,08031628;0,004193392;
827,469;0,07966613;0,003804182;
829,333;0,0790654;0,003462626;
831,196;0,07849497;0,003149636;
833,060;0,07800702;0,00291739;
834,924;0,0775329;0,002697275;
836,787;0,07703553;0,002452211;
838,651;0,07646503;0,002132333;
840,515;0,07582535;0,001741606;
842,378;0,07522059;0,001384155;
844,242;0,07471333;0,001122568;
846,106;0,0741934;0,0008466934;
847,969;0,07365036;0,0005460953;
849,833;0,07311645;0,0002530353;
851,697;0,07266274;3,859417E-5;
853,560;0,07224015;-0,0001462867;
855,424;0,07190749;-0,0002427977;
857,288;0,07163311;-0,0002825592;
859,151;0,07138013;-0,0003024551;
861,015;0,07109554;-0,0003554658;
862,879;0,07086865;-0,0003522806;
864,742;0,07070732;-0,0002850125;
866,606;0,0705766;-0,0001886111;
868,470;0,07042077;-0,0001187894;
870,333;0,07036146;4,611428E-5;
872,197;0,07031622;0,0002236473;
874,061;0,07029925;0,0004280359;
875,924;0,07023092;0,0005796455;
877,788;0,07013408;0,0007013408;
879,652;0,07019206;0,0009764786;
881,515;0,07033631;0,001336507;
883,379;0,07030063;0,001515239;
885,243;0,07021874;0,001646408;
887,106;0,07014573;0,001785113;
888,970;0,07020403;0,002053809;
890,834;0,07029523;0,002354079;
892,697;0,07032608;0,002592683;
894,561;0,07038577;0,002858837;
896,425;0,07052577;0,00320402;
898,288;0,0706588;0,003540955;
900,152;0,07075602;0,003840811;
902,016;0,07083775;0,004123919;
903,879;0,07105925;0,004545566;
905,743;0,0713862;0,00507142;
907,607;0,07167719;0,005560081;
909,470;0,07195816;0,00603752;
911,334;0,07226361;0,006538233;
913,198;0,07259121;0,007059904;
915,061;0,07300518;0,007666758;
916,925;0,07335072;0,008203999;
918,789;0,07362008;0,008663908;
920,652;0,07385461;0,009087823;
922,516;0,074125;0,009546455;
924,380;0,07443607;0,01004463;
926,243;0,07480972;0,01060425;
928,107;0,07522413;0,01120352;
929,971;0,07563994;0,01180307;
931,834;0,07608206;0,01242784;
933,698;0,07659382;0,01312115;
935,562;0,07711438;0,01382217;
937,425;0,0777541;0,01464129;
939,289;0,07841736;0,01548287;
941,153;0,07906563;0,01630841;
943,016;0,07976368;0,01718268;
944,880;0,08049051;0,01808468;
946,744;0,08122359;0,01899191;
948,607;0,08192705;0,01986848;
950,471;0,08262472;0,02073825;
952,335;0,083392;0,02167662;
954,198;0,08421171;0,02266642;
956,062;0,08502972;0,02365352;
957,926;0,08583348;0,02462539;
959,789;0,08663834;0,02559738;
961,653;0,08747158;0,02659678;
963,517;0,08838877;0,02767917;
965,380;0,08937161;0,02882625;
967,244;0,09040809;0,03002602;
969,108;0,09141545;0,03119573;
970,972;0,09249486;0,03243655;
972,835;0,09356834;0,03367052;
974,699;0,09455174;0,0348135;
976,563;0,09553711;0,03595753;
978,426;0,0965078;0,03708597;
980,290;0,09740089;0,03813591;
982,154;0,09830115;0,03919214;
984,017;0,09928276;0,04032882;
985,881;0,1003593;0,04155955;
987,745;0,1014559;0,04280948;
989,608;0,1025872;0,04409326;
991,472;0,1038068;0,04546447;
993,336;0,1051323;0,04694068;
995,199;0,1064632;0,04842151;
997,063;0,1078257;0,04993302;
998,927;0,1092317;0,05148727;
1000,790;0,1107313;0,05313424;
1002,654;0,112294;0,05484355;
1004,518;0,1138751;0,0565704;
1006,381;0,1154066;0,05824689;
1008,245;0,1170059;0,05999033;
1010,109;0,1186102;0,06173802;
1011,972;0,1202583;0,06352864;
1013,836;0,1218924;0,0653045;
1015,700;0,1235115;0,06706462;
1017,563;0,1249981;0,06869148;
1019,427;0,1263882;0,07022098;
1021,291;0,1276976;0,07166914;
1023,154;0,1288196;0,07292902;
1025,018;0,1298367;0,07408331;
1026,882;0,1307859;0,07516897;
1028,745;0,1316668;0,07618559;
1030,609;0,1324883;0,07714206;
1032,473;0,1331641;0,07795207;
1034,336;0,1337496;0,0786711;
1036,200;0,1341654;0,07921971;
1038,064;0,1344573;0,07964367;
1039,927;0,1346562;0,0799739;
1041,791;0,13467;0,08011834;
1043,655;0,134469;0,08004735;
1045,518;0,1341102;0,07981775;
1047,382;0,133657;0,07949318;
1049,246;0,1331719;0,07913598;
1051,109;0,1326013;0,07869259;
1052,973;0,132017;0,07823483;
1054,837;0,1313299;0,07767361;
1056,700;0,1305709;0,07703975;
1058,564;0,1298582;0,07645167;
1060,428;0,129229;0,07594631;
1062,291;0,128517;0,07535759;
1064,155;0,127734;0,07469717;
1066,019;0,1270829;0,074168;
1067,882;0,1264363;0,07364265;
1069,746;0,1257184;0,07304547;
1071,610;0,1249967;0,07244384;
1073,473;0,1241967;0,07176322;
1075,337;0,1233148;0,0710001;
1077,201;0,1223774;0,07018094;
1079,064;0,1213747;0,06929574;
1080,928;0,1203313;0,06836935;
1082,792;0,1192531;0,0674075;
1084,655;0,1180484;0,06631858;
1086,519;0,1167929;0,06517825;
1088,383;0,1155876;0,06408754;
1090,246;0,1143666;0,06298046;
1092,110;0,1130267;0,06175396;
1093,974;0,1117282;0,06056828;
1095,837;0,110448;0,05940033;
1097,701;0,1091846;0,05824867;
1099,565;0,107913;0,05708818;
1101,428;0,1067228;0,05600855;
1103,292;0,105641;0,0550367;
1105,156;0,1047298;0,05423495;
1107,019;0,1038948;0,05350883;
1108,883;0,1030612;0,05278353;
1110,747;0,1022998;0,0521299;
1112,610;0,1016571;0,05159447;
1114,474;0,1010895;0,05113361;
1116,338;0,1005678;0,05071801;
1118,201;0,1000213;0,05027718;
1120,065;0,09949362;0,04985463;
1121,929;0,09886602;0,04933163;
1123,792;0,09813212;0,04870179;
1125,656;0,09737017;0,0480434;
1127,520;0,09651401;0,04729029;
1129,383;0,09547634;0,04635516;
1131,247;0,09433052;0,04531137;
1133,111;0,09311852;0,04420088;
1134,974;0,09192422;0,04310761;
1136,838;0,0907805;0,04206442;
1138,702;0,08979956;0,04118352;
1140,565;0,08891184;0,04039535;
1142,429;0,08809562;0,03967818;
1144,293;0,08732559;0,03900673;
1146,156;0,0865834;0,03836263;
1148,020;0,08595795;0,0378348;
1149,884;0,08541792;0,03739191;
1151,747;0,08478341;0,03685407;
1153,611;0,08417089;0,03633776;
1155,475;0,0836074;0,03587001;
1157,338;0,08306799;0,03542587;
1159,202;0,08256761;0,03502031;
1161,066;0,08206418;0,03461124;
1162,929;0,08150367;0,03414464;
1164,793;0,08095602;0,03369044;
1166,657;0,0805163;0,03334374;
1168,520;0,08013058;0,03305058;
1170,384;0,07975964;0,03277176;
1172,248;0,07945625;0,03256006;
1174,111;0,07905932;0,03225437;
1175,975;0,07859712;0,03188299;
1177,839;0,07821725;0,03159351;
1179,702;0,07795964;0,03142586;
1181,566;0,07773297;0,03128872;
1183,430;0,07753263;0,03117748;
1185,293;0,0773951;0,03112863;
1187,157;0,07737775;0,03119956;
1189,021;0,07748013;0,03138979;
1190,884;0,07771067;0,03170777;
1192,748;0,07803227;0,03211641;
1194,612;0,07843079;0,03260156;
1196,475;0,07892974;0,03318673;
1198,339;0,07948513;0,03382794;
1200,203;0,08001628;0,03444451;
1202,066;0,08055337;0,03506663;
1203,930;0,08108569;0,03568358;
1205,794;0,08156631;0,03624843;
1207,657;0,08208647;0,03685245;
1209,521;0,08263992;0,03748935;
1211,385;0,08313693;0,03806943;
1213,248;0,08367674;0,03869194;
1215,112;0,08419462;0,03929214;
1216,976;0,08468708;0,03986653;
1218,839;0,085209;0,04047001;
1220,703;0,0856967;0,0410389;
1222,567;0,08609934;0,04152235;
1224,430;0,08645743;0,04196089;
1226,294;0,08676925;0,04235279;
1228,158;0,08708871;0,04275196;
1230,021;0,08739956;0,04314217;
1231,885;0,08766457;0,04348617;
1233,749;0,08786554;0,04376578;
1235,612;0,08801529;0,04399381;
1237,476;0,08811788;0,04417433;
1239,340;0,08813747;0,04427149;
1241,203;0,08805856;0,0442698;
1243,067;0,08802446;0,04431259;
1244,931;0,08795367;0,04431833;
1246,795;0,08786049;0,04430134;
1248,658;0,08773561;0,04425231;
1250,522;0,08760138;0,0441936;
1252,386;0,08747407;0,04414146;
1254,249;0,08738209;0,04412432;
1256,113;0,08732448;0,04414122;
1257,977;0,08724785;0,04413876;
1259,840;0,08713542;0,04410018;
1261,704;0,08700609;0,04404437;
1263,568;0,086787;0,04389848;
1265,431;0,08654779;0,04373214;
1267,295;0,08629054;0,04354744;
1269,159;0,08605434;0,04338347;
1271,022;0,08589275;0,0432938;
1272,886;0,08571818;0,04319082;
1274,750;0,08552461;0,04306854;
1276,613;0,0853433;0,0429582;
1278,477;0,08524502;0,04293059;
1280,341;0,08524444;0,04300035;
1282,204;0,08524553;0,04307149;
1284,068;0,08527173;0,04316744;
1285,932;0,08542855;0,04339369;
1287,795;0,08571557;0,04374985;
1289,659;0,08597004;0,04407316;
1291,523;0,08618745;0,04435911;
1293,386;0,08650966;0,04474957;
1295,250;0,08693956;0,04524742;
1297,114;0,08736435;0,04573987;
1298,977;0,08772743;0,04617032;
1300,841;0,08810995;0,04661992;
1302,705;0,08854131;0,04711806;
1304,568;0,08898112;0,04762438;
1306,432;0,08945658;0,04816606;
1308,296;0,08988164;0,04865705;
1310,159;0,09029;0,04913107;
1312,023;0,09075821;0,04966465;
1313,887;0,09122615;0,0501977;
1315,750;0,09160631;0,05064268;
1317,614;0,09206055;0,05116147;
1319,478;0,09256862;0,05173381;
1321,341;0,09293559;0,05216478;
1323,205;0,09333889;0,05263181;
1325,069;0,09388059;0,05323697;
1326,932;0,09444588;0,05386546;
1328,796;0,09507713;0,05455964;
1330,660;0,0957343;0,05527947;
1332,523;0,0963666;0,05597417;
1334,387;0,09697561;0,05664532;
1336,251;0,09773722;0,05746882;
1338,114;0,09888013;0,05867335;
1339,978;0,100217;0,06007163;
1341,842;0,1010472;0,06096287;
1343,705;0,1017943;0,0617709;
1345,569;0,102827;0,06286416;
1347,433;0,1039399;0,0640374;
1349,296;0,10508;0,06523763;
1351,160;0,1062049;0,06642234;
1353,024;0,1073033;0,06758042;
1354,887;0,1085483;0,06888475;
1356,751;0,1096608;0,07005639;
1358,615;0,1106574;0,07111184;
1360,478;0,1119952;0,07250824;
1362,342;0,1138853;0,07445671;
1364,206;0,1152748;0,07590441;
1366,069;0,1160274;0,07671489;
1367,933;0,1171743;0,0779195;
1369,797;0,1182358;0,07903842;
1371,660;0,1189608;0,07982067;
1373,524;0,120322;0,08123886;
1375,388;0,1215678;0,08254133;
1377,251;0,1219432;0,08297329;
1379,115;0,1224249;0,08351128;
1380,979;0,1228855;0,08402795;
1382,842;0,1230795;0,08427779;
1384,706;0,1232368;0,08449065;
1386,570;0,123988;0,08529722;
1388,433;0,1244623;0,08582671;
1390,297;0,1238039;0,0852232;
1392,161;0,1233025;0,08477651;
1394,024;0,1237137;0,08524228;
1395,888;0,1239752;0,08555801;
1397,752;0,1236033;0,08524018;
1399,615;0,1234866;0,08517732;
1401,479;0,1225613;0,08430565;
1403,343;0,1216933;0,08349106;
1405,206;0,1212227;0,08307375;
1407,070;0,1201778;0,08208185;
1408,934;0,1188335;0,08079033;
1410,797;0,1175993;0,07960864;
1412,661;0,116118;0,07817975;
1414,525;0,1142834;0,07639729;
1416,388;0,1125639;0,07472974;
1418,252;0,1117761;0,07399367;
1420,116;0,1105004;0,07276955;
1421,979;0,1080094;0,0703299;
1423,843;0,1060901;0,06846171;
1425,707;0,1041841;0,06660666;
1427,570;0,1021361;0,06460943;
1429,434;0,100593;0,06311684;
1431,298;0,09893629;0,0615105;
1433,161;0,09688732;0,05951167;
1435,025;0,09570955;0,05838386;
1436,889;0,09552212;0,0582462;
1438,752;0,09400171;0,05677535;
1440,616;0,0923033;0,05512632;
1442,480;0,09124028;0,05411248;
1444,343;0,09023265;0,05315384;
1446,207;0,08937232;0,05234232;
1448,071;0,08863249;0,05165111;
1449,934;0,08736874;0,05043579;
1451,798;0,0857968;0,04891209;
1453,662;0,08428049;0,04744384;
1455,525;0,08360917;0,04682039;
1457,389;0,08375448;0,04701339;
1459,253;0,08186684;0,04517326;
1461,116;0,07963173;0,04298547;
1462,980;0,07828479;0,04168568;
1464,844;0,07757857;0,04102643;
1466,707;0,07589448;0,03938912;
1468,571;0,07381792;0,03735917;
1470,435;0,07249275;0,03608043;
1472,298;0,0723043;0,03593823;
1474,162;0,0716241;0,03530412;
1476,026;0,07069951;0,03442543;
1477,889;0,07006319;0,03383483;
1479,753;0,0698023;0,03361951;
1481,617;0,07009885;0,03396144;
1483,480;0,07033713;0,03424494;
1485,344;0,07066515;0,034618;
1487,208;0,07164241;0,03564014;
1489,071;0,07321103;0,03725347;
1490,935;0,07454503;0,03863201;
1492,799;0,07466056;0,03879191;
1494,662;0,07549555;0,03967111;
1496,526;0,07780376;0,04202336;
1498,390;0,07954619;0,04380967;
1500,253;0,08017146;0,04447866;
1502,117;0,0803322;0,04468295;
1503,981;0,08099205;0,04538619;
1505,844;0,08474535;0,04918273;
1507,708;0,08905846;0,0535389;
1509,572;0,08892839;0,05345174;
1511,435;0,08932683;0,05389293;
1513,299;0,09048225;0,05509095;
1515,163;0,0917918;0,05644294;
1517,026;0,09368016;0,05837357;
1518,890;0,09486782;0,05960336;
1520,754;0,0975562;0,06233371;
1522,618;0,1004258;0,06524508;
1524,481;0,1014448;0,06630581;
1526,345;0,103643;0,0685455;
1528,209;0,1055161;0,07045994;
1530,072;0,1065827;0,07156776;
1531,936;0,1087201;0,07374626;
1533,800;0,1122828;0,07734985;
1535,663;0,1131053;0,07821313;
1537,527;0,1138279;0,07897627;
1539,391;0,118918;0,08410685;
1541,254;0,1240971;0,0893263;
1543,118;0,1253098;0,09057913;
1544,982;0,1268541;0,09216352;
1546,845;0,1278708;0,09322005;
1548,709;0,1290877;0,0944767;
1550,573;0,1309949;0,09642347;
1552,436;0,132015;0,09748302;
1554,300;0,1330032;0,09851056;
1556,164;0,1338954;0,09944189;
1558,027;0,1378386;0,1034241;
1559,891;0,1435514;0,1091758;
1561,755;0,141206;0,1068691;
1563,618;0,139816;0,1055178;
1565,482;0,1403818;0,1061221;
1567,346;0,1409458;0,1067244;
1569,209;0,1422383;0,1080551;
1571,073;0,1426781;0,1085329;
1572,937;0,1414887;0,1073815;
1574,800;0,1422066;0,1081372;
1576,664;0,1442544;0,1102226;
1578,528;0,1435454;0,1095511;
1580,391;0,1423128;0,108356;
1582,255;0,1420697;0,1081501;
1584,119;0,1417706;0,1078882;
1585,982;0,1413444;0,1074989;
1587,846;0,140721;0,1069125;
1589,710;0,1400569;0,1062851;
1591,573;0,1391123;0,1053771;
1593,437;0,1382341;0,1045354;
1595,301;0,1373203;0,1036579;
1597,164;0,136265;0,1026388;
1599,028;0,13493;0,10134;
1600,892;0,1336816;0,1001275;
1602,755;0,1323665;0,09884828;
1604,619;0,130974;0,09749147;
1606,483;0,1294358;0,09598887;
1608,346;0,1280998;0,09468837;
1610,210;0,1265642;0,0931881;
1612,074;0,1248229;0,09148201;
1613,937;0,1230738;0,08976805;
1615,801;0,1224082;0,08913745;
1617,665;0,1216694;0,08843347;
1619,528;0,1195686;0,08636747;
1621,392;0,1179276;0,08476102;
1623,256;0,1173317;0,0841997;
1625,119;0,1160786;0,08298101;
1626,983;0,1145839;0,08152054;
1628,847;0,1132448;0,08021562;
1630,710;0,1115696;0,07857441;
1632,574;0,1098231;0,0768618;
1634,438;0,1091521;0,07622468;
1636,301;0,1087419;0,07584817;
1638,165;0,1067737;0,07391346;
1640,029;0,1046531;0,07182633;
1641,892;0,102848;0,07005459;
1643,756;0,1010319;0,06827168;
1645,620;0,09982358;0,06709653;
1647,483;0,09865614;0,06596209;
1649,347;0,09630329;0,06364214;
1651,211;0,09451501;0,06188665;
1653,074;0,09465982;0,06206413;
1654,938;0,09289303;0,0603299;
1656,802;0,09006176;0,05753107;
1658,665;0,0879141;0,05541576;
1660,529;0,08619957;0,05373346;
1662,393;0,0845969;0,05216292;
1664,256;0,08251856;0,0501166;
1666,120;0,08011385;0,04774379;
1667,984;0,07839904;0,04606079;
1669,847;0,07686022;0,04455367;
1671,711;0,07479106;0,0425161;
1673,575;0,07277337;0,04052989;
1675,438;0,07123446;0,03902236;
1677,302;0,06930773;0,03712691;
1679,166;0,06734754;0,03519789;
1681,029;0,06544242;0,03332383;
1682,893;0,06402856;0,03194095;
1684,757;0,06275113;0,03069437;
1686,620;0,06072396;0,02869797;
1688,484;0,05886797;0,02687263;
1690,348;0,05744855;0,02548376;
1692,211;0,05592498;0,02399066;
1694,075;0,05451474;0,02261077;
1695,939;0,05322548;0,02135177;
1697,802;0,05161228;0,01976872;
1699,666;0,05039358;0,01858008;
1701,530;0,04919787;0,01741433;
1703,393;0,04780628;0,0160526;
1705,257;0,04680144;0,01507751;
1707,121;0,04564559;0,01395133;
1708,984;0,0444852;0,01282051;
1710,848;0,04342728;0,01179206;
1712,712;0,04252891;0,01092306;
1714,575;0,04152695;0,009950384;
1716,439;0,0406085;0,009061118;
1718,303;0,03975258;0,008234289;
1720,166;0,03867578;0,007186478;
1722,030;0,03765714;0,00619674;
1723,894;0,03687546;0,005443866;
1725,757;0,03599691;0,004594034;
1727,621;0,03514531;0,003771051;
1729,485;0,03434851;0,003002777;
1731,348;0,03354165;0,002224359;
1733,212;0,03285768;0,001568726;
1735,076;0,03222121;0,0009605143;
1736,939;0,0312112;-2,1341E-5;
1738,803;0,03064475;-0,0005597117;
1740,667;0,0301755;-0,001000982;
1742,530;0,02967796;-0,001470628;
1744,394;0,02906607;-0,002054717;
1746,258;0,02854497;-0,002548111;
1748,121;0,02806513;-0,003000324;
1749,985;0,0276556;-0,003382313;
1751,849;0,02722104;-0,003789427;
1753,712;0,02671249;-0,004270611;
1755,576;0,0262385;-0,00471733;
1757,440;0,02589825;-0,005030397;
1759,303;0,02535925;-0,005542296;
1761,167;0,02495313;-0,005921393;
1763,031;0,0246238;-0,006223796;
1764,894;0,0241831;-0,006637658;
1766,758;0,02367789;-0,007116109;
1768,622;0,02323162;-0,007535704;
1770,485;0,02260432;-0,008136409;
1772,349;0,02216072;-0,008553505;
1774,213;0,02159851;-0,009089288;
1776,076;0,02111768;-0,009543785;
1777,940;0,02069969;-0,009935513;
1779,804;0,02041281;-0,01019622;
1781,667;0,0199452;-0,01063774;
1783,531;0,0196022;-0,01095473;
1785,395;0,01926455;-0,01126645;
1787,258;0,018944;-0,01156115;
1789,122;0,01857503;-0,01190435;
1790,986;0,0182966;-0,01215709;
1792,849;0,01797025;-0,01245783;
1794,713;0,01761718;-0,01278538;
1796,577;0,01746363;-0,01291348;
1798,441;0,01746781;-0,01288393;
1800,304;0,01729561;-0,01303084;
1802,168;0,01712268;-0,01317856;
1804,032;0,01692876;-0,01334735;
1805,895;0,01686871;-0,01338234;
1807,759;0,01675113;-0,01347494;
1809,623;0,01665687;-0,01354429;
1811,486;0,01650817;-0,01366817;
1813,350;0,01638896;-0,01376263;
1815,214;0,0162654;-0,01386152;
1817,077;0,01623447;-0,01386786;
1818,941;0,01629864;-0,01377917;
1820,805;0,01638268;-0,01367068;
1822,668;0,01637747;-0,01365152;
1824,532;0,0163672;-0,0136375;
1826,396;0,01631969;-0,01366079;
1828,259;0,01638007;-0,01357626;
1830,123;0,01631087;-0,01362139;
1831,987;0,01626259;-0,01364567;
1833,850;0,01624802;-0,0136363;
1835,714;0,01616346;-0,01369701;
1837,578;0,01627264;-0,01356405;
1839,441;0,01645038;-0,0133626;
1841,305;0,01641021;-0,01337913;
1843,169;0,01638375;-0,01338203;
1845,032;0,01622625;-0,01351603;
1846,896;0,01617781;-0,01354105;
1848,760;0,01627656;-0,01341895;
1850,623;0,01644849;-0,01322374;
1852,487;0,01644093;-0,01320808;
1854,351;0,01645989;-0,01316598;
1856,214;0,01656303;-0,01303977;
1858,078;0,01664781;-0,01293199;
1859,942;0,01645421;-0,01310266;
1861,805;0,01632413;-0,01320987;
1863,669;0,01632851;-0,01318269;
1865,533;0,01644702;-0,01304146;
1867,396;0,01629848;-0,01316734;
1869,260;0,0161487;-0,01329453;
1871,124;0,01611054;-0,01331016;
1872,987;0,01615951;-0,01323873;
1874,851;0,01619166;-0,01318419;
1876,715;0,0163305;-0,01302302;
1878,578;0,01646551;-0,01286576;
1880,442;0,01646049;-0,01284859;
1882,306;0,01632829;-0,01295866;
1884,169;0,01630435;-0,01296055;
1886,033;0,01623991;-0,01300299;
1887,897;0,01624108;-0,01297989;
1889,760;0,01627626;-0,01292284;
1891,624;0,0160652;-0,0131121;
1893,488;0,01584675;-0,01330882;
1895,351;0,01602932;-0,01310458;
1897,215;0,01621131;-0,01290098;
1899,079;0,01610812;-0,01298263;
1900,942;0,01591847;-0,01315079;
1902,806;0,01573588;-0,01331197;
1904,670;0,01531972;-0,01370677;
1906,533;0,0153892;-0,013616;
1908,397;0,01576307;-0,0132209;
1910,261;0,01599638;-0,01296643;
1912,124;0,01579316;-0,01314854;
1913,988;0,01562284;-0,01329781;
1915,852;0,01550183;-0,01339784;
1917,715;0,01530446;-0,01357429;
1919,579;0,01488044;-0,01397745;
1921,443;0,01482467;-0,01401242;
1923,306;0,01481909;-0,01399725;
1925,170;0,01498555;-0,01381012;
1927,034;0,0149031;-0,01387195;
1928,897;0,01472728;-0,01402721;
1930,761;0,01466123;-0,01407276;
1932,625;0,01437453;-0,01433902;
1934,488;0,01397375;-0,01471941;
1936,352;0,01420526;-0,01446758;
1938,216;0,0141376;-0,01451498;
1940,079;0,01372407;-0,01490831;
1941,943;0,01309916;-0,01551306;
1943,807;0,01288807;-0,01570407;
1945,670;0,01291794;-0,01565416;
1947,534;0,01290431;-0,01564782;
1949,398;0,01243474;-0,01609747;
1951,261;0,01221488;-0,01629747;
1953,125;0,0120444;-0,01644814;
1954,989;0,01182045;-0,01665235;
1956,852;0,01090448;-0,01754863;
1958,716;0,01020818;-0,01822529;
1960,580;0,009941486;-0,01847241;
1962,443;0,009827096;-0,01856727;
1964,307;0,009725918;-0,01864898;
1966,171;0,00948094;-0,01887455;
1968,034;0,008307201;-0,02002893;
1969,898;0,007936502;-0,02038033;
1971,762;0,00802276;-0,02027482;
1973,625;0,007723578;-0,02055481;
1975,489;0,007435633;-0,02082362;
1977,353;0,007351493;-0,02088868;
1979,216;0,007803195;-0,02041794;
1981,080;0,008639866;-0,01956229;
1982,944;0,009113209;-0,01907003;
1984,807;0,009501171;-0,0186632;
1986,671;0,009484354;-0,0186612;
1988,535;0,009748393;-0,01837839;
1990,398;0,009550263;-0,01855781;
1992,262;0,009395012;-0,0186944;
1994,126;0,009599615;-0,01847119;
1995,989;0,0104931;-0,01755915;
1997,853;0,01062595;-0,0174078;
1999,717;0,01020223;-0,01781307;
2001,580;0,01017434;-0,01782256;
2003,444;0,009786552;-0,018192;
2005,308;0,008904688;-0,01905557;
2007,171;0,008929539;-0,01901247;
2009,035;0,008525253;-0,01939856;
2010,899;0,007722756;-0,02018291;
2012,762;0,007261143;-0,02062643;
2014,626;0,00699172;-0,02087781;
2016,490;0,006987444;-0,02086409;
2018,353;0,007568965;-0,02026463;
2020,217;0,007200128;-0,02061557;
2022,081;0,007049668;-0,02074819;
2023,944;0,00700587;-0,02077419;
2025,808;0,006761304;-0,02100101;
2027,672;0,006589632;-0,02115498;
2029,535;0,006905358;-0,02082161;
2031,399;0,007070156;-0,02063921;
2033,263;0,007139136;-0,02055267;
2035,126;0,007881064;-0,01979324;
2036,990;0,007874146;-0,0197827;
2038,854;0,00771337;-0,01992607;
2040,717;0,008751683;-0,0188704;
2042,581;0,009582686;-0,01802208;
2044,445;0,009902588;-0,01768491;
2046,308;0,00994339;-0,01762689;
2048,172;0,01082425;-0,01672886;
2050,036;0,011831;-0,01570499;
2051,899;0,01254983;-0,01496908;
2053,763;0,012786;-0,01471587;
2055,627;0,01297682;-0,01450807;
2057,490;0,01360365;-0,0138643;
2059,354;0,01423959;-0,01321147;
2061,218;0,01442584;-0,01300838;
2063,081;0,01467738;-0,01274003;
2064,945;0,01494613;-0,01245452;
2066,809;0,0151491;-0,01223484;
2068,672;0,01527225;-0,01209503;
2070,536;0,01527553;-0,01207513;
2072,400;0,01527099;-0,01206309;
2074,264;0,01577854;-0,011539;
2076,127;0,01627648;-0,01102459;
2077,991;0,01639491;-0,01088971;
2079,855;0,01652879;-0,01073943;
2081,718;0,01691846;-0,0103334;
2083,582;0,01708268;-0,01015288;
2085,446;0,01694951;-0,01026977;
2087,309;0,01711269;-0,01009038;
2089,173;0,0175612;-0,009625681;
2091,037;0,0172878;-0,009882953;
2092,900;0,01679973;-0,01035492;
2094,764;0,01665286;-0,01048574;
2096,628;0,01699452;-0,01012808;
2098,491;0,01718356;-0,009923075;
2100,355;0,01737477;-0,009715942;
2102,219;0,0174486;-0,009626232;
2104,082;0,01763395;-0,009425039;
2105,946;0,017712;-0,009331197;
2107,810;0,01754767;-0,009479774;
2109,673;0,01744177;-0,009569957;
2111,537;0,01778232;-0,009213738;
2113,401;0,01792062;-0,009059808;
2115,264;0,01796292;-0,009001921;
2117,128;0,01802875;-0,008920542;
2118,992;0,01762714;-0,009306647;
2120,855;0,01740599;-0,009512332;
2122,719;0,01732883;-0,00957407;
2124,583;0,01692788;-0,009959636;
2126,446;0,01681373;-0,01005843;
2128,310;0,01663175;-0,01022511;
2130,174;0,01616126;-0,01068034;
2132,037;0,01558665;-0,01123973;
2133,901;0,01489294;-0,01191826;
2135,765;0,01421274;-0,01258331;
2137,628;0,01387235;-0,01290859;
2139,492;0,01342427;-0,01334162;
2141,356;0,01290352;-0,01384734;
2143,219;0,01264969;-0,01408618;
2145,083;0,01201041;-0,01471051;
2146,947;0,01131939;-0,01538662;
2148,810;0,01118675;-0,0155044;
2150,674;0,01091541;-0,0157609;
2152,538;0,009916771;-0,01674475;
2154,401;0,008332718;-0,01831405;
2156,265;0,006858748;-0,01977331;
2158,129;0,006279936;-0,02033744;
2159,992;0,006590211;-0,02001253;
2161,856;0,007332885;-0,01925525;
2163,720;0,008351325;-0,01822225;
2165,583;0,00853793;-0,01802112;
2167,447;0,008988679;-0,01755588;
2169,311;0,009798326;-0,01673178;
2171,174;0,01079209;-0,01572361;
2173,038;0,01083701;-0,0156643;
2174,902;0,01041482;-0,01607216;
2176,765;0,01080757;-0,0156651;
2178,629;0,01133936;-0,01511905;
2180,493;0,01133241;-0,01511176;
2182,356;0,01201165;-0,01441834;
2184,220;0,01269811;-0,01371771;
2186,084;0,01327929;-0,01312241;
2187,947;0,0131393;-0,01324832;
2189,811;0,01330521;-0,01306836;
2191,675;0,01375327;-0,01260628;
2193,538;0,01410344;-0,01224214;
2195,402;0,01400359;-0,01232804;
2197,266;0,01383866;-0,01247907;
2199,129;0,0146139;-0,01168996;
2200,993;0,0150464;-0,01124362;
2202,857;0,01509129;-0,01118494;
2204,720;0,01528167;-0,01098079;
2206,584;0,01530851;-0,01094021;
2208,448;0,01553102;-0,01070401;
2210,311;0,01578688;-0,01043449;
2212,175;0,01627842;-0,009929319;
2214,039;0,01609227;-0,01010187;
2215,902;0,01597671;-0,01020387;
2217,766;0,01643615;-0,009730913;
2219,630;0,01676215;-0,009391426;
2221,493;0,01669185;-0,009448263;
2223,357;0,01678775;-0,009338949;
2225,221;0,01711358;-0,008999725;
2227,084;0,01752108;-0,008578871;
2228,948;0,01741987;-0,008666753;
2230,812;0,01770992;-0,008363421;
2232,675;0,01853463;-0,007525452;
2234,539;0,01890978;-0,007137084;
2236,403;0,01874076;-0,007292914;
2238,266;0,01868046;-0,007340057;
2240,130;0,01872864;-0,007278752;
2241,994;0,01895809;-0,007036218;
2243,857;0,0191293;-0,006851948;
2245,721;0,01913283;-0,006835392;
2247,585;0,01929857;-0,006656659;
2249,448;0,01977281;-0,006169459;
2251,312;0,02016395;-0,005765392;
2253,176;0,02028994;-0,005626504;
2255,039;0,02020633;-0,005697252;
2256,903;0,02026759;-0,005623158;
2258,767;0,02072871;-0,005149238;
2260,630;0,0210708;-0,004794377;
2262,494;0,0211018;-0,004750637;
2264,358;0,02115743;-0,0046823;
2266,221;0,02135495;-0,00447211;
2268,085;0,02134216;-0,004472252;
2269,949;0,02129565;-0,00450615;
2271,812;0,02179068;-0,003998538;
2273,676;0,02217681;-0,003599852;
2275,540;0,02251842;-0,003245727;
2277,403;0,02304763;-0,002704024;
2279,267;0,02338968;-0,002349518;
2281,131;0,02334277;-0,002384004;
2282,994;0,02356579;-0,00214858;
2284,858;0,02396294;-0,001739066;
2286,722;0,02426993;-0,001419736;
2288,585;0,02439023;-0,001287131;
2290,449;0,0244802;-0,001184891;
2292,313;0,024554;-0,001098839;
2294,176;0,02464788;-0,000992743;
2296,040;0,02460922;-0,001019218;
2297,904;0,02471119;-0,0009050907;
2299,767;0,02488802;-0,0007161325;
2301,631;0,0248604;-0,000731646;
2303,495;0,02485008;-0,0007299044;
2305,358;0,02486474;-0,0007032024;
2307,222;0,02499057;-0,0005653656;
2309,086;0,02511156;-0,0004323924;
2310,949;0,02507356;-0,0004584343;
2312,813;0,02507956;-0,0004405108;
2314,677;0,02517183;-0,0003363517;
2316,540;0,0252343;-0,0002620084;
2318,404;0,02524355;-0,0002409234;
2320,268;0,02534318;-0,0001294789;
2322,131;0,02557522;0,0001143349;
2323,995;0,02555118;0,0001020538;
2325,859;0,02526496;-0,0001724426;
2327,722;0,02496322;-0,0004624842;
2329,586;0,02474037;-0,0006736703;
2331,450;0,02479604;-0,000606359;
2333,313;0,02475424;-0,000636553;
2335,177;0,02471025;-0,0006689521;
2337,041;0,02482568;-0,0005419711;
2338,904;0,02482931;-0,000526804;
2340,768;0,02472502;-0,0006195974;
2342,632;0,02462294;-0,0007102044;
2344,495;0,02471975;-0,0006019439;
2346,359;0,02494618;-0,0003640939;
2348,223;0,0249894;-0,0003094792;
2350,087;0,02488765;-0,0003998646;
2351,950;0,02472228;-0,0005538955;
2353,814;0,0244803;-0,0007845699;
2355,678;0,02432519;-0,0009283958;
2357,541;0,02408031;-0,001162012;
2359,405;0,02384813;-0,001382964;
2361,269;0,02383406;-0,001385826;
2363,132;0,02388733;-0,001321383;
2364,996;0,02393835;-0,001259208;
2366,860;0,02414246;-0,001043979;
2368,723;0,02443189;-0,000743447;
2370,587;0,02483951;-0,000324749;
2372,451;0,02512496;-2,825666E-5;
2374,314;0,02526621;0,0001240197;
2376,178;0,02546627;0,0003350745;
2378,042;0,02564389;0,0005236602;
2379,905;0,02568239;0,0005731039;
2381,769;0,0257466;0,0006482331;
2383,633;0,02592615;0,000838672;
2385,496;0,02615763;0,001081016;
2387,360;0,02628271;0,001216934;
2389,224;0,02621185;0,001156892;
2391,087;0,02614332;0,001099154;
2392,951;0,02609587;0,001062466;
2394,815;0,02607036;0,001047701;
2396,678;0,02600088;0,0009889358;
2398,542;0,02591583;0,0009145711;
2400,406;0,02596778;0,0009771871;
2402,269;0,02591936;0,0009394068;
2404,133;0,02578254;0,0008132072;
2405,997;0,0258274;0,0008686532;
2407,860;0,0260867;0,001138527;
2409,724;0,02619524;0,00125761;
2411,588;0,02604305;0,001115938;
2413,451;0,0259817;0,001065081;
2415,315;0,02598762;0,001081463;
2417,179;0,02593868;0,001042967;
2419,042;0,02593087;0,00104558;
2420,906;0,02596457;0,001089681;
2422,770;0,02605873;0,00119421;
2424,633;0,02619745;0,001343279;
2426,497;0,02617299;0,00132914;
2428,361;0,0261067;0,001273151;
2430,224;0,02616923;0,001345963;
2432,088;0,02626093;0,001447918;
2433,952;0,02620253;0,00139975;
2435,815;0,02624798;0,001455398;
2437,679;0,02635256;0,001570168;
2439,543;0,026364;0,001591766;
2441,406;0,02647465;0,001712548;
2443,270;0,02666349;0,001911504;
2445,134;0,02668383;0,001941938;
2446,997;0,02667655;0,001944727;
2448,861;0,02672383;0,002002049;
2450,725;0,02673672;0,002024959;
2452,588;0,02668009;0,001978324;
2454,452;0,02659572;0,001903935;
2456,316;0,02678496;0,002103122;
2458,179;0,02694278;0,002270874;
2460,043;0,02685968;0,002197681;
2461,907;0,02689181;0,002239696;
2463,770;0,02701811;0,002375864;
2465,634;0,02705973;0,002427324;
2467,498;0,02696872;0,002346128;
2469,361;0,02686232;0,002249531;
2471,225;0,02683315;0,002230135;
2473,089;0,02700795;0,002414681;
2474,952;0,02715935;0,002575815;
2476,816;0,02700248;0,002428654;
2478,680;0,02685266;0,002288519;
2480,543;0,02710115;0,002546676;
2482,407;0,02732933;0,002784495;
2484,271;0,02723523;0,002700012;
2486,134;0,02735961;0,002833994;
2487,998;0,02754688;0,003030844;
2489,862;0,02746066;0,002954177;
2491,725;0,02745457;0,002957618;
2493,589;0,02758962;0,003102185;
2495,453;0,02759359;0,003115651;
2497,316;0,02753785;0,003069378;
2499,180;0,02738995;0,002930923;
2501,044;0,027339;0,002889406;
2502,907;0,02749594;0,003055756;
2504,771;0,02765009;0,003219287;
2506,635;0,0276372;0,003215762;
2508,498;0,02764609;0,003234002;
2510,362;0,0278656;0,003462837;
2512,226;0,02801629;0,003622831;
2514,089;0,02791791;0,003533731;
2515,953;0,02785242;0,0034775;
2517,817;0,02785029;0,003484608;
2519,680;0,02785067;0,003494216;
2521,544;0,02805114;0,003703886;
2523,408;0,02817483;0,003836756;
2525,271;0,02813711;0,003808194;
2527,135;0,02806812;0,003748339;
2528,999;0,02790538;0,00359472;
2530,862;0,02801817;0,003716611;
2532,726;0,02815924;0,003866762;
2534,590;0,02832325;0,004039827;
2536,453;0,02840873;0,004134343;
2538,317;0,02843779;0,004172428;
2540,181;0,02857641;0,004320045;
2542,044;0,02879663;0,004549239;
2543,908;0,02881878;0,004580352;
2545,772;0,02879137;0,004561881;
2547,635;0,02868925;0,004468685;
2549,499;0,02864326;0,004431592;
2551,363;0,02890089;0,004698109;
2553,226;0,02909205;0,004898127;
2555,090;0,02900456;0,004819479;
2556,954;0,02904803;0,00487177;
2558,817;0,02906077;0,004893315;
2560,681;0,02909855;0,004939885;
2562,545;0,02922496;0,005075059;
2564,408;0,02941584;0,005274679;
2566,272;0,02949379;0,005361363;
2568,136;0,02960523;0,005481514;
2569,999;0,02971797;0,005602937;
2571,863;0,02980468;0,005698318;
2573,727;0,02994669;0,005848984;
2575,590;0,02997202;0,005882939;
2577,454;0,02984512;0,005764662;
2579,318;0,02994872;0,005876852;
2581,181;0,03008442;0,006021135;
2583,045;0,03021777;0,006163034;
2584,909;0,03037805;0,006331859;
2586,772;0,03053414;0,006496466;
2588,636;0,03049468;0,006465518;
2590,500;0,03040963;0,00638895;
2592,363;0,03061212;0,006599907;
2594,227;0,03088174;0,006877973;
2596,091;0,03097125;0,006975909;
2597,954;0,03100858;0,007021658;
2599,818;0,03105015;0,007071614;
2601,682;0,03123235;0,007262191;
2603,545;0,03131938;0,007357579;
2605,409;0,0313257;0,007372241;
2607,273;0,03157995;0,007634809;
2609,136;0,03188046;0,007943631;
2611,000;0,03182871;0,007900167;
2612,864;0,03171813;0,007797848;
2614,727;0,03180854;0,007896516;
2616,591;0,03205385;0,008150053;
2618,455;0,03224076;0,008345187;
2620,318;0,03231918;0,008431802;
2622,182;0,03240969;0,00853049;
2624,046;0,03256782;0,008696786;
2625,910;0,03258901;0,008726124;
2627,773;0,03266288;0,008808119;
2629,637;0,03285346;0,009006811;
2631,501;0,03309356;0,009255;
2633,364;0,03317517;0,009344692;
2635,228;0,03326177;0,009439347;
2637,092;0,03338629;0,009571911;
2638,955;0,03351954;0,009713186;
2640,819;0,03367845;0,009880104;
2642,683;0,03383693;0,01004658;
2644,546;0,03391593;0,01013356;
2646,410;0,03393208;0,01015766;
2648,274;0,03385959;0,01009311;
2650,137;0,03390745;0,0101489;
2652,001;0,03407269;0,01032204;
2653,865;0,03416054;0,01041779;
2655,728;0,03417111;0,01043623;
2657,592;0,03426782;0,0105408;
2659,456;0,03434194;0,01062276;
2661,319;0,03431557;0,01060422;
2663,183;0,03430913;0,01060558;
2665,047;0,03439083;0,01069508;
2666,910;0,03441957;0,01073159;
2668,774;0,03448941;0,01080919;
2670,638;0,03451375;0,01084127;
2672,501;0,03457053;0,01090578;
2674,365;0,03463427;0,01097723;
2676,229;0,0345987;0,01094936;
2678,092;0,03465685;0,01101519;
2679,956;0,03487188;0,01123788;
2681,820;0,03496873;0,01134237;
2683,683;0,03503209;0,01141336;
2685,547;0,03512019;0,01150908;
2687,411;0,03518288;0,01157937;
2689,274;0,03519243;0,0115965;
2691,138;0,0352442;0,01165584;
2693,002;0,03531988;0,01173907;
2694,865;0,03542066;0,01184739;
2696,729;0,03544311;0,01187737;
2698,593;0,03549557;0,01193733;
2700,456;0,03557039;0,01201963;
2702,320;0,03572083;0,01217755;
2704,184;0,03587736;0,01234154;
2706,047;0,03587834;0,01234996;
2707,911;0,03588136;0,01236041;
2709,775;0,03597279;0,01245926;
2711,638;0,03595191;0,01244577;
2713,502;0,03598024;0,01248148;
2715,366;0,03610468;0,01261329;
2717,229;0,03625224;0,0127682;
2719,093;0,0363262;0,0128495;
2720,957;0,03645113;0,01298175;
2722,820;0,03651175;0,01304967;
2724,684;0,03655185;0,01309706;
2726,548;0,03658907;0,01314156;
2728,411;0,03674253;0,01330229;
2730,275;0,03689835;0,01346535;
2732,139;0,03697168;0,01354591;
2734,002;0,03690237;0,01348382;
2735,866;0,03685106;0,01343971;
2737,730;0,03696098;0,01355682;
2739,593;0,03715524;0,01375826;
2741,457;0,03725701;0,01386718;
2743,321;0,03730528;0,01392259;
2745,184;0,03728361;0,01390806;
2747,048;0,03730794;0,0139395;
2748,912;0,03749105;0,01412971;
2750,775;0,03761465;0,0142604;
2752,639;0,0375764;0,01422921;
2754,503;0,03767077;0,01433064;
2756,366;0,03791775;0,01458467;
2758,230;0,03804863;0,01472257;
2760,094;0,03790285;0,01458381;
2761,957;0,03791648;0,01460444;
2763,821;0,03803185;0,0147268;
2765,685;0,03814646;0,01484837;
2767,548;0,03834167;0,01505055;
2769,412;0,0384643;0,01518012;
2771,276;0,03835189;0,01507464;
2773,139;0,03828714;0,0150168;
2775,003;0,0384324;0,01516897;
2776,867;0,03874345;0,01548691;
2778,730;0,0388999;0,01565023;
2780,594;0,03892751;0,0156847;
2782,458;0,03896012;0,01572416;
2784,321;0,03905236;0,01582323;
2786,185;0,03902584;0,01580353;
2788,049;0,03907031;0,0158548;
2789,912;0,03935842;0,0161497;
2791,776;0,03962437;0,01642243;
2793,640;0,03960017;0,016405;
2795,503;0,03958041;0,01639198;
2797,367;0,03967254;0,01649086;
2799,231;0,03983356;0,0166586;
2801,094;0,03993639;0,01676814;
2802,958;0,04007684;0,01691529;
2804,822;0,04020891;0,01705404;
2806,685;0,04042191;0,01727371;
2808,549;0,04047922;0,01733768;
2810,413;0,04058968;0,01745478;
2812,276;0,04084112;0,01771285;
2814,140;0,04094279;0,01782114;
2816,004;0,04095542;0,01784038;
2817,867;0,04111228;0,01800383;
2819,731;0,04122927;0,0181274;
2821,595;0,04143845;0,01834314;
2823,458;0,04159697;0,01850821;
2825,322;0,04165338;0,01857117;
2827,186;0,04175668;0,01868099;
2829,049;0,04197462;0,01890545;
2830,913;0,04208239;0,01901972;
2832,777;0,04223917;0,01918298;
2834,640;0,04241521;0,0193655;
2836,504;0,04268537;0,01964213;
2838,368;0,04296907;0,01993227;
2840,231;0,04327504;0,02024467;
2842,095;0,0435452;0,02052127;
2843,959;0,04381882;0,0208013;
2845,822;0,04397684;0,02096572;
2847,686;0,04418875;0,02118401;
2849,550;0,04450374;0,02150538;
2851,413;0,04472775;0,02173575;
2853,277;0,04478141;0,02179575;
2855,141;0,04483163;0,02185231;
2857,004;0,04490784;0,02193484;
2858,868;0,04509716;0,02213048;
2860,732;0,04528746;0,02232707;
2862,595;0,04547953;0,02252544;
2864,459;0,04567968;0,02273186;
2866,323;0,04594692;0,02300536;
2868,186;0,04608449;0,02314918;
2870,050;0,04618587;0,0232568;
2871,914;0,04619502;0,02327218;
2873,777;0,04634322;0,02342659;
2875,641;0,04654446;0,02363404;
2877,505;0,04675751;0,02385327;
2879,368;0,04689846;0,0240004;
2881,232;0,04696391;0,02407201;
2883,096;0,04700047;0,02411473;
2884,959;0,04709497;0,02421537;
2886,823;0,04706494;0,02419148;
2888,687;0,04715585;0,0242885;
2890,550;0,04742119;0,02455995;
2892,414;0,04765965;0,02480451;
2894,278;0,0476572;0,02480814;
2896,141;0,04776016;0,02491717;
2898,005;0,04809094;0,02525401;
2899,869;0,04839;0,02555911;
2901,733;0,04853589;0,02571105;
2903,596;0,04877372;0,02595489;
2905,460;0,04893109;0,02611828;
2907,324;0,04921982;0,02641301;
2909,187;0,04946378;0,02666296;
2911,051;0,04965653;0,02686169;
2912,915;0,04982818;0,02703931;
2914,778;0,05016369;0,02738077;
2916,642;0,05050668;0,0277297;
2918,506;0,05087478;0,02810374;
2920,369;0,05114115;0,02837602;
2922,233;0,05145077;0,02869156;
2924,097;0,05159063;0,02883732;
2925,960;0,05168673;0,02893931;
2927,824;0,05161107;0,02886952;
2929,688;0,05150848;0,0287728;
2931,551;0,05156726;0,02883743;
2933,415;0,05176666;0,02904267;
2935,279;0,05167558;0,02895742;
2937,142;0,05158567;0,02887333;
2939,006;0,05128094;0,02857442;
2940,870;0,05106962;0,02836889;
2942,733;0,05091671;0,02822177;
2944,597;0,05076688;0,02807772;
2946,461;0,05067057;0,02798717;
2948,324;0,05072292;0,02804527;
2950,188;0,05070431;0,02803241;
2952,052;0,05077056;0,0281044;
2953,915;0,05069847;0,02803802;
2955,779;0,05071555;0,02806082;
2957,643;0,05065778;0,02800875;
2959,506;0,05060486;0,02796151;
2961,370;0,0504599;0,02782223;
2963,234;0,05031451;0,02768251;
2965,097;0,0503232;0,02769686;
2966,961;0,05039852;0,02777782;
2968,825;0,05024618;0,02763112;
2970,688;0,05003903;0,0274296;
2972,552;0,04991539;0,02731157;
2974,416;0,04982645;0,02722824;
2976,279;0,04958421;0,02699159;
2978,143;0,04940393;0,0268169;
2980,007;0,04922091;0,02663944;
2981,870;0,04919901;0,02662311;
2983,734;0,04930247;0,02673212;
2985,598;0,04931846;0,02675365;
2987,461;0,04911215;0,02655287;
2989,325;0,04907105;0,0265173;
2991,189;0,04891271;0,02636447;
2993,052;0,04876896;0,02622622;
2994,916;0,04880092;0,02626366;
2996,780;0,04884041;0,02630864;
2998,643;0,04869652;0,02617021;
3000,507;0,04871276;0,02619192;
3002,371;0,04879454;0,02627915;
3004,234;0,04894499;0,02643503;
3006,098;0,04899775;0,02649322;
3007,962;0,04906835;0,02656924;
3009,825;0,04905135;0,02655764;
3011,689;0,04909121;0,02660291;
3013,553;0,04913201;0,02664909;
3015,416;0,04925447;0,02677693;
3017,280;0,04938255;0,02691038;
3019,144;0,04965071;0,0271839;
3021,007;0,04981651;0,02735505;
3022,871;0,04994144;0,02748532;
3024,735;0,04993193;0,02748114;
3026,598;0,0500112;0,02756572;
3028,462;0,05035062;0,02791046;
3030,326;0,05069124;0,02825638;
3032,189;0,05061454;0,02818496;
3034,053;0,05063228;0,02820798;
3035,917;0,05080623;0,02838721;
3037,780;0,05092809;0,02851432;
3039,644;0,05094772;0,02853921;
3041,508;0,05117666;0,02877339;
3043,371;0,05127948;0,02888144;
3045,235;0,05151841;0,02912559;
3047,099;0,05186805;0,02948044;
3048,962;0,05212008;0,02973768;
3050,826;0,05223426;0,02985706;
3052,690;0,05246849;0,03009647;
3054,553;0,05257705;0,0302102;
3056,417;0,05292863;0,03056695;
3058,281;0,0530976;0,03074107;
3060,144;0,05309378;0,0307424;
3062,008;0,05312242;0,03077617;
3063,872;0,05335851;0,03101739;
3065,735;0,05354784;0,03121185;
3067,599;0,0536824;0,03135151;
3069,463;0,05375581;0,03143002;
3071,326;0,05401982;0,03169912;
3073,190;0,05418629;0,03187068;
3075,054;0,05415514;0,03184459;
3076,917;0,05395953;0,03165405;
3078,781;0,05400149;0,03170106;
3080,645;0,05414909;0,0318537;
3082,508;0,0544139;0,03212355;
3084,372;0,05462774;0,03234241;
3086,236;0,05508763;0,03280732;
3088,099;0,0553597;0,0330844;
3089,963;0,05538111;0,03311081;
3091,827;0,05542195;0,03315664;
3093,690;0,05574244;0,0334821;
3095,554;0,0560683;0,03381294;
3097,418;0,0561188;0,0338684;
3099,281;0,05594739;0,03370194;
3101,145;0,05602135;0,03378085;
3103,009;0,0561502;0,03391463;
3104,872;0,05646958;0,03423894;
3106,736;0,05651799;0,03429227;
3108,600;0,05645662;0,03423581;
3110,463;0,05672204;0,03450613;
3112,327;0,05704852;0,0348375;
3114,191;0,05688143;0,03467529;
3116,054;0,05692831;0,03472705;
3117,918;0,05699894;0,03480254;
3119,782;0,05712904;0,0349375;
3121,645;0,05755819;0,0353715;
3123,509;0,05825461;0,03607276;
3125,373;0,05852064;0,03634361;
3127,236;0,05859694;0,03642474;
3129,100;0,05866708;0,03649969;
3130,964;0,05890107;0,03673849;
3132,827;0,05899125;0,03683346;
3134,691;0,05921359;0,03706059;
3136,555;0,05933789;0,03718967;
3138,418;0,0594422;0,03729875;
3140,282;0,05952018;0,03738149;
3142,146;0,05981716;0,03768322;
3144,009;0,05997829;0,0378491;
3145,873;0,06016714;0,03804268;
3147,737;0,06027336;0,03815363;
3149,600;0,06028147;0,03816647;
3151,464;0,06021679;0,03810649;
3153,328;0,06048535;0,03837976;
3155,191;0,06082695;0,03872606;
3157,055;0,06119578;0,03909957;
3158,919;0,06152727;0,03943574;
3160,782;0,06181412;0,03972726;
3162,646;0,06187127;0,03978908;
3164,510;0,06186835;0,03979081;
3166,373;0,06189677;0,03982388;
3168,237;0,06232235;0,04025409;
3170,101;0,06254836;0,04048473;
3171,964;0,06267181;0,0406128;
3173,828;0,06274668;0,04069228;
3175,692;0,0630003;0,0409505;
3177,556;0,06322508;0,04117988;
3179,419;0,06338767;0,04134706;
3181,283;0,06326633;0,0412303;
3183,147;0,06351995;0,0414885;
3185,010;0,06386472;0,04183783;
3186,874;0,06380405;0,04178172;
3188,738;0,06373146;0,04171367;
3190,601;0,06405423;0,04204098;
3192,465;0,06418037;0,04217165;
3194,329;0,06442914;0,04242494;
3196,192;0,06450986;0,04251019;
3198,056;0,06459509;0,04259992;
3199,920;0,06478111;0,04279044;
3201,783;0,06495766;0,04297148;
3203,647;0,06489449;0,0429128;
3205,511;0,0650076;0,04303039;
3207,374;0,06505496;0,04308222;
3209,238;0,06520228;0,043234;
3211,102;0,06535656;0,04339273;
3212,965;0,06536224;0,04340286;
3214,829;0,06517216;0,04321722;
3216,693;0,06528998;0,04333947;
3218,556;0,06545869;0,0435126;
3220,420;0,06570149;0,04375981;
3222,284;0,06579434;0,04385707;
3224,147;0,06591007;0,04397721;
3226,011;0,06593156;0,04400308;
3227,875;0,06602759;0,0441035;
3229,738;0,06601652;0,04409681;
3231,602;0,06589142;0,04397608;
3233,466;0,06560814;0,04369716;
3235,329;0,06563502;0,04372839;
3237,193;0,06565843;0,04375616;
3239,057;0,06594721;0,04404927;
3240,920;0,06625902;0,04436541;
3242,784;0,06634926;0,04445998;
3244,648;0,06608687;0,04420191;
3246,511;0,06602596;0,0441453;
3248,375;0,06608753;0,04421117;
3250,239;0,06641513;0,04454307;
3252,102;0,06670547;0,04483769;
3253,966;0,06676852;0,04490503;
3255,830;0,06667207;0,04481285;
3257,693;0,06676389;0,04490894;
3259,557;0,06667014;0,04481945;
3261,421;0,06657642;0,04472998;
3263,284;0,0665986;0,0447564;
3265,148;0,06673886;0,0449009;
3267,012;0,066651;0,04481726;
3268,875;0,06668646;0,04485695;
3270,739;0,06662072;0,04479543;
3272,603;0,0667289;0,04490781;
3274,466;0,06679343;0,04497654;
3276,330;0,06685704;0,04504434;
3278,194;0,06676564;0,04495713;
3280,057;0,06679093;0,04498659;
3281,921;0,06670838;0,04490822;
3283,785;0,06667868;0,04488268;
3285,648;0,06667029;0,04487845;
3287,512;0,06679432;0,04500663;
3289,376;0,06668961;0,04490607;
3291,239;0,06652093;0,04474152;
3293,103;0,066419;0,04464372;
3294,967;0,06648704;0,04471588;
3296,830;0,06637768;0,04461063;
3298,694;0,06633807;0,04457514;
3300,558;0,06622756;0,04446872;
3302,421;0,06625423;0,04449949;
3304,285;0,06610838;0,04435773;
3306,149;0,0659812;0,04423462;
3308,012;0,06583136;0,04408886;
3309,876;0,06583507;0,04409664;
3311,740;0,0658789;0,04414453;
3313,603;0,06593738;0,04420706;
3315,467;0,0658781;0,04415183;
3317,331;0,06588078;0,04415855;
3319,194;0,06579775;0,04407955;
3321,058;0,06580366;0,04408949;
3322,922;0,06576532;0,04405516;
3324,785;0,0656935;0,04398736;
3326,649;0,06537937;0,04367723;
3328,513;0,06521439;0,04351625;
3330,376;0,06519746;0,04350332;
3332,240;0,06541913;0,04372896;
3334,104;0,06530976;0,04362358;
3335,967;0,06518899;0,04350678;
3337,831;0,0649235;0,04324525;
3339,695;0,06470755;0,04303326;
3341,558;0,06472117;0,04305084;
3343,422;0,06479652;0,04313013;
3345,286;0,06454832;0,04288587;
3347,149;0,06442742;0,0427689;
3349,013;0,06432712;0,04267253;
3350,877;0,06419578;0,04254511;
3352,740;0,06389912;0,04225236;
3354,604;0,06392181;0,04227896;
3356,468;0,06393434;0,04229538;
3358,331;0,06379512;0,04216006;
3360,195;0,06357552;0,04194434;
3362,059;0,06357237;0,04194507;
3363,922;0,06332191;0,04169849;
3365,786;0,063083;0,04146345;
3367,650;0,06279018;0,04117449;
3369,513;0,06256633;0,04095449;
3371,377;0,06231023;0,04070224;
3373,241;0,06219552;0,04059137;
3375,104;0,06207352;0,04047321;
3376,968;0,06195967;0,04036319;
3378,832;0,06185032;0,04025766;
3380,695;0,06187926;0,04029042;
3382,559;0,0616859;0,04010086;
3384,423;0,06158958;0,04000836;
3386,286;0,06113765;0,03956022;
3388,150;0,06077284;0,0391992;
3390,014;0,06048356;0,0389137;
3391,877;0,06026178;0,0386957;
3393,741;0,06000597;0,03844367;
3395,605;0,06000377;0,03844523;
3397,468;0,05972681;0,03817203;
3399,332;0,05952636;0,03797534;
3401,196;0,05935488;0,0378076;
3403,059;0,05911454;0,03757101;
3404,923;0,05881479;0,03727499;
3406,787;0,0588597;0,03732363;
3408,650;0,05873788;0,03720553;
3410,514;0,05842201;0,03689339;
3412,378;0,05805375;0,03652884;
3414,241;0,05784983;0,03632862;
3416,105;0,05757715;0,03605964;
3417,969;0,05732608;0,03581226;
3419,832;0,05690397;0,03539384;
3421,696;0,05675005;0,03524359;
3423,560;0,05667096;0,03516818;
3425,423;0,05637156;0,03487245;
3427,287;0,05593064;0,03443519;
3429,151;0,05581791;0,03432612;
3431,014;0,05558985;0,03410171;
3432,878;0,05529639;0,0338119;
3434,742;0,0550238;0,03354295;
3436,605;0,05486084;0,03338362;
3438,469;0,05432602;0,03285243;
3440,333;0,05394461;0,03247463;
3442,196;0,05382969;0,03236333;
3444,060;0,05377878;0,03231603;
3445,924;0,05347031;0,03201117;
3447,787;0,05324798;0,03179244;
3449,651;0,05265092;0,03119897;
3451,515;0,05233552;0,03088715;
3453,379;0,05230749;0,0308627;
3455,242;0,05216745;0,03072624;
3457,106;0,05174072;0,03030308;
3458,970;0,05139062;0,02995654;
3460,833;0,05106633;0,02963581;
3462,697;0,05079413;0,02936716;
3464,561;0,05048184;0,02905842;
3466,424;0,05033373;0,02891384;
3468,288;0,05005987;0,02864352;
3470,152;0,04990452;0,0284917;
3472,015;0,04956691;0,02815761;
3473,879;0,04917662;0,02777084;
3475,743;0,04881822;0,02741595;
3477,606;0,04873753;0,02733877;
3479,470;0,04827807;0,0268828;
3481,334;0,04777185;0,02638009;
3483,197;0,04738785;0,02599957;
3485,061;0,04737202;0,02598722;
3486,925;0,04719517;0,02581385;
3488,788;0,04683879;0,02546094;
3490,652;0,04636597;0,02499159;
3492,516;0,04602584;0,02465493;
3494,379;0,04583286;0,0244654;
3496,243;0,04576138;0,02439737;
3498,107;0,04529125;0,02393068;
3499,970;0,04500615;0,02364902;
3501,834;0,04480053;0,02344684;
3503,698;0,04444441;0,02309414;
3505,561;0,04406322;0,02271638;
3507,425;0,04384676;0,02250334;
3509,289;0,04345351;0,0221135;
3511,152;0,04326569;0,02192909;
3513,016;0,042951;0,0216178;
3514,880;0,04254866;0,02121886;
3516,743;0,04219301;0,02086659;
3518,607;0,04199469;0,02067165;
3520,471;0,04175962;0,02043997;
3522,334;0,04158311;0,02026683;
3524,198;0,04110247;0,01978956;
3526,062;0,04081154;0,01950199;
3527,925;0,04044846;0,01914227;
3529,789;0,04005319;0,01875035;
3531,653;0,03960782;0,01830833;
3533,516;0,03927452;0,01797838;
3535,380;0,03908954;0,01779673;
3537,244;0,03904859;0,01775911;
3539,107;0,03861188;0,01732573;
3540,971;0,03822759;0,01694476;
3542,835;0,03826977;0,01699026;
3544,698;0,03838101;0,01710481;
3546,562;0,03780357;0,01653067;
3548,426;0,0371734;0,0159038;
3550,289;0,03701794;0,01575164;
3552,153;0,03688289;0,01561988;
3554,017;0,03646289;0,01520317;
3555,880;0,03629049;0,01503404;
3557,744;0,03578688;0,01453371;
3559,608;0,03521161;0,0139617;
3561,471;0,03493846;0,01369182;
3563,335;0,03494977;0,01370639;
3565,199;0,03470263;0,0134625;
3567,062;0,03450496;0,01326809;
3568,926;0,03432935;0,01309572;
3570,790;0,03395202;0,01272162;
3572,653;0,03337369;0,01214652;
3574,517;0,03315745;0,01193351;
3576,381;0,03290809;0,01168738;
3578,244;0,032619;0,0114015;
3580,108;0,03232419;0,01110991;
3581,972;0,03207535;0,01086428;
3583,835;0,03189592;0,01068805;
3585,699;0,03181022;0,01060556;
3587,563;0,03124585;0,01004438;
3589,426;0,03078656;0,009588271;
3591,290;0,03052849;0,009333384;
3593,154;0,03031025;0,00911833;
3595,017;0,03015468;0,008965933;
3596,881;0,030035;0,008849418;
3598,745;0,0297753;0,008592879;
3600,608;0,02940034;0,008221083;
3602,472;0,02901253;0,007836425;
3604,336;0,02887196;0,007698999;
3606,199;0,02857513;0,00740532;
3608,063;0,02857063;0,007403961;
3609,927;0,0284265;0,007262961;
3611,790;0,02803031;0,0068699;
3613,654;0,02735073;0,006193447;
3615,518;0,02715448;0,006000317;
3617,381;0,0272015;0,006050446;
3619,245;0,02702911;0,005881173;
3621,109;0,02646918;0,005324341;
3622,972;0,02617886;0,005037126;
3624,836;0,02607209;0,004933457;
3626,700;0,02606041;0,004924865;
3628,563;0,02577652;0,004644063;
3630,427;0,02555367;0,004424289;
3632,291;0,02497849;0,00385219;
3634,154;0,02467301;0,003549777;
3636,018;0,02460184;0,003481675;
3637,882;0,02433755;0,003220455;
3639,745;0,02402887;0,002914832;
3641,609;0,02406933;0,002958347;
3643,473;0,02411286;0,003004924;
3645,336;0,02430303;0,003198138;
3647,200;0,02419334;0,003091483;
3649,064;0,02390034;0,002801516;
3650,927;0,02339862;0,002302832;
3652,791;0,02305943;0,001966668;
3654,655;0,02297927;0,00188952;
3656,518;0,02291027;0,001823537;
3658,382;0,02250768;0,001423963;
3660,246;0,02219343;0,001112715;
3662,109;0,02218035;0,001102645;
3663,973;0,02236033;0,001285616;
3665,837;0,02232748;0,001255762;
3667,700;0,02218472;0,001115992;
3669,564;0,02213051;0,00106477;
3671,428;0,02226798;0,00120521;
3673,291;0,02203469;0,0009749045;
3675,155;0,02184083;0,0007840101;
3677,019;0,02151362;0,0004597636;
3678,882;0,02130002;0,0002491252;
3680,746;0,02125759;0,0002096584;
3682,610;0,02125756;0,0002125756;
3684,473;0,02134541;0,0003033749;
3686,337;0,02183163;0,000792538;
3688,201;0,02200984;0,0009736852;
3690,064;0,02172666;0,0006934454;
3691,928;0,02132492;0,0002946269;
3693,792;0,021266;0,0002386337;
3695,655;0,02137909;0,0003546518;
3697,519;0,02162699;0,0006054683;
3699,383;0,0215596;0,000540989;
3701,246;0,02149252;0,0004768183;
3703,110;0,02141716;0,0004043558;
3704,974;0,02160057;0,0005906654;
3706,837;0,02179494;0,0007879354;
3708,701;0,02186315;0,0008590354;
3710,565;0,02181439;0,0008131621;
3712,428;0,02170269;0,0007043463;
3714,292;0,02143875;0,0004432755;
3716,156;0,02141923;0,0004266317;
3718,019;0,02154711;0,0005573797;
3719,883;0,02160697;0,0006201115;
3721,747;0,0214002;0,0004161977;
3723,610;0,02143747;0,0004563269;
3725,474;0,02149948;0,0005211837;
3727,338;0,02178851;0,0008130594;
3729,202;0,02188901;0,0009164048;
3731,065;0,02183157;0,0008617993;
3732,929;0,02187382;0,0009068841;
3734,793;0,02210241;0,001138305;
3736,656;0,02186011;0,0008988348;
3738,520;0,02200024;0,001041788;
3740,384;0,02219778;0,001242149;
3742,247;0,02241027;0,001457452;
3744,111;0,02215651;0,001206493;
3745,975;0,0220844;0,001137188;
3747,838;0,02238991;0,0014455;
3749,702;0,02253122;0,001589613;
3751,566;0,02237297;0,001434156;
3753,429;0,0221264;0,001190367;
3755,293;0,02211881;0,001185561;
3757,157;0,02216921;0,001238747;
3759,020;0,02219866;0,001270975;
3760,884;0,02236097;0,001436053;
3762,748;0,02256089;0,00163874;
3764,611;0,02280972;0,00189033;
3766,475;0,02289472;0,001978092;
3768,339;0,02278264;0,00186877;
3770,202;0,02239241;0,001481288;
3772,066;0,02238696;0,001478584;
3773,930;0,02245072;0,001545089;
3775,793;0,02250235;0,001599456;
3777,657;0,02257863;0,001678471;
3779,521;0,02261699;0,001719567;
3781,384;0,02260437;0,001709675;
3783,248;0,02262809;0,001736117;
3785,112;0,02267228;0,001783029;
3786,975;0,02273328;0,001846745;
3788,839;0,02258819;0,001704364;
3790,703;0,02249997;0,00161885;
3792,566;0,02248607;0,001607647;
3794,430;0,02271075;0,001835027;
3796,294;0,02277589;0,001902869;
3798,157;0,02298484;0,002114506;
3800,021;0,02294136;0,002073715;
3801,885;0,02262313;0,001758165;
3803,748;0,02272715;0,001864863;
3805,612;0,02288726;0,00202765;
3807,476;0,02286956;0,00201262;
3809,339;0,02276542;0,001911151;
3811,203;0,02272892;0,001877317;
3813,067;0,02313269;0,002283745;
3814,930;0,02334169;0,002495402;
3816,794;0,02322824;0,002384599;
3818,658;0,02306072;0,002219723;
3820,521;0,02298673;0,002148379;
3822,385;0,02274436;0,001908654;
3824,249;0,0229128;0,00207973;
3826,112;0,02297424;0,002143803;
3827,976;0,02304345;0,002215637;
3829,840;0,02325985;0,002434668;
3831,703;0,02346416;0,002641595;
3833,567;0,02355153;0,00273158;
3835,431;0,02354257;0,002725237;
3837,294;0,02330497;0,002490245;
3839,158;0,02308123;0,002269109;
3841,022;0,02274778;0,001938264;
3842,885;0,02269074;0,001883818;
3844,749;0,02292826;0,002123933;
3846,613;0,02321949;0,002417752;
3848,476;0,02334241;0,002543261;
3850,340;0,02367154;0,00287498;
3852,204;0,02394016;0,003146179;
3854,067;0,02374653;0,002955116;
3855,931;0,02314927;0,002360435;
3857,795;0,02308681;0,002300539;
3859,658;0,02327917;0,002495468;
3861,522;0,02347625;0,002695107;
3863,386;0,02357127;0,002792687;
3865,249;0,02364496;0,002868924;
3867,113;0,02373497;0,002961487;
3868,977;0,02378613;0,003015193;
3870,840;0,02357499;0,002806598;
3872,704;0,02338396;0,002618104;
3874,568;0,0233373;0,002573976;
3876,431;0,0236452;0,00288441;
3878,295;0,02372552;0,002967259;
3880,159;0,0238429;0,003087157;
3882,022;0,02392527;0,003172052;
3883,886;0,02389282;0,003142115;
3885,750;0,02379708;0,003048891;
3887,613;0,02395049;0,003204808;
3889,477;0,02382276;0,003079589;
3891,341;0,02359219;0,002851515;
3893,204;0,02365663;0,002918454;
3895,068;0,02380811;0,003072433;
3896,932;0,02386281;0,003129627;
3898,795;0,02403025;0,003299549;
3900,659;0,02423309;0,003504872;
3902,523;0,024349;0,003623269;
3904,386;0,02416613;0,003442873;
3906,250;0,02399762;0,00327684;
3908,114;0,02368977;0,00297146;
3909,977;0,02364437;0,002928525;
3911,841;0,02401571;0,003302326;
3913,705;0,0241769;0,003465979;
3915,568;0,02389747;0,003189005;
3917,432;0,02397924;0,003273223;
3919,296;0,02403323;0,003329664;
3921,159;0,02392927;0,003228148;
3923,023;0,02397523;0,003276552;
3924,887;0,02406702;0,003370782;
3926,750;0,02402833;0,003334522;
3928,614;0,02419966;0,003508289;
3930,478;0,02442544;0,003736492;
3932,341;0,02454012;0,003853597;
3934,205;0,02435013;0,003666034;
3936,069;0,02423405;0,003552369;
3937,932;0,0241049;0,003425636;
3939,796;0,02422787;0,003551018;
3941,660;0,02438848;0,003714035;
3943,523;0,02426007;0,003588032;
3945,387;0,02426522;0,003595582;
3947,251;0,02432951;0,003662265;
3949,114;0,02417678;0,003511928;
3950,978;0,02428912;0,003626664;
3952,842;0,02432682;0,003666748;
3954,705;0,02432376;0,003666075;
3956,569;0,02433743;0,003682124;
3958,433;0,02441926;0,003766326;
3960,296;0,02447492;0,003824359;
3962,160;0,02456972;0,003921537;
3964,024;0,02452037;0,003874553;
3965,887;0,02444081;0,003797351;
3967,751;0,02451266;0,003871567;
3969,615;0,02454762;0,003908884;
3971,478;0,02438329;0,003746907;
3973,342;0,02446905;0,003835019;
3975,206;0,02444312;0,003811435;
3977,069;0,02441136;0,003782018;
3978,933;0,02439046;0,00376346;
3980,797;0,02447332;0,003848654;
3982,660;0,02443185;0,003809514;
3984,524;0,02430056;0,003680562;
3986,388;0,02429333;0,00367566;
3988,251;0,02460448;0,003989132;
3990,115;0,02467353;0,004060498;
3991,979;0,02472265;0,004111937;
3993,842;0,02459667;0,003988275;
3995,706;0,02458399;0,003977904;
3997,570;0,02468717;0,004083389;
