;Jun17_TPC_0-0-1_HMW;Jun17_TPC_0-0-1_HMW (baseline corrected);
Wavelength [nm];Absorbance;absorbance;
650,420;0,1711902;0,01192825;
652,284;0,1703856;0,01196272;
654,148;0,169802;0,0122111;
656,011;0,1691027;0,01233664;
657,875;0,1682265;0,01227836;
659,739;0,1670577;0,01192054;
661,602;0,1662759;0,01194277;
663,466;0,1652959;0,01176012;
665,330;0,1632584;0,01051333;
667,193;0,1625076;0,01054657;
669,057;0,1633531;0,01216951;
670,921;0,1614288;0,01101621;
672,784;0,1600629;0,01041499;
674,648;0,1589123;0,01002267;
676,512;0,1579529;0,00981537;
678,375;0,1570773;0,009685581;
680,239;0,1562316;0,009579573;
682,103;0,1552065;0,009288197;
683,966;0,1544181;0,009227439;
685,830;0,1534345;0,008965576;
687,694;0,1526909;0,008937965;
689,557;0,1520445;0,009001654;
691,421;0,1515357;0,009197222;
693,285;0,150984;0,009344172;
695,149;0,1506012;0,009654419;
697,012;0,1500228;0,009763616;
698,876;0,1495182;0,009941025;
700,740;0,1489546;0,01005404;
702,603;0,1483959;0,0101666;
704,467;0,1475515;0,009988109;
706,331;0,1468049;0,009902101;
708,194;0,1459646;0,009717215;
710,058;0,1451797;0,009582626;
711,922;0,1441506;0,009198747;
713,785;0,1432311;0,008919381;
715,649;0,1422329;0,008556305;
717,513;0,1412641;0,008217722;
719,376;0,1402237;0,00780254;
721,240;0,1390501;0,007249405;
723,104;0,1375508;0,006365799;
724,967;0,1362384;0,005664342;
726,831;0,1349912;0,005023367;
728,695;0,1339706;0,004604364;
730,558;0,1329308;0,004161579;
732,422;0,1318688;0,003692029;
734,286;0,1308855;0,003296616;
736,149;0,1300023;0,00299695;
738,013;0,1291324;0,002706135;
739,877;0,1285724;0,002720747;
741,740;0,1280087;0,002727483;
743,604;0,1274398;0,002724583;
745,468;0,1269534;0,002800025;
747,331;0,1266462;0,003050534;
749,195;0,1263407;0,003298469;
751,059;0,126178;0,003685205;
752,922;0,1260586;0,004111067;
754,786;0,1260851;0,004678785;
756,650;0,1260375;0,005168534;
758,513;0,125965;0,005629269;
760,377;0,1256684;0,005862111;
762,241;0,1253621;0,006081363;
764,104;0,1250777;0,006318605;
765,968;0,1247036;0,006462376;
767,832;0,1243022;0,006575106;
769,695;0,1240252;0,006808518;
771,559;0,1237326;0,007022528;
773,423;0,1234136;0,007206605;
775,286;0,1229896;0,007282021;
777,150;0,1227178;0,007506013;
779,014;0,122422;0,007702493;
780,877;0,1221988;0,007968018;
782,741;0,1218548;0,008109259;
784,605;0,1215642;0,008300472;
786,468;0,1212407;0,008455303;
788,332;0,1211463;0,008835935;
790,196;0,1211157;0,00927692;
792,059;0,1212079;0,00983746;
793,923;0,1212685;0,01036311;
795,787;0,1213835;0,01093983;
797,650;0,1214324;0,01144723;
799,514;0,1215609;0,01203106;
801,378;0,1216748;0,0125971;
803,241;0,1218557;0,01322699;
805,105;0,1218931;0,01371023;
806,969;0,1218581;0,01411813;
808,832;0,1216496;0,01434932;
810,696;0,1213819;0,01451835;
812,560;0,1208527;0,01442287;
814,423;0,1201976;0,01419849;
816,287;0,1195039;0,01393256;
818,151;0,1188844;0,01373793;
820,014;0,1182282;0,01350375;
821,878;0,1176842;0,01337886;
823,742;0,117219;0,01332992;
825,605;0,116892;0,0134163;
827,469;0,1166623;0,0135973;
829,333;0,1166397;0,01398261;
831,196;0,1166079;0,01435599;
833,060;0,1166947;0,01484517;
834,924;0,1167732;0,01532344;
836,787;0,1168241;0,01577141;
838,651;0,1167662;0,01610797;
840,515;0,116692;0,01642555;
842,378;0,116578;0,01670076;
844,242;0,1165712;0,01708057;
846,106;0,116676;0,01756947;
847,969;0,1168767;0,01815181;
849,833;0,1171239;0,01877804;
851,697;0,1174702;0,01950085;
853,560;0,1178853;0,02029005;
855,424;0,1184189;0,02119538;
857,288;0,118956;0,02210167;
859,151;0,1195762;0,02308872;
861,015;0,1201786;0,02405554;
862,879;0,1207028;0,02494188;
864,742;0,1212016;0,02580042;
866,606;0,1217604;0,02671666;
868,470;0,122155;0,02746642;
870,333;0,1224867;0,02815095;
872,197;0,1229173;0,02893218;
874,061;0,1234986;0,02986192;
875,924;0,1242026;0,030912;
877,788;0,1250634;0,03211677;
879,652;0,125954;0,03334908;
881,515;0,1270647;0,03479937;
883,379;0,1283462;0,03641836;
885,243;0,1298212;0,03822865;
887,106;0,1313144;0,04005509;
888,970;0,1329717;0,0420435;
890,834;0,1345644;0,04396526;
892,697;0,1360012;0,04572901;
894,561;0,1371079;0,04716064;
896,425;0,1379402;0,04831584;
898,288;0,1384593;0,04915587;
900,152;0,1388598;0,04987527;
902,016;0,1389945;0,05032686;
903,879;0,1391504;0,05079776;
905,743;0,139502;0,05146242;
907,607;0,1399188;0,05219031;
909,470;0,1404343;0,05301502;
911,334;0,141278;0,05416608;
913,198;0,1423061;0,05549961;
915,061;0,1434759;0,05697294;
916,925;0,1448152;0,05861397;
918,789;0,1463497;0,06044836;
920,652;0,1478253;0,06222195;
922,516;0,1492635;0,06395645;
924,380;0,1506814;0,0656688;
926,243;0,1523235;0,06760357;
928,107;0,1540951;0,06966609;
929,971;0,1560105;0,07187066;
931,834;0,1580506;0,07419827;
933,698;0,1602849;0,07671828;
935,562;0,1626782;0,07939561;
937,425;0,1654324;0,08243214;
939,289;0,1683649;0,08564524;
941,153;0,1714849;0,08904423;
943,016;0,1746726;0,09250928;
944,880;0,1779457;0,09605805;
946,744;0,1811555;0,09954194;
948,607;0,1843697;0,1030286;
950,471;0,1875222;0,106452;
952,335;0,1909722;0,1101712;
954,198;0,1944425;0,1139092;
956,062;0,1978904;0,1176232;
957,926;0,2012813;0,1212787;
959,789;0,2047416;0,125002;
961,653;0,2080889;0,1286109;
963,517;0,2114246;0,1322065;
965,380;0,2147717;0,1358121;
967,244;0,2182885;0,1395859;
969,108;0,2216978;0,1432507;
970,972;0,2252721;0,147079;
972,835;0,2288292;0,1508887;
974,699;0,2324026;0,1547133;
976,563;0,2359121;0,1584725;
978,426;0,2394197;0,1622283;
980,290;0,2426681;0,1657236;
982,154;0,2459576;0,1692585;
984,017;0,2492261;0,172771;
985,881;0,2527256;0,1765132;
987,745;0,2563283;0,1803572;
989,608;0,2599924;0,1842613;
991,472;0,2635245;0,1880321;
993,336;0,2670067;0,1917514;
995,199;0,270238;0,1952187;
997,063;0,2734407;0,198656;
998,927;0,2764546;0,2019032;
1000,790;0,2797422;0,2054227;
1002,654;0,2832032;0,2091144;
1004,518;0,2867494;0,21289;
1006,381;0,2902038;0,2165726;
1008,245;0,2938259;0,2204216;
1010,109;0,2973844;0,2242057;
1011,972;0,3006389;0,2276845;
1013,836;0,3033222;0,2305909;
1015,700;0,3055893;0,23308;
1017,563;0,3071336;0,2348449;
1019,427;0,308223;0,2361538;
1021,291;0,3086496;0,2367987;
1023,154;0,308604;0,2369702;
1025,018;0,3079213;0,2365034;
1026,882;0,3069322;0,235729;
1028,745;0,3056018;0,2346122;
1030,609;0,3040589;0,2332817;
1032,473;0,3021207;0,2315548;
1034,336;0,2999573;0,2296014;
1036,200;0,2973613;0,2272144;
1038,064;0,294324;0,224385;
1039,927;0,2907824;0,2210502;
1041,791;0,2869265;0,2173998;
1043,655;0,2824246;0,2131025;
1045,518;0,2776507;0,208532;
1047,382;0,272623;0,2037067;
1049,246;0,2676757;0,1989607;
1051,109;0,2627545;0,1942397;
1052,973;0,2580299;0,1897143;
1054,837;0,2535325;0,185415;
1056,700;0,2495233;0,1816027;
1058,564;0,2457098;0,1779853;
1060,428;0,2422901;0,1747606;
1062,291;0,2391364;0,1718008;
1064,155;0,2364529;0,1693102;
1066,019;0,2338835;0,1669328;
1067,882;0,2315956;0,1648357;
1069,746;0,2293581;0,1627882;
1071,610;0,2270169;0,1606359;
1073,473;0,2242177;0,1580246;
1075,337;0,2208217;0,1548156;
1077,201;0,2167015;0,1508814;
1079,064;0,2121362;0,1465011;
1080,928;0,2072062;0,1417552;
1082,792;0,2021805;0,1369127;
1084,655;0,1970966;0,1320109;
1086,519;0,1922493;0,1273449;
1088,383;0,1876711;0,122947;
1090,246;0,183506;0,1189613;
1092,110;0,1796657;0,1152995;
1093,974;0,1761593;0,1119707;
1095,837;0,1727675;0,1087555;
1097,701;0,1694407;0,1056045;
1099,565;0,1662545;0,1025932;
1101,428;0,1633534;0,09986603;
1103,292;0,1604824;0,09716809;
1105,156;0,1577216;0,09457958;
1107,019;0,1550307;0,09206005;
1108,883;0,1524406;0,08964043;
1110,747;0,1499321;0,08730153;
1112,610;0,1475519;0,0850901;
1114,474;0,1453014;0,08300755;
1116,338;0,1432437;0,08111691;
1118,201;0,1411511;0,07919063;
1120,065;0,1391546;0,07735954;
1121,929;0,1371888;0,07555841;
1123,792;0,1351364;0,07366976;
1125,656;0,1329332;0,07162953;
1127,520;0,1306578;0,06951636;
1129,383;0,1282255;0,06724538;
1131,247;0,1258202;0,06500068;
1133,111;0,1235873;0,06292754;
1134,974;0,1217091;0,06120837;
1136,838;0,1202037;0,05986116;
1138,702;0,1190124;0,05882732;
1140,565;0,1181766;0,05814817;
1142,429;0,1176784;0,05780585;
1144,293;0,1172294;0,05751198;
1146,156;0,1166686;0,05710554;
1148,020;0,1159351;0,0565257;
1149,884;0,1149214;0,05566492;
1151,747;0,1135576;0,05445322;
1153,611;0,111935;0,05298207;
1155,475;0,1098358;0,05103349;
1157,338;0,1073295;0,04867712;
1159,202;0,1045833;0,04608017;
1161,066;0,101677;0,04332237;
1162,929;0,09859037;0,04038354;
1164,793;0,09556447;0,03750473;
1166,657;0,09269113;0,03477777;
1168,520;0,09007272;0,03230504;
1170,384;0,08771943;0,03009673;
1172,248;0,08561507;0,02813666;
1174,111;0,08369448;0,02635968;
1175,975;0,08199425;0,02480237;
1177,839;0,08044001;0,02339039;
1179,702;0,07905509;0,02214704;
1181,566;0,07784276;0,02107561;
1183,430;0,07672435;0,02009744;
1185,293;0,07578276;0,01929543;
1187,157;0,07519149;0,01884308;
1189,021;0,07494685;0,01873671;
1190,884;0,07500785;0,01893533;
1192,748;0,07537077;0,01943522;
1194,612;0,07603093;0,02023172;
1196,475;0,07688352;0,02122001;
1198,339;0,07788139;0,02235294;
1200,203;0,07892253;0,02352852;
1202,066;0,08000164;0,02474144;
1203,930;0,08098626;0,02585925;
1205,794;0,08189257;0,02689814;
1207,657;0,08283163;0,02796916;
1209,521;0,08374323;0,0290121;
1211,385;0,08461661;0,03001623;
1213,248;0,0854901;0,03101987;
1215,112;0,0863366;0,03199591;
1216,976;0,08722708;0,03301534;
1218,839;0,08811275;0,03402937;
1220,703;0,08898328;0,03502767;
1222,567;0,08989509;0,03606667;
1224,430;0,09085556;0,03715375;
1226,294;0,09176765;0,03819187;
1228,158;0,09268778;0,03923746;
1230,021;0,09360943;0,04028399;
1231,885;0,09452727;0,04132616;
1233,749;0,09540446;0,0423271;
1235,612;0,09626281;0,04330865;
1237,476;0,09695506;0,04412354;
1239,340;0,09754058;0,04483115;
1241,203;0,09803235;0,04544446;
1243,067;0,09844081;0,04597391;
1244,931;0,09869185;0,04634541;
1246,795;0,09874268;0,04651615;
1248,658;0,09862295;0,04651579;
1250,522;0,09839204;0,04640372;
1252,386;0,09801232;0,04614232;
1254,249;0,0974793;0,04572708;
1256,113;0,09677595;0,04514099;
1257,977;0,09592998;0,04441175;
1259,840;0,0950677;0,0436657;
1261,704;0,09414997;0,04286368;
1263,568;0,09312967;0,04195857;
1265,431;0,09222187;0,04116546;
1267,295;0,09136741;0,04042518;
1269,159;0,09053623;0,03970769;
1271,022;0,08984647;0,0391311;
1272,886;0,08922567;0,03862298;
1274,750;0,08865999;0,03816949;
1276,613;0,08815472;0,03777592;
1278,477;0,08767461;0,03740702;
1280,341;0,08728219;0,03712533;
1282,204;0,08693421;0,03688758;
1284,068;0,08664848;0,03671162;
1285,932;0,08648197;0,03665439;
1287,795;0,08646367;0,0367449;
1289,659;0,08643836;0,03682792;
1291,523;0,08645597;0,03695341;
1293,386;0,08650575;0,03711059;
1295,250;0,08662039;0,03733218;
1297,114;0,08680666;0,03762493;
1298,977;0,08700776;0,03793205;
1300,841;0,08720669;0,03823655;
1302,705;0,08744198;0,03857696;
1304,568;0,08765943;0,03889907;
1306,432;0,08783617;0,03918002;
1308,296;0,08796221;0,03940984;
1310,159;0,08806728;0,03961824;
1312,023;0,08816632;0,03982017;
1313,887;0,08826;0,0400163;
1315,750;0,08827378;0,0401321;
1317,614;0,08836864;0,04032854;
1319,478;0,08855921;0,04062027;
1321,341;0,08860629;0,04076807;
1323,205;0,08861317;0,04087525;
1325,069;0,08874273;0,04110469;
1326,932;0,08896138;0,04142279;
1328,796;0,08921215;0,04177261;
1330,660;0,08944043;0,04209951;
1332,523;0,08963849;0,04239578;
1334,387;0,08985511;0,0427102;
1336,251;0,09033831;0,04329079;
1338,114;0,09109098;0,04414044;
1339,978;0,09204307;0,04518911;
1341,842;0,09249596;0,04573818;
1343,705;0,09279634;0,04613434;
1345,569;0,093403;0,04683638;
1347,433;0,09416553;0,04769389;
1349,296;0,09490724;0,04853019;
1351,160;0,09555275;0,0492699;
1353,024;0,09629344;0,0501044;
1354,887;0,09713317;0,05103755;
1356,751;0,09776882;0,05176625;
1358,615;0,09826396;0,05235404;
1360,478;0,09907349;0,05325584;
1362,342;0,1006558;0,05493001;
1364,206;0,1015944;0,0559602;
1366,069;0,101572;0,05602895;
1367,933;0,101966;0,05651369;
1369,797;0,1022573;0,05689539;
1371,660;0,1021364;0,05686453;
1373,524;0,102615;0,05743281;
1375,388;0,1030107;0,05791779;
1377,251;0,1026114;0,05760741;
1379,115;0,1021091;0,05719376;
1380,979;0,1013574;0,05653026;
1382,842;0,1005456;0,05580637;
1384,706;0,09968617;0,05503441;
1386,570;0,09949622;0,05493162;
1388,433;0,09943518;0,05495739;
1390,297;0,09853858;0,05414725;
1392,161;0,09777963;0,05347442;
1394,024;0,09812834;0,05390889;
1395,888;0,09879971;0,05466569;
1397,752;0,09890572;0,05485678;
1399,615;0,0995284;0,05556421;
1401,479;0,0992422;0,05536241;
1403,343;0,0991285;0,05533279;
1405,206;0,09965638;0,05594441;
1407,070;0,0995382;0,05590963;
1408,934;0,09907938;0,05553388;
1410,797;0,09887894;0,05541618;
1412,661;0,09832424;0,0549439;
1414,525;0,09741982;0,05412157;
1416,388;0,0966247;0,05340821;
1418,252;0,09682435;0,05368932;
1420,116;0,09675226;0,05369835;
1421,979;0,09496273;0,05198963;
1423,843;0,09370121;0,05080859;
1425,707;0,09242051;0,04960807;
1427,570;0,09082469;0,04809211;
1429,434;0,08974232;0,04708928;
1431,298;0,08835353;0,04577973;
1433,161;0,08652909;0,04403422;
1435,025;0,08538545;0,0429692;
1436,889;0,08557188;0,04323394;
1438,752;0,08442573;0,0421658;
1440,616;0,08301089;0,04082867;
1442,480;0,08226703;0,04016222;
1444,343;0,08163821;0,03961051;
1446,207;0,08126036;0,03930947;
1448,071;0,08131343;0,03943906;
1449,934;0,0806891;0,03889094;
1451,798;0,0796706;0,03794837;
1453,662;0,07872452;0,03707792;
1455,525;0,07860393;0,03703267;
1457,389;0,07996779;0,03847159;
1459,253;0,07881961;0,03739818;
1461,116;0,07684645;0,0354995;
1462,980;0,07551944;0,03424668;
1464,844;0,07487835;0,03367951;
1466,707;0,07299014;0,03186493;
1468,571;0,07034691;0,02929505;
1470,435;0,06811154;0,02713276;
1472,298;0,06682768;0,02592169;
1474,162;0,06528931;0,02445584;
1476,026;0,06372379;0,02296257;
1477,889;0,06236709;0,02167784;
1479,753;0,06126976;0,02065221;
1481,617;0,06066524;0,02011912;
1483,480;0,05998195;0,01950699;
1485,344;0,05961449;0,01921043;
1487,208;0,06002553;0,01969209;
1489,071;0,0609379;0,02067482;
1490,935;0,06170036;0,02150738;
1492,799;0,06136276;0,02123962;
1494,662;0,06158621;0,02153264;
1496,526;0,06311373;0,02312948;
1498,390;0,0640574;0,02414221;
1500,253;0,06395805;0,02411166;
1502,117;0,0635996;0,02382174;
1503,981;0,063524;0,02381443;
1505,844;0,06598945;0,02634792;
1507,708;0,06928067;0,02970692;
1509,572;0,06863698;0,02913076;
1511,435;0,06834842;0,02890949;
1513,299;0,06840596;0,02903406;
1515,163;0,0682951;0,02898999;
1517,026;0,0684318;0,02919324;
1518,890;0,06747905;0,02830678;
1520,754;0,06746738;0,02836116;
1522,618;0,06763783;0,02859743;
1524,481;0,06678606;0,02781122;
1526,345;0,0668604;0,02795089;
1528,209;0,06683753;0,02799311;
1530,072;0,06647227;0,0276927;
1531,936;0,06677879;0,02806384;
1533,800;0,06815358;0,02950301;
1535,663;0,06762885;0,02904242;
1537,527;0,06712661;0,0286041;
1539,391;0,0695888;0,03112997;
1541,254;0,07193698;0,0335416;
1543,118;0,07157496;0,0332428;
1544,982;0,07143314;0,03316398;
1546,845;0,07092442;0,03271802;
1548,709;0,07070194;0,03255808;
1550,573;0,07104363;0,03296208;
1552,436;0,07064613;0,03262667;
1554,300;0,07081811;0,03286052;
1556,164;0,07084873;0,03295278;
1558,027;0,07344752;0,03561299;
1559,891;0,07740262;0,03962929;
1561,755;0,0753341;0,03762175;
1563,618;0,0742855;0,03663392;
1565,482;0,07483504;0,03724401;
1567,346;0,0753136;0,0377829;
1569,209;0,07698463;0,03951405;
1571,073;0,07788955;0,04047888;
1572,937;0,0773322;0,03998122;
1574,800;0,0786854;0,04139389;
1576,664;0,0818071;0,04457486;
1578,528;0,08207556;0,04490237;
1580,391;0,08204135;0,04492702;
1582,255;0,0829678;0,04591211;
1584,119;0,08388843;0,04689117;
1585,982;0,08483183;0,0478928;
1587,846;0,08576774;0,04888674;
1589,710;0,08682106;0,04999788;
1591,573;0,08768221;0,05091665;
1593,437;0,08851472;0,05180657;
1595,301;0,08928211;0,05263117;
1597,164;0,08975726;0,05316334;
1599,028;0,08988135;0,05334424;
1600,892;0,0899761;0,05349561;
1602,755;0,08998137;0,0535573;
1604,619;0,08985485;0,05348701;
1606,483;0,0895507;0,05323888;
1608,346;0,0894119;0,05315591;
1610,210;0,08896198;0,05276163;
1612,074;0,08836515;0,05222024;
1613,937;0,0877569;0,05166725;
1615,801;0,08850306;0,05246847;
1617,665;0,08960289;0,05362317;
1619,528;0,08869975;0,05277471;
1621,392;0,08821117;0,05234063;
1623,256;0,08918737;0,05337114;
1625,119;0,0893391;0,05357698;
1626,983;0,0889384;0,05323022;
1628,847;0,08873195;0,05307752;
1630,710;0,08774965;0,05214879;
1632,574;0,08662933;0,05108185;
1634,438;0,08683183;0,05133755;
1636,301;0,08809907;0,05265781;
1638,165;0,08670554;0,05131711;
1640,029;0,08487842;0,04954265;
1641,892;0,08351258;0,04822929;
1643,756;0,08219407;0,04696308;
1645,620;0,08169257;0,0465137;
1647,483;0,08147622;0,04634929;
1649,347;0,07956261;0,04448745;
1651,211;0,07805987;0,04303631;
1653,074;0,079931;0,04495885;
1654,938;0,07919572;0,04427482;
1656,802;0,07631113;0,04144131;
1658,665;0,07435459;0,03953567;
1660,529;0,0727556;0,03798741;
1662,393;0,071462;0,03674436;
1664,256;0,06982938;0,03516214;
1666,120;0,06769376;0,03307674;
1667,984;0,06615467;0,0315877;
1669,847;0,06513062;0,03061353;
1671,711;0,06352024;0,02905287;
1673,575;0,06179326;0,02737544;
1675,438;0,06065555;0,02628712;
1677,302;0,05869161;0,0243724;
1679,166;0,05675661;0,02248646;
1681,029;0,05525994;0,02103869;
1682,893;0,05416192;0,0199894;
1684,757;0,05375245;0,0196285;
1686,620;0,05202825;0,01795271;
1688,484;0,05052277;0,01649548;
1690,348;0,04926565;0,01528644;
1692,211;0,04780352;0,01387225;
1694,075;0,0464701;0,01258661;
1695,939;0,04590067;0,01206479;
1697,802;0,0447613;0,01097288;
1699,666;0,04431957;0,01057845;
1701,530;0,04412588;0,01043191;
1703,393;0,04304406;0,009397081;
1705,257;0,04290984;0,009309704;
1707,121;0,04262319;0,00906974;
1708,984;0,04207775;0,008570833;
1710,848;0,04170058;0,008240049;
1712,712;0,04155545;0,008141148;
1714,575;0,04180029;0,008432069;
1716,439;0,04250812;0,009185824;
1718,303;0,04330319;0,01002667;
1720,166;0,04319426;0,009963375;
1722,030;0,04315306;0,009967663;
1723,894;0,04345341;0,01031335;
1725,757;0,04327518;0,01018031;
1727,621;0,04290367;0,00985384;
1729,485;0,04264881;0,00964388;
1731,348;0,042337;0,009376814;
1733,212;0,04228783;0,009372258;
1735,076;0,04218095;0,00930984;
1736,939;0,0407643;0,007937517;
1738,803;0,03999341;0,007210799;
1740,667;0,03909375;0,006355177;
1742,530;0,03779748;0,0051028;
1744,394;0,03641461;0,003763695;
1746,258;0,03506977;0,002462466;
1748,121;0,0337023;0,001138472;
1749,985;0,0323553;-0,0001651952;
1751,849;0,0309278;-0,001549494;
1753,712;0,02955438;-0,002879854;
1755,576;0,0285192;-0,003872109;
1757,440;0,02779914;-0,004549375;
1759,303;0,02688676;-0,005419105;
1761,167;0,02646527;-0,005798078;
1763,031;0,02605308;-0,006167887;
1764,894;0,02549555;-0,006683174;
1766,758;0,02520916;-0,006927445;
1768,622;0,0251224;-0,006972227;
1770,485;0,02486523;-0,007187551;
1772,349;0,02501829;-0,006992773;
1774,213;0,02487844;-0,007091032;
1776,076;0,02474295;-0,007185069;
1777,940;0,024601;-0,007285703;
1779,804;0,02478997;-0,007055533;
1781,667;0,02490397;-0,006900465;
1783,531;0,02478928;-0,006974222;
1785,395;0,02461263;-0,007110068;
1787,258;0,02451106;-0,007170959;
1789,122;0,02452129;-0,007120172;
1790,986;0,0246926;-0,006908431;
1792,849;0,02477572;-0,006785018;
1794,713;0,02463768;-0,006882883;
1796,577;0,02454968;-0,00693083;
1798,441;0,02456799;-0,006872593;
1800,304;0,02465938;-0,006741402;
1802,168;0,02469608;-0,006665025;
1804,032;0,02451346;-0,006808082;
1805,895;0,02450533;-0,006776785;
1807,759;0,02448936;-0,006753437;
1809,623;0,02445537;-0,006748235;
1811,486;0,02445996;-0,006704576;
1813,350;0,0243794;-0,006746195;
1815,214;0,02414518;-0,006941579;
1817,077;0,02414381;-0,006904247;
1818,941;0,02424842;-0,006761046;
1820,805;0,02431364;-0,006657348;
1822,668;0,0242512;-0,006681435;
1824,532;0,02435467;-0,006539726;
1826,396;0,02432641;-0,006529869;
1828,259;0,02418856;-0,006629715;
1830,123;0,02417598;-0,00660441;
1831,987;0,02404455;-0,006698065;
1833,850;0,02398683;-0,006718129;
1835,714;0,0241188;-0,00654862;
1837,578;0,02411898;-0,006511015;
1839,441;0,02410478;-0,006487898;
1841,305;0,02395202;-0,006603452;
1843,169;0,02389008;-0,006628308;
1845,032;0,02412025;-0,006361159;
1846,896;0,0241333;-0,006311245;
1848,760;0,02392404;-0,006483756;
1850,623;0,02384081;-0,00653035;
1852,487;0,02381863;-0,006515992;
1854,351;0,02369652;-0,006601681;
1856,214;0,02372306;-0,006538833;
1858,078;0,02403003;-0,006195665;
1859,942;0,02407846;-0,006111141;
1861,805;0,02387894;-0,006274675;
1863,669;0,02367838;-0,006439351;
1865,533;0,0237239;-0,00635807;
1867,396;0,02365557;-0,00639073;
1869,260;0,02343375;-0,006576999;
1871,124;0,0233956;-0,006579696;
1872,987;0,02354095;-0,006399001;
1874,851;0,0234616;-0,006443113;
1876,715;0,02340082;-0,006468768;
1878,578;0,02338849;-0,006446067;
1880,442;0,02339541;-0,006404215;
1882,306;0,02341117;-0,006353635;
1884,169;0,02336976;-0,00636033;
1886,033;0,02315685;-0,006538623;
1887,897;0,02311275;-0,006548212;
1889,760;0,0230934;-0,006533149;
1891,624;0,02312448;-0,006467762;
1893,488;0,02306214;-0,006495893;
1895,351;0,02298505;-0,006538881;
1897,215;0,02248049;-0,007009434;
1899,079;0,02233596;-0,007120058;
1900,942;0,02250827;-0,006913935;
1902,806;0,0226951;-0,0066934;
1904,670;0,02258664;-0,006768256;
1906,533;0,02242212;-0,006899261;
1908,397;0,02221142;-0,007076556;
1910,261;0,02193349;-0,007321164;
1912,124;0,02171461;-0,007506834;
1913,988;0,02170101;-0,007487309;
1915,852;0,0214662;-0,007689099;
1917,715;0,02139677;-0,007725597;
1919,579;0,02128008;-0,007809462;
1921,443;0,0211187;-0,007938108;
1923,306;0,02067791;-0,008346259;
1925,170;0,0205981;-0,008393518;
1927,034;0,02053043;-0,008428733;
1928,897;0,02030712;-0,008619689;
1930,761;0,0198995;-0,008995047;
1932,625;0,01977327;-0,009089107;
1934,488;0,01966073;-0,009169567;
1936,352;0,01929723;-0,00950108;
1938,216;0,01905849;-0,009707936;
1940,079;0,01880956;-0,00992506;
1941,943;0,01801103;-0,01069189;
1943,807;0,01730377;-0,01136752;
1945,670;0,01690674;-0,01173303;
1947,534;0,01686643;-0,0117419;
1949,398;0,01665248;-0,0119245;
1951,261;0,01633012;-0,01221561;
1953,125;0,01594622;-0,01256834;
1954,989;0,01548337;-0,01300011;
1956,852;0,01448186;-0,01397063;
1958,716;0,0136156;-0,01480599;
1960,580;0,01321334;-0,01517744;
1962,443;0,01328068;-0,01507937;
1964,307;0,01314268;-0,01518674;
1966,171;0,01247148;-0,01582738;
1968,034;0,01079957;-0,01746883;
1969,898;0,009703404;-0,01853462;
1971,762;0,009070577;-0,01913715;
1973,625;0,00945263;-0,01872489;
1975,489;0,009347293;-0,01880011;
1977,353;0,009441388;-0,01867598;
1979,216;0,01008246;-0,01800496;
1981,080;0,01096532;-0,01709223;
1982,944;0,01124096;-0,0167868;
1984,807;0,01131875;-0,01667932;
1986,671;0,01205925;-0,0159092;
1988,535;0,01280721;-0,01513172;
1990,398;0,01268554;-0,01522393;
1992,262;0,012665;-0,01521511;
1994,126;0,01304561;-0,01480522;
1995,989;0,01355923;-0,0142624;
1997,853;0,01317224;-0,01462026;
1999,717;0,01281977;-0,01494369;
2001,580;0,01232617;-0,01540834;
2003,444;0,01167807;-0,01602757;
2005,308;0,01090958;-0,01676726;
2007,171;0,01046351;-0,01718462;
2009,035;0,009693453;-0,01792603;
2010,899;0,009040351;-0,01855058;
2012,762;0,009051522;-0,01851093;
2014,626;0,009792778;-0,01774128;
2016,490;0,009307738;-0,018198;
2018,353;0,00871241;-0,01876509;
2020,217;0,008348993;-0,01910034;
2022,081;0,008130479;-0,01929077;
2023,944;0,00804577;-0,01934747;
2025,808;0,008580174;-0,01878514;
2027,672;0,008680835;-0,01865662;
2029,535;0,008354979;-0,0189547;
2031,399;0,007743213;-0,01953877;
2033,263;0,00765634;-0,01959802;
2035,126;0,008508058;-0,01871875;
2036,990;0,009747081;-0,01745225;
2038,854;0,01076968;-0,01640225;
2040,717;0,01140053;-0,01574408;
2042,581;0,01154203;-0,01557534;
2044,445;0,01182507;-0,01526513;
2046,308;0,01285435;-0,01420875;
2048,172;0,0146362;-0,01239988;
2050,036;0,01583929;-0,01116983;
2051,899;0,01656953;-0,01041271;
2053,763;0,01724902;-0,009706417;
2055,627;0,01768119;-0,009247515;
2057,490;0,01780623;-0,009095822;
2059,354;0,0185749;-0,008300562;
2061,218;0,01901867;-0,007830278;
2063,081;0,01940139;-0,007421115;
2064,945;0,01972713;-0,007069003;
2066,809;0,02006224;-0,006707589;
2068,672;0,02011006;-0,00663354;
2070,536;0,02059504;-0,006122403;
2072,400;0,02085554;-0,00583582;
2074,264;0,0210502;-0,005615138;
2076,127;0,02122779;-0,005411602;
2077,991;0,0216166;-0,004996915;
2079,855;0,022163;-0,004424709;
2081,718;0,02251813;-0,004043837;
2083,582;0,02251027;-0,004026026;
2085,446;0,02297938;-0,003531313;
2087,309;0,02304178;-0,003443384;
2089,173;0,02294519;-0,003514516;
2091,037;0,02285453;-0,003579775;
2092,900;0,02247382;-0,003935159;
2094,764;0,02225112;-0,004132598;
2096,628;0,02281182;-0,003546705;
2098,491;0,02333076;-0,003002636;
2100,355;0,02361794;-0,0026904;
2102,219;0,02366258;-0,002620766;
2104,082;0,02355062;-0,0027078;
2105,946;0,02335709;-0,002876466;
2107,810;0,02356041;-0,002648356;
2109,673;0,02403102;-0,002153016;
2111,537;0,02436662;-0,001792753;
2113,401;0,02425048;-0,001884297;
2115,264;0,02411567;-0,00199457;
2117,128;0,02380131;-0,002284466;
2118,992;0,02391337;-0,002147995;
2120,855;0,0238359;-0,002201135;
2122,719;0,02335236;-0,0026604;
2124,583;0,02272389;-0,003264653;
2126,446;0,0225197;-0,003444695;
2128,310;0,02250713;-0,003433177;
2130,174;0,0216054;-0,004310886;
2132,037;0,02021304;-0,005679292;
2133,901;0,0194635;-0,006404936;
2135,765;0,01896462;-0,006879984;
2137,628;0,01865708;-0,007163755;
2139,492;0,01792166;-0,007875467;
2141,356;0,01717972;-0,008593761;
2143,219;0,01680974;-0,008940155;
2145,083;0,01651474;-0,009211625;
2146,947;0,01516541;-0,0105375;
2148,810;0,01370112;-0,01197839;
2150,674;0,01279436;-0,01286181;
2152,538;0,01217447;-0,01345841;
2154,401;0,01044154;-0,01516812;
2156,265;0,008197182;-0,01738933;
2158,129;0,007806465;-0,01775694;
2159,992;0,009254026;-0,01628634;
2161,856;0,009885098;-0,01563229;
2163,720;0,01028309;-0,01521138;
2165,583;0,01112801;-0,01434359;
2167,447;0,01300746;-0,01244135;
2169,311;0,01358496;-0,01184109;
2171,174;0,01355321;-0,01185016;
2173,038;0,01341994;-0,01196081;
2174,902;0,01367726;-0,01168092;
2176,765;0,01446518;-0,01087048;
2178,629;0,01462424;-0,01068897;
2180,493;0,01472967;-0,01056115;
2182,356;0,01545135;-0,009817126;
2184,220;0,01647982;-0,008766377;
2186,084;0,01752782;-0,007696151;
2187,947;0,01794946;-0,007252352;
2189,811;0,01752427;-0,007655422;
2191,675;0,01734072;-0,007816925;
2193,538;0,01803608;-0,007099564;
2195,402;0,01855831;-0,006555395;
2197,266;0,01889071;-0,006201102;
2199,129;0,01901071;-0,006059271;
2200,993;0,01936903;-0,005679181;
2202,857;0,01968775;-0,005338743;
2204,720;0,02028027;-0,004724553;
2206,584;0,02023827;-0,004744943;
2208,448;0,02014914;-0,004812519;
2210,311;0,02057736;-0,0043628;
2212,175;0,02083479;-0,004083924;
2214,039;0,02129722;-0,003600103;
2215,902;0,02193442;-0,002941562;
2217,766;0,02173529;-0,003119403;
2219,630;0,02177311;-0,00306035;
2221,493;0,0224218;-0,002390482;
2223,357;0,02252743;-0,002263731;
2225,221;0,02223888;-0,002531215;
2227,084;0,02291416;-0,001834911;
2228,948;0,02365174;-0,001076362;
2230,812;0,02375199;-0,0009551984;
2232,675;0,02375677;-0,0009295605;
2234,539;0,02446229;-0,0002032317;
2236,403;0,02455574;-8,90271E-5;
2238,266;0,02448334;-0,0001407228;
2240,130;0,02455286;-5,054651E-5;
2241,994;0,02498944;0,0004066366;
2243,857;0,02518075;0,0006184924;
2245,721;0,02527423;0,0007324738;
2247,585;0,02555537;0,001034061;
2249,448;0,02590971;0,0014088;
2251,312;0,02600702;0,001526462;
2253,176;0,02627636;0,001816096;
2255,039;0,02652484;0,002084822;
2256,903;0,02688586;0,00246604;
2258,767;0,02705885;0,002659173;
2260,630;0,02723961;0,002860033;
2262,494;0,02732819;0,002968653;
2264,358;0,02761028;0,00327074;
2266,221;0,02806813;0,00374854;
2268,085;0,02829489;0,003995204;
2269,949;0,02835202;0,004072182;
2271,812;0,02870322;0,004443182;
2273,676;0,02915468;0,004914389;
2275,540;0,02966916;0,005448576;
2277,403;0,03000897;0,005808046;
2279,267;0,03043196;0,006250636;
2281,131;0,03081398;0,006652223;
2282,994;0,03100297;0,006860717;
2284,858;0,03129115;0,007168366;
2286,722;0,03160624;0,007502871;
2288,585;0,03174099;0,007656987;
2290,449;0,03176095;0,007696267;
2292,313;0,0318988;0,007853396;
2294,176;0,0320342;0,008008019;
2296,040;0,03212843;0,008121433;
2297,904;0,03220238;0,00821452;
2299,767;0,03233414;0,008365366;
2301,631;0,03244748;0,008497742;
2303,495;0,03246057;0,008529829;
2305,358;0,03251725;0,008605463;
2307,222;0,03257897;0,008686084;
2309,086;0,03261683;0,008742795;
2310,949;0,03273036;0,008875142;
2312,813;0,03291492;0,009078468;
2314,677;0,03292748;0,009109743;
2316,540;0,03306636;0,009267298;
2318,404;0,03325127;0,009470845;
2320,268;0,0335627;0,009800863;
2322,131;0,03403029;0,01028699;
2323,995;0,03415703;0,01043222;
2325,859;0,03367014;0,009963784;
2327,722;0,03327922;0,009591271;
2329,586;0,03318773;0,009518147;
2331,450;0,03307634;0,009425076;
2333,313;0,03305723;0,009424242;
2335,177;0,03311702;0,009502264;
2337,041;0,03315966;0,009563098;
2338,904;0,03318652;0,009608103;
2340,768;0,0332683;0,009707976;
2342,632;0,03338447;0,009842206;
2344,495;0,03344828;0,00992403;
2346,359;0,03338709;0,009880818;
2348,223;0,03317089;0,009682545;
2350,087;0,03280805;0,009337592;
2351,950;0,03252336;0,009070751;
2353,814;0,03251012;0,009075312;
2355,678;0,03255761;0,009140561;
2357,541;0,03233845;0,008939116;
2359,405;0,03217259;0,00879093;
2361,269;0,03230713;0,008943111;
2363,132;0,03246641;0,009119981;
2364,996;0,03253976;0,009210879;
2366,860;0,03265201;0,009340637;
2368,723;0,0327648;0,009470898;
2370,587;0,03290606;0,009629582;
2372,451;0,03322414;0,009965049;
2374,314;0,0335607;0,01031895;
2376,178;0,03373059;0,01050615;
2378,042;0,03373605;0,01052887;
2379,905;0,03369301;0,01050305;
2381,769;0,03366495;0,01049217;
2383,633;0,03371778;0,01056214;
2385,496;0,03367343;0,01053489;
2387,360;0,03361981;0,01049834;
2389,224;0,03361976;0,01051531;
2391,087;0,0336606;0,01057314;
2392,951;0,03357151;0,01050098;
2394,815;0,03351161;0,01045799;
2396,678;0,03357358;0,01053682;
2398,542;0,03354321;0,01052328;
2400,406;0,0334624;0,01045925;
2402,269;0,03355292;0,01056652;
2404,133;0,03365058;0,01068089;
2405,997;0,03367194;0,01071891;
2407,860;0,0337185;0,01078211;
2409,724;0,0338714;0,01095159;
2411,588;0,03388272;0,01097947;
2413,451;0,03386509;0,01097835;
2415,315;0,03383596;0,0109657;
2417,179;0,03379686;0,01094304;
2419,042;0,03397729;0,01113986;
2420,906;0,03411659;0,01129553;
2422,770;0,03400081;0,01119607;
2424,633;0,03385696;0,01106851;
2426,497;0,03402683;0,01125463;
2428,361;0,03424873;0,01149274;
2430,224;0,03420076;0,01146094;
2432,088;0,0341476;0,01142392;
2433,952;0,03436464;0,01165706;
2435,815;0,03451819;0,01182667;
2437,679;0,03449304;0,01181755;
2439,543;0,03451778;0,01185827;
2441,406;0,03454724;0,0119037;
2443,270;0,03467726;0,01204963;
2445,134;0,03480404;0,01219229;
2446,997;0,03476077;0,01216486;
2448,861;0,03474169;0,01216159;
2450,725;0,0348677;0,01230337;
2452,588;0,03508046;0,01253187;
2454,452;0,03527512;0,01274223;
2456,316;0,03513389;0,01261666;
2458,179;0,03495387;0,01245227;
2460,043;0,0351494;0,01266339;
2461,907;0,03527664;0,01280619;
2463,770;0,03531434;0,01285942;
2465,634;0,03546901;0,01302958;
2467,498;0,03558357;0,01315959;
2469,361;0,0356334;0,01322483;
2471,225;0,03567818;0,013285;
2473,089;0,03564205;0,01326421;
2474,952;0,03577655;0,01341403;
2476,816;0,03572022;0,01337297;
2478,680;0,03555557;0,01322357;
2480,543;0,03570512;0,01338833;
2482,407;0,03589206;0,01359044;
2484,271;0,03589858;0,01361211;
2486,134;0,03595848;0,01368711;
2487,998;0,03617183;0,01391553;
2489,862;0,03629657;0,01405531;
2491,725;0,03619222;0,01396597;
2493,589;0,03600367;0,01379239;
2495,453;0,03607342;0,01387708;
2497,316;0,03630638;0,01412494;
2499,180;0,03641569;0,01424913;
2501,044;0,03638781;0,01423608;
2502,907;0,03632074;0,01418382;
2504,771;0,03635427;0,01423212;
2506,635;0,03642469;0,01431728;
2508,498;0,03655878;0,01446608;
2510,362;0,03674784;0,01466982;
2512,226;0,03683789;0,01477451;
2514,089;0,0367935;0,01474473;
2515,953;0,03691459;0,01488039;
2517,817;0,03687064;0,01485098;
2519,680;0,03667768;0,01467253;
2521,544;0,03682065;0,01482999;
2523,408;0,03703057;0,01505435;
2525,271;0,0369675;0,0150057;
2527,135;0,03712967;0,01518225;
2528,999;0,03750383;0,01557076;
2530,862;0,03755712;0,01563838;
2532,726;0,03741749;0,01551303;
2534,590;0,0373288;0,0154386;
2536,453;0,03731091;0,01543494;
2538,317;0,03749243;0,01563065;
2540,181;0,0377341;0,01588648;
2542,044;0,03791884;0,01608535;
2543,908;0,03808994;0,01627055;
2545,772;0,03818837;0,01638305;
2547,635;0,03812479;0,01633351;
2549,499;0,038065;0,01628773;
2551,363;0,03833588;0,01657258;
2553,226;0,03850504;0,0167557;
2555,090;0,03838046;0,01664503;
2556,954;0,03843354;0,01671199;
2558,817;0,03852728;0,0168196;
2560,681;0,0388195;0,01712564;
2562,545;0,03915706;0,01747699;
2564,408;0,0391274;0,0174611;
2566,272;0,03904391;0,01739135;
2568,136;0,03933899;0,01770013;
2569,999;0,03947871;0,01785352;
2571,863;0,03941368;0,01780214;
2573,727;0,03951146;0,01791353;
2575,590;0,0396375;0,01805317;
2577,454;0,03967291;0,01810213;
2579,318;0,03994736;0,0183901;
2581,181;0,04026955;0,01872579;
2583,045;0,04039031;0,01886002;
2584,909;0,04042658;0,01890973;
2586,772;0,04044006;0,01893663;
2588,636;0,04042657;0,01893652;
2590,500;0,04073474;0,01925805;
2592,363;0,04099461;0,01953124;
2594,227;0,04102298;0,0195729;
2596,091;0,041153;0,01971618;
2597,954;0,04139857;0,019975;
2599,818;0,0414944;0,02008404;
2601,682;0,04166789;0,0202707;
2603,545;0,04193129;0,02054726;
2605,409;0,04212464;0,02075374;
2607,273;0,04226771;0,02090991;
2609,136;0,04235971;0,02101498;
2611,000;0,04236937;0,02103768;
2612,864;0,04261269;0,021294;
2614,727;0,04292789;0,0216222;
2616,591;0,04315851;0,02186577;
2618,455;0,04328806;0,02200825;
2620,318;0,04334327;0,02207636;
2622,182;0,04347563;0,0222216;
2624,046;0,04381842;0,02257723;
2625,910;0,04407143;0,02284307;
2627,773;0,04423683;0,02302126;
2629,637;0,04439123;0,02318843;
2631,501;0,04457902;0,02338896;
2633,364;0,0447257;0,02354834;
2635,228;0,04489475;0,02373008;
2637,092;0,04506838;0,02391637;
2638,955;0,04526719;0,02412781;
2640,819;0,04547008;0,02434331;
2642,683;0,04569034;0,02457614;
2644,546;0,04577766;0,02467601;
2646,410;0,04590687;0,02481775;
2648,274;0,04611565;0,02503903;
2650,137;0,04626673;0,02520257;
2652,001;0,04634873;0,02529702;
2653,865;0,04645479;0,0254155;
2655,728;0,04657595;0,02554905;
2657,592;0,04667402;0,02565949;
2659,456;0,04666002;0,02565783;
2661,319;0,04665506;0,02566519;
2663,183;0,04667258;0,02569499;
2665,047;0,04669166;0,02572634;
2666,910;0,0467665;0,02581342;
2668,774;0,04683659;0,02589572;
2670,638;0,04689008;0,02596139;
2672,501;0,04702294;0,02610641;
2674,365;0,04707399;0,0261696;
2676,229;0,0471815;0,02628922;
2678,092;0,04730369;0,0264235;
2679,956;0,04750997;0,02664184;
2681,820;0,04766125;0,02680515;
2683,683;0,04769924;0,02685515;
2685,547;0,04770797;0,02687586;
2687,411;0,04780422;0,02698408;
2689,274;0,04794976;0,02714155;
2691,138;0,04806863;0,02727233;
2693,002;0,04806119;0,02727677;
2694,865;0,04812727;0,02735471;
2696,729;0,04827699;0,02751627;
2698,593;0,048416;0,0276671;
2700,456;0,0485242;0,02778708;
2702,320;0,04861504;0,02788968;
2704,184;0,04871943;0,02800581;
2706,047;0,04883752;0,02813561;
2707,911;0,04890423;0,02821402;
2709,775;0,04896699;0,02828844;
2711,638;0,04901511;0,0283482;
2713,502;0,04907292;0,02841763;
2715,366;0,04923617;0,02859248;
2717,229;0,04941291;0,02878078;
2719,093;0,04949273;0,02887215;
2720,957;0,04953327;0,02892421;
2722,820;0,0495029;0,02890534;
2724,684;0,0495884;0,02900232;
2726,548;0,04978915;0,02921452;
2728,411;0,05002909;0,02946588;
2730,275;0,05017892;0,02962712;
2732,139;0,05028067;0,02974025;
2734,002;0,05026109;0,02973204;
2735,866;0,05019615;0,02967843;
2737,730;0,05025035;0,02974394;
2739,593;0,05050816;0,03001304;
2741,457;0,05064406;0,0301602;
2743,321;0,05070149;0,03022888;
2745,184;0,05079308;0,03033169;
2747,048;0,05091392;0,03046372;
2748,912;0,05105829;0,03061927;
2750,775;0,05123921;0,03081134;
2752,639;0,05128011;0,03086337;
2754,503;0,05130914;0,0309035;
2756,366;0,05144118;0,03104663;
2758,230;0,05169233;0,03130884;
2760,094;0,05188217;0,03150972;
2761,957;0,05198398;0,03162254;
2763,821;0,05208244;0,031732;
2765,685;0,05221939;0,03187993;
2767,548;0,05231262;0,03198411;
2769,412;0,05242213;0,03210455;
2771,276;0,05243167;0,03212499;
2773,139;0,05241539;0,03211959;
2775,003;0,05263946;0,03235453;
2776,867;0,05306613;0,03279204;
2778,730;0,05329784;0,03303456;
2780,594;0,05342401;0,03317154;
2782,458;0,05355302;0,03331132;
2784,321;0,05367697;0,03344602;
2786,185;0,05375857;0,03353835;
2788,049;0,05399712;0,03378761;
2789,912;0,05424496;0,03404614;
2791,776;0,0543816;0,03419345;
2793,640;0,05449086;0,03431336;
2795,503;0,05478733;0,03462045;
2797,367;0,05508288;0,0349266;
2799,231;0,05530575;0,03516005;
2801,094;0,05547143;0,0353363;
2802,958;0,05579847;0,03567388;
2804,822;0,05597992;0,03586585;
2806,685;0,05622162;0,03611805;
2808,549;0,05656933;0,03647623;
2810,413;0,05686501;0,03678237;
2812,276;0,05709803;0,03702583;
2814,140;0,05744017;0,03737838;
2816,004;0,05776117;0,03770977;
2817,867;0,05804109;0,03800007;
2819,731;0,05834828;0,03831761;
2821,595;0,05877058;0,03875024;
2823,458;0,05911464;0,03910462;
2825,322;0,05950799;0,03950826;
2827,186;0,0599558;0,03996634;
2829,049;0,06041925;0,04044004;
2830,913;0,06084451;0,04087553;
2832,777;0,06137221;0,04141344;
2834,640;0,06196772;0,04201915;
2836,504;0,06264297;0,04270457;
2838,368;0,06333086;0,0434026;
2840,231;0,06438053;0,0444624;
2842,095;0,06546809;0,04556008;
2843,959;0,0664354;0,04653748;
2845,822;0,06749851;0,04761066;
2847,686;0,068634;0,0487562;
2849,550;0,06939271;0,04952494;
2851,413;0,06983126;0,0499735;
2853,277;0,06968488;0,04983711;
2855,141;0,06940273;0,04956494;
2857,004;0,06917049;0,04934265;
2858,868;0,06900826;0,04919036;
2860,732;0,06900791;0,04919992;
2862,595;0,06929399;0,04949589;
2864,459;0,06953812;0,0497499;
2866,323;0,06965794;0,04987958;
2868,186;0,06985185;0,05008333;
2870,050;0,07031705;0,05055834;
2871,914;0,0707193;0,05097039;
2873,777;0,07099384;0,05125471;
2875,641;0,07123412;0,05150476;
2877,505;0,07145666;0,05173703;
2879,368;0,07159639;0,05188649;
2881,232;0,07181194;0,05211174;
2883,096;0,0719189;0,05222839;
2884,959;0,0721841;0,05250325;
2886,823;0,07248818;0,05281698;
2888,687;0,07277778;0,05311621;
2890,550;0,07293593;0,05328397;
2892,414;0,07303736;0,05339499;
2894,278;0,07319003;0,05355723;
2896,141;0,07353576;0,05391252;
2898,005;0,07385463;0,05424092;
2899,869;0,07423921;0,05463503;
2901,733;0,07461678;0,0550221;
2903,596;0,07497899;0,05539379;
2905,460;0,0753221;0,05574636;
2907,324;0,07583191;0,05626561;
2909,187;0,07651725;0,05696038;
2911,051;0,07737987;0,05783241;
2912,915;0,07805849;0,05852043;
2914,778;0,07877069;0,059242;
2916,642;0,07940018;0,05988084;
2918,506;0,07978745;0,06027744;
2920,369;0,07968746;0,06018677;
2922,233;0,07936836;0,05987697;
2924,097;0,07880717;0,05932507;
2925,960;0,07798661;0,05851378;
2927,824;0,07713461;0,05767103;
2929,688;0,07631205;0,05685769;
2931,551;0,07544822;0,05600308;
2933,415;0,07473266;0,05529671;
2935,279;0,07397421;0,05454744;
2937,142;0,07302804;0,05361043;
2939,006;0,07195224;0,05254377;
2940,870;0,07101893;0,05161959;
2942,733;0,07012433;0,0507341;
2944,597;0,069384;0,05000286;
2946,461;0,06847192;0,04909985;
2948,324;0,06785349;0,04849048;
2950,188;0,06748359;0,04812962;
2952,052;0,0670056;0,04766064;
2953,915;0,06641593;0,04707998;
2955,779;0,06595811;0,04663115;
2957,643;0,06544562;0,04612764;
2959,506;0,06486972;0,04556068;
2961,370;0,0641333;0,04483321;
2963,234;0,06359339;0,04430222;
2965,097;0,06316198;0,04387971;
2966,961;0,06273493;0,04346154;
2968,825;0,06232845;0,04306394;
2970,688;0,06206861;0,04281295;
2972,552;0,06167181;0,04242499;
2974,416;0,06137663;0,04213862;
2976,279;0,06110216;0,04187296;
2978,143;0,06088649;0,04166608;
2980,007;0,06057994;0,04136829;
2981,870;0,06044844;0,04124555;
2983,734;0,06042555;0,0412314;
2985,598;0,06027154;0,04108611;
2987,461;0,05996511;0,04078838;
2989,325;0,0599472;0,04077917;
2991,189;0,0599156;0,04075623;
2993,052;0,05990907;0,04075836;
2994,916;0,06001353;0,04087146;
2996,780;0,06014784;0,0410144;
2998,643;0,06022079;0,04109595;
3000,507;0,06044142;0,04132517;
3002,371;0,06052468;0,04141701;
3004,234;0,06069067;0,04159157;
3006,098;0,06083408;0,04174352;
3007,962;0,06105488;0,04197284;
3009,825;0,06127137;0,04219784;
3011,689;0,06140804;0,04234301;
3013,553;0,06145424;0,04239769;
3015,416;0,06175646;0,04270838;
3017,280;0,06214285;0,04310322;
3019,144;0,06252837;0,04349718;
3021,007;0,06289816;0,04387538;
3022,871;0,06329362;0,04427924;
3024,735;0,06349715;0,04449115;
3026,598;0,06388072;0,0448831;
3028,462;0,06416346;0,0451742;
3030,326;0,06432897;0,04534805;
3032,189;0,0646407;0,0456681;
3034,053;0,06519649;0,0462322;
3035,917;0,06557776;0,04662177;
3037,780;0,06590127;0,04695355;
3039,644;0,06613276;0,04719331;
3041,508;0,06642113;0,04748993;
3043,371;0,06668939;0,04776643;
3045,235;0,06702008;0,04810534;
3047,099;0,06738698;0,04848044;
3048,962;0,06796503;0,04906667;
3050,826;0,06830119;0,04941101;
3052,690;0,06867424;0,04979222;
3054,553;0,06904374;0,05016986;
3056,417;0,06949609;0,05063034;
3058,281;0,06993533;0,0510777;
3060,144;0,07026294;0,05141341;
3062,008;0,07054719;0,05170574;
3063,872;0,0710913;0,05225792;
3065,735;0,07144851;0,05262318;
3067,599;0,07186338;0,05304609;
3069,463;0,07229733;0,05348807;
3071,326;0,07276255;0,0539613;
3073,190;0,07302474;0,05423148;
3075,054;0,07345199;0,05466672;
3076,917;0,0737702;0,05499289;
3078,781;0,07393665;0,0551673;
3080,645;0,0742428;0,05548138;
3082,508;0,07471583;0,05596234;
3084,372;0,07507495;0,05632937;
3086,236;0,0755362;0,05679851;
3088,099;0,07587152;0,05714171;
3089,963;0,07629087;0,05756894;
3091,827;0,07664856;0,05793447;
3093,690;0,07705264;0,05834639;
3095,554;0,07750234;0,05880392;
3097,418;0,07795555;0,05926494;
3099,281;0,07826941;0,0595866;
3101,145;0,07880207;0,06012704;
3103,009;0,07918875;0,06052148;
3104,872;0,07951999;0,06086048;
3106,736;0,07972507;0,0610733;
3108,600;0,08012353;0,06147949;
3110,463;0,08046081;0,06182448;
3112,327;0,08083136;0,06220273;
3114,191;0,0813092;0,06268825;
3116,054;0,0818034;0,06319012;
3117,918;0,08209998;0,06349436;
3119,782;0,08270341;0,06410544;
3121,645;0,08325074;0,0646604;
3123,509;0,08360164;0,06501891;
3125,373;0,08399918;0,06542405;
3127,236;0,08462675;0,06605921;
3129,100;0,0850188;0,06645883;
3130,964;0,08542459;0,06687219;
3132,827;0,08587015;0,06732529;
3134,691;0,08637205;0,06783473;
3136,555;0,08665967;0,06812987;
3138,418;0,08718463;0,06866234;
3140,282;0,08755758;0,06904279;
3142,146;0,08784955;0,06934224;
3144,009;0,08827239;0,06977254;
3145,873;0,08889562;0,07040322;
3147,737;0,08935678;0,07087183;
3149,600;0,08994941;0,07147189;
3151,464;0,09045824;0,07198814;
3153,328;0,0908502;0,07238749;
3155,191;0,09100248;0,07254716;
3157,055;0,09137412;0,07292618;
3158,919;0,09199207;0,07355149;
3160,782;0,0924972;0,07406398;
3162,646;0,09255352;0,07412762;
3164,510;0,09311685;0,07469828;
3166,373;0,09393645;0,07552519;
3168,237;0,09446717;0,07606321;
3170,101;0,09468467;0,076288;
3171,964;0,09496571;0,0765763;
3173,828;0,09530595;0,0769238;
3175,692;0,09575372;0,07737882;
3177,556;0,09592264;0,07755498;
3179,419;0,09623516;0,07787472;
3181,283;0,09675398;0,07840075;
3183,147;0,09744633;0,0791003;
3185,010;0,09781897;0,07948012;
3186,874;0,09814463;0,07981294;
3188,738;0,098304;0,07997948;
3190,601;0,09866701;0,08034963;
3192,465;0,0991872;0,08087696;
3194,329;0,09969399;0,08139086;
3196,192;0,09974612;0,0814501;
3198,056;0,09990689;0,08161797;
3199,920;0,1002718;0,08198997;
3201,783;0,1009702;0,08269539;
3203,647;0,1012557;0,08298801;
3205,511;0,1013977;0,08313704;
3207,374;0,1015625;0,08330889;
3209,238;0,1020491;0,08380248;
3211,102;0,1023423;0,08410271;
3212,965;0,1026371;0,08440455;
3214,829;0,1029037;0,0846781;
3216,693;0,1032139;0,08499527;
3218,556;0,1032908;0,08507915;
3220,420;0,1035609;0,08535615;
3222,284;0,1038564;0,08565861;
3224,147;0,1041924;0,08600149;
3226,011;0,1042365;0,08605258;
3227,875;0,104452;0,08627496;
3229,738;0,1046449;0,08647478;
3231,602;0,1047707;0,0866074;
3233,466;0,104985;0,08682858;
3235,329;0,1056265;0,08747691;
3237,193;0,1057902;0,08764746;
3239,057;0,1058799;0,08774397;
3240,920;0,1061387;0,08800963;
3242,784;0,1064755;0,08835318;
3244,648;0,1064572;0,08834171;
3246,511;0,1064643;0,08835564;
3248,375;0,1064257;0,08832377;
3250,239;0,1065861;0,08849091;
3252,102;0,1068119;0,08872347;
3253,966;0,1071291;0,08904743;
3255,830;0,1070955;0,08902056;
3257,693;0,1072483;0,08918009;
3259,557;0,1075525;0,08949092;
3261,421;0,1077415;0,08968659;
3263,284;0,1074943;0,0894461;
3265,148;0,1075618;0,08952029;
3267,012;0,1077603;0,08972547;
3268,875;0,1079591;0,08993084;
3270,739;0,1078589;0,08983728;
3272,603;0,1078728;0,08985786;
3274,466;0,1078947;0,08988633;
3276,330;0,1079073;0,08990554;
3278,194;0,1076869;0,08969169;
3280,057;0,1077126;0,08972398;
3281,921;0,1077667;0,0897847;
3283,785;0,1077609;0,08978546;
3285,648;0,107559;0,08959006;
3287,512;0,1078256;0,08986321;
3289,376;0,107884;0,08992815;
3291,239;0,1077635;0,08981412;
3293,103;0,107544;0,08960115;
3294,967;0,1074143;0,08947794;
3296,830;0,1072838;0,08935391;
3298,694;0,107455;0,08953155;
3300,558;0,1073091;0,08939215;
3302,421;0,1071326;0,0892221;
3304,285;0,1070064;0,08910232;
3306,149;0,1071055;0,08920786;
3308,012;0,1069391;0,08904781;
3309,876;0,1069325;0,08904765;
3311,740;0,1068306;0,08895216;
3313,603;0,1066021;0,08873001;
3315,467;0,1064125;0,08854677;
3317,331;0,1062926;0,08843319;
3319,194;0,1060474;0,08819439;
3321,058;0,1059936;0,08814694;
3322,922;0,1057663;0,08792591;
3324,785;0,1057237;0,0878896;
3326,649;0,1055435;0,08771572;
3328,513;0,1055374;0,08771595;
3330,376;0,1052957;0,08748049;
3332,240;0,1050133;0,08720443;
3334,104;0,1049287;0,08712603;
3335,967;0,1049881;0,08719175;
3337,831;0,1047947;0,08700458;
3339,695;0,1046916;0,08690768;
3341,558;0,104321;0,08654331;
3343,422;0,104069;0,08629749;
3345,286;0,1040028;0,08623749;
3347,149;0,1038682;0,08610907;
3349,013;0,1035826;0,08582973;
3350,877;0,1034758;0,08572902;
3352,740;0,1032953;0,08555473;
3354,604;0,1030138;0,08527937;
3356,468;0,1024146;0,08468631;
3358,331;0,1021419;0,08441971;
3360,195;0,1021088;0,08439275;
3362,059;0,1021555;0,08444558;
3363,922;0,1016901;0,08398624;
3365,786;0,1013229;0,08362508;
3367,650;0,1011728;0,08348108;
3369,513;0,1011126;0,08342697;
3371,377;0,100678;0,08299845;
3373,241;0,1002937;0,08262017;
3375,104;0,09993159;0,08226409;
3376,968;0,0994986;0,08183713;
3378,832;0,09895232;0,08129687;
3380,695;0,09868542;0,08103597;
3382,559;0,09820635;0,0805629;
3384,423;0,09795697;0,0803195;
3386,286;0,0977485;0,08011702;
3388,150;0,09752418;0,07989866;
3390,014;0,09731899;0,07969943;
3391,877;0,09706954;0,07945592;
3393,741;0,09652735;0,07891967;
3395,605;0,09617367;0,07857192;
3397,468;0,09580709;0,07821126;
3399,332;0,09558825;0,07799832;
3401,196;0,09495857;0,07737454;
3403,059;0,09434183;0,0767637;
3404,923;0,09388145;0,07630919;
3406,787;0,09372315;0,07615676;
3408,650;0,0932242;0,07566367;
3410,514;0,09261956;0,07506488;
3412,378;0,09198728;0,07443844;
3414,241;0,09149188;0,07394887;
3416,105;0,09082849;0,07329131;
3417,969;0,09050283;0,07297145;
3419,832;0,09017582;0,07265025;
3421,696;0,08971949;0,07219971;
3423,560;0,08914896;0,07163496;
3425,423;0,08880628;0,07129806;
3427,287;0,08830493;0,07080247;
3429,151;0,0878195;0,0703228;
3431,014;0,08711354;0,06962258;
3432,878;0,0866058;0,06912058;
3434,742;0,08621203;0,06873254;
3436,605;0,08579855;0,06832477;
3438,469;0,08504664;0,06757857;
3440,333;0,08439363;0,06693126;
3442,196;0,08399157;0,0665349;
3444,060;0,08372058;0,06626958;
3445,924;0,08303928;0,06559396;
3447,787;0,08236098;0,06492132;
3449,651;0,08179279;0,06435878;
3451,515;0,08141852;0,06399016;
3453,379;0,08089676;0,06347404;
3455,242;0,08036573;0,06294863;
3457,106;0,07959961;0,06218812;
3458,970;0,07899096;0,06158509;
3460,833;0,07856195;0,06116167;
3462,697;0,07824319;0,0608485;
3464,561;0,07763217;0,06024306;
3466,424;0,07715288;0,05976934;
3468,288;0,07634787;0,0589699;
3470,152;0,07561415;0,05824173;
3472,015;0,07505327;0,05768639;
3473,879;0,07465868;0,05729734;
3475,743;0,07398734;0,05663152;
3477,606;0,07336297;0,05601267;
3479,470;0,07274945;0,05540466;
3481,334;0,07208033;0,05474105;
3483,197;0,07139816;0,05406437;
3485,061;0,07098294;0,05365463;
3486,925;0,07044215;0,05311931;
3488,788;0,06970691;0,05238953;
3490,652;0,06907687;0,05176495;
3492,516;0,06861477;0,0513083;
3494,379;0,0676952;0,05039417;
3496,243;0,06707929;0,04978368;
3498,107;0,06664919;0,049359;
3499,970;0,06623631;0,04895154;
3501,834;0,06562114;0,04834177;
3503,698;0,06494179;0,04766782;
3505,561;0,06420423;0,04693565;
3507,425;0,06364858;0,04638538;
3509,289;0,06301184;0,04575401;
3511,152;0,06249021;0,04523774;
3513,016;0,06174029;0,04449317;
3514,880;0,06091373;0,04367195;
3516,743;0,06015631;0,04291987;
3518,607;0,05961468;0,04238357;
3520,471;0,05900503;0,04177924;
3522,334;0,05855705;0,04133656;
3524,198;0,05807726;0,04086208;
3526,062;0,05744261;0,04023272;
3527,925;0,05677072;0,03956612;
3529,789;0,05622701;0,03902768;
3531,653;0,05528782;0,03809376;
3533,516;0,05469886;0,03751006;
3535,380;0,05421933;0,03703578;
3537,244;0,05357451;0,03639621;
3539,107;0,05282004;0,03564698;
3540,971;0,05200738;0,03483954;
3542,835;0,0515401;0,03437748;
3544,698;0,05129713;0,03413972;
3546,562;0,05026756;0,03311535;
3548,426;0,04967456;0,03252755;
3550,289;0,04943055;0,03228872;
3552,153;0,04884755;0,0317109;
3554,017;0,04797011;0,03083862;
3555,880;0,04733755;0,03021123;
3557,744;0,04661763;0,02949647;
3559,608;0,04599829;0,02888226;
3561,471;0,0453243;0,02821342;
3563,335;0,04489166;0,0277859;
3565,199;0,0445861;0,02748547;
3567,062;0,04392139;0,02682587;
3568,926;0,04300233;0,02591191;
3570,790;0,04244341;0,02535809;
3572,653;0,04177057;0,02469034;
3574,517;0,04158924;0,02451409;
3576,381;0,04129469;0,02422461;
3578,244;0,04055572;0,02349071;
3580,108;0,03976765;0,0227077;
3581,972;0,03937746;0,02232255;
3583,835;0,0391046;0,02205474;
3585,699;0,03886591;0,02182108;
3587,563;0,03807151;0,02103171;
3589,426;0,03713922;0,02010443;
3591,290;0,03649783;0,01946806;
3593,154;0,03616472;0,01913995;
3595,017;0,03570728;0,0186875;
3596,881;0,0352696;0,0182548;
3598,745;0,03477469;0,01776488;
3600,608;0,03430635;0,01730151;
3602,472;0,03373453;0,01673466;
3604,336;0,03341882;0,0164239;
3606,199;0,03288034;0,01589036;
3608,063;0,03226852;0,01528349;
3609,927;0,03190151;0,01492141;
3611,790;0,03177056;0,01479539;
3613,654;0,03139533;0,01442508;
3615,518;0,03099851;0,01403317;
3617,381;0,03065687;0,01369643;
3619,245;0,03023085;0,01327531;
3621,109;0,02959327;0,01264261;
3622,972;0,02930458;0,0123588;
3624,836;0,02935235;0,01241144;
3626,700;0,02920324;0,0122672;
3628,563;0,02828091;0,01134973;
3630,427;0,02755364;0,0106273;
3632,291;0,02726677;0,01034528;
3634,154;0,02704184;0,01012518;
3636,018;0,02666043;0,009748594;
3637,882;0,02642485;0,009517835;
3639,745;0,02616347;0,009261272;
3641,609;0,02601716;0,009119765;
3643,473;0,0257005;0,008807903;
3645,336;0,02557657;0,008688762;
3647,200;0,02566585;0,008782826;
3649,064;0,02543805;0,008559807;
3650,927;0,0247586;0,007885127;
3652,791;0,02450727;0,007638551;
3654,655;0,02441952;0,007555559;
3656,518;0,02415946;0,007300243;
3658,382;0,02381229;0,006957812;
3660,246;0,02376525;0,006915505;
3662,109;0,0235633;0,006718279;
3663,973;0,02348761;0,006647307;
3665,837;0,02346875;0,006633157;
3667,700;0,02338632;0,006555432;
3669,564;0,02323804;0,006411851;
3671,428;0,02328284;0,00646134;
3673,291;0,02345789;0,006641074;
3675,155;0,02344256;0,00663042;
3677,019;0,02298962;0,006182147;
3678,882;0,02278391;0,005981093;
3680,746;0,02256454;0,005766377;
3682,610;0,02247464;0,005681121;
3684,473;0,02261472;0,005825844;
3686,337;0,0227992;0,006014957;
3688,201;0,02265292;0,005873304;
3690,064;0,02262391;0,005848909;
3691,928;0,0226654;0,005895014;
3693,792;0,02254707;0,005781286;
3695,655;0,02234825;0,005587062;
3697,519;0,02265107;0,005894472;
3699,383;0,02288083;0,006128822;
3701,246;0,02290536;0,006157926;
3703,110;0,02271676;0,005973892;
3704,974;0,02249089;0,005752589;
3706,837;0,02260615;0,005872402;
3708,701;0,0231338;0,006404604;
3710,565;0,02324302;0,006518361;
3712,428;0,02318006;0,006459939;
3714,292;0,02294385;0,006228256;
3716,156;0,02278573;0,006074657;
3718,019;0,02288037;0,006173813;
3719,883;0,02303549;0,006333447;
3721,747;0,02284207;0,00614453;
3723,610;0,02284541;0,006152358;
3725,474;0,02294828;0,006259724;
3727,338;0,02291608;0,006232004;
3729,202;0,02299209;0,006312485;
3731,065;0,0233468;0,006671668;
3732,929;0,02341293;0,00674225;
3734,793;0,0233164;0,006650181;
3736,656;0,0232263;0,006564525;
3738,520;0,02330734;0,006650004;
3740,384;0,02350541;0,006852511;
3742,247;0,02376897;0,007120496;
3744,111;0,02344973;0,006805685;
3745,975;0,02359873;0,006959101;
3747,838;0,02405914;0,007423913;
3749,702;0,02390419;0,007273365;
3751,566;0,02358548;0,006959049;
3753,429;0,02361063;0,006988591;
3755,293;0,02381946;0,0072018;
3757,157;0,02390914;0,00729586;
3759,020;0,02380046;0,007191542;
3760,884;0,02358419;0,006979638;
3762,748;0,02339879;0,006798593;
3764,611;0,02370289;0,007107046;
3766,475;0,02380901;0,007217507;
3768,339;0,02383646;0,007249297;
3770,202;0,02384492;0,007262084;
3772,066;0,02388958;0,00731107;
3773,930;0,02369942;0,007125224;
3775,793;0,02364392;0,007074037;
3777,657;0,0239115;0,007345917;
3779,521;0,02408583;0,007524542;
3781,384;0,02398702;0,007430033;
3783,248;0,02397555;0,007422843;
3785,112;0,02408387;0,007535443;
3786,975;0,02410814;0,007563986;
3788,839;0,02389437;0,007354479;
3790,703;0,02396098;0,007425349;
3792,566;0,02410582;0,007574445;
3794,430;0,02415214;0,007625016;
3796,294;0,02405483;0,007531941;
3798,157;0,02412685;0,007608199;
3800,021;0,02415249;0,007638074;
3801,885;0,02420145;0,007691252;
3803,748;0,02434279;0,007836812;
3805,612;0,02435863;0,007856861;
3807,476;0,02413155;0,007633982;
3809,339;0,02400482;0,007511455;
3811,203;0,02407764;0,007588462;
3813,067;0,02450657;0,008021575;
3814,930;0,02462335;0,008142541;
3816,794;0,02451034;0,008033703;
3818,658;0,02457841;0,008105937;
3820,521;0,02475235;0,008284044;
3822,385;0,02466722;0,008203061;
3824,249;0,02459258;0,008132574;
3826,112;0,02452248;0,008066618;
3827,976;0,02462409;0,008172368;
3829,840;0,0245474;0,008099802;
3831,703;0,02434424;0,007900773;
3833,567;0,02445353;0,008014182;
3835,431;0,02482238;0,008387144;
3837,294;0,02495454;0,008523409;
3839,158;0,02509959;0,008672564;
3841,022;0,02520778;0,008784848;
3842,885;0,02514054;0,008721689;
3844,749;0,0246399;0,008225138;
3846,613;0,02441108;0,00800039;
3848,476;0,02449401;0,00808739;
3850,340;0,02473918;0,008336631;
3852,204;0,02523208;0,008833585;
3854,067;0,02547303;0,009078589;
3855,931;0,02500323;0,008612841;
3857,795;0,02474488;0,008358528;
3859,658;0,02470855;0,008326238;
3861,522;0,02493355;0,008555267;
3863,386;0,02519845;0,008824192;
3865,249;0,0250526;0,008682361;
3867,113;0,02489058;0,008524348;
3868,977;0,02517737;0,008815153;
3870,840;0,02536295;0,009004735;
3872,704;0,02536839;0,00901417;
3874,568;0,02508274;0,008732505;
3876,431;0,02494483;0,008598579;
3878,295;0,02499348;0,008651208;
3880,159;0,0252863;0,008947997;
3882,022;0,02537674;0,009042408;
3883,886;0,02535223;0,009021854;
3885,750;0,02542605;0,009099633;
3887,613;0,02553034;0,009207868;
3889,477;0,02545728;0,009138753;
3891,341;0,02555125;0,009236665;
3893,204;0,02547542;0,009164762;
3895,068;0,02536236;0,009055627;
3896,932;0,02531184;0,009009031;
3898,795;0,02534261;0,009043722;
3900,659;0,02563751;0,009342528;
3902,523;0,02611468;0,009823599;
3904,386;0,02603138;0,009744203;
3906,250;0,02589217;0,00960888;
3908,114;0,02590697;0,009627569;
3909,977;0,02584153;0,009566015;
3911,841;0,02554367;0,009272032;
3913,705;0,02539146;0,009123695;
3915,568;0,02549037;0,009226466;
3917,432;0,02578606;0,009526021;
3919,296;0,02590803;0,009651841;
3921,159;0,02587292;0,009620576;
3923,023;0,02577901;0,009530509;
3924,887;0,02578501;0,009540351;
3926,750;0,02582343;0,009582602;
3928,614;0,02595426;0,009717265;
3930,478;0,02593325;0,009700071;
3932,341;0,02606437;0,009835011;
3934,205;0,02613257;0,009907015;
3936,069;0,02596275;0,009741005;
3937,932;0,0258628;0,009644856;
3939,796;0,02591237;0,009698216;
3941,660;0,02582267;0,009612305;
3943,523;0,02600184;0,009795266;
3945,387;0,02620156;0,009998758;
3947,251;0,02628602;0,010087;
3949,114;0,02627212;0,01007686;
3950,978;0,02619915;0,01000765;
3952,842;0,0260652;0,009877463;
3954,705;0,02607492;0,009890938;
3956,569;0,02614556;0,009965321;
3958,433;0,02633789;0,01016139;
3960,296;0,0263963;0,01022354;
3962,160;0,02633184;0,01016281;
3964,024;0,02617216;0,01000686;
3965,887;0,02603248;0,009870894;
3967,751;0,02604201;0,009884136;
3969,615;0,02631788;0,01016372;
3971,478;0,02628592;0,01013546;
3973,342;0,02616497;0,01001821;
3975,206;0,02608415;0,009941086;
3977,069;0,02623828;0,01009891;
3978,933;0,02645704;0,01032135;
3980,797;0,02644668;0,01031466;
3982,660;0,02629534;0,010167;
3984,524;0,02641807;0,01029339;
3986,388;0,02647609;0,01035508;
3988,251;0,02642303;0,01030568;
3990,115;0,02634065;0,01022695;
3991,979;0,02626414;0,01015409;
3993,842;0,02613132;0,01002491;
3995,706;0,02626515;0,01016238;
3997,570;0,0264046;0,01030546;
