;Jun30_TPC_1-0-0_LMW;Jun30_TPC_1-0-0_LMW (baseline corrected);
Wavelength [nm];Absorbance;absorbance;
650,420;0,08640618;0,01195203;
652,284;0,09180319;0,01803784;
654,148;0,1010045;0,02791822;
656,011;0,1082242;0,03580725;
657,875;0,1061954;0,03443847;
659,739;0,09599768;0,02489144;
661,602;0,08499621;0,01453154;
663,466;0,07739331;0,007561238;
665,330;0,07295717;0,003748872;
667,193;0,07081766;0,002224463;
669,057;0,0703212;0,002334566;
670,921;0,06883403;0,001445579;
672,784;0,06760248;0,0008039532;
674,648;0,06642432;0,0002076032;
676,512;0,06547564;-0,0001672398;
678,375;0,0646957;-0,0003811951;
680,239;0,06399357;-0,0005250667;
682,103;0,0633254;-0,0006425716;
683,966;0,06298449;-0,0004402852;
685,830;0,06265365;-0,0002352819;
687,694;0,06235304;-7,27729E-6;
689,557;0,06205481;0,0002159862;
691,421;0,06195566;0,0006313311;
693,285;0,06196754;0,00115082;
695,149;0,06185402;0,001538137;
697,012;0,06160953;0,001787811;
698,876;0,06160231;0,002268193;
700,740;0,06142583;0,002572863;
702,603;0,06126615;0,002887967;
704,467;0,06112969;0,003220042;
706,331;0,06120083;0,003753559;
708,194;0,06126289;0,004271935;
710,058;0,06140858;0,004867972;
711,922;0,06170998;0,005613855;
713,785;0,06222291;0,00656548;
715,649;0,06236649;0,007142073;
717,513;0,06177475;0,006977741;
719,376;0,06136808;0,006992965;
721,240;0,06150355;0,007544898;
723,104;0,06169141;0,008143876;
724,967;0,06198548;0,008843799;
726,831;0,06230414;0,00956313;
728,695;0,0627078;0,01036235;
730,558;0,06316674;0,01121183;
732,422;0,06366932;0,01210001;
734,286;0,06423738;0,01304878;
736,149;0,06480509;0,01399241;
738,013;0,06522573;0,01478423;
739,877;0,06580306;0,01572809;
741,740;0,06642307;0,01671004;
743,604;0,06693451;0,0175789;
745,468;0,06737852;0,01837588;
747,331;0,06775148;0,01909743;
749,195;0,06787641;0,01956663;
751,059;0,06794475;0,01997498;
752,922;0,06778216;0,02014821;
754,786;0,06729997;0,01999771;
756,650;0,06652854;0,01955391;
758,513;0,0657336;0,01908257;
760,377;0,06478185;0,01845048;
762,241;0,0635732;0,01755759;
764,104;0,06238357;0,01667989;
765,968;0,0612991;0,01590357;
767,832;0,06011742;0,01502631;
769,695;0,05905556;0,0142652;
771,559;0,05809023;0,013597;
773,423;0,05719598;0,01299631;
775,286;0,05635149;0,01244187;
777,150;0,05556843;0,01194539;
779,014;0,05487146;0,01153159;
780,877;0,05434877;0,0112887;
782,741;0,0538035;0,01101991;
784,605;0,05333879;0,0108284;
786,468;0,05297254;0,01073214;
788,332;0,0526341;0,0106605;
790,196;0,05233881;0,01062888;
792,059;0,05213656;0,0106872;
793,923;0,05191934;0,01072751;
795,787;0,05177365;0,01083635;
797,650;0,05166523;0,01097949;
799,514;0,05174076;0,01130366;
801,378;0,05185291;0,01166157;
803,241;0,05216824;0,01221981;
805,105;0,05265235;0,01294404;
806,969;0,05362359;0,01415263;
808,832;0,05555254;0,0163162;
810,696;0,0576718;0,01866741;
812,560;0,05874389;0,01996878;
814,423;0,06149072;0,02294229;
816,287;0,06827999;0,02995565;
818,151;0,08177944;0,04367666;
820,014;0,1083958;0,07051205;
821,878;0,1499599;0,1122928;
823,742;0,1767342;0,1392812;
825,605;0,1512884;0,1140471;
827,469;0,1016987;0,06466676;
829,333;0,0688798;0,03205481;
831,196;0,05564077;0,01902047;
833,060;0,05084372;0,01442582;
834,924;0,04846886;0,01225111;
836,787;0,04696661;0,01094679;
838,651;0,04603351;0,01020943;
840,515;0,04549342;0,009862915;
842,378;0,0450981;0,009659038;
844,242;0,04469155;0,009441823;
846,106;0,04439792;0,009335444;
847,969;0,04425592;0,009378647;
849,833;0,04419311;0,009499019;
851,697;0,04423538;0,009722479;
853,560;0,04423939;0,009905693;
855,424;0,04417439;0,01001796;
857,288;0,04413127;0,01015019;
859,151;0,04420083;0,0103932;
861,015;0,04433183;0,01069578;
862,879;0,04441095;0,01094463;
864,742;0,04434804;0,01104963;
866,606;0,04439357;0,01126127;
868,470;0,04445543;0,01148746;
870,333;0,04450965;0,01170426;
872,197;0,04449665;0,01185211;
874,061;0,04454978;0,01206438;
875,924;0,04465028;0,01232233;
877,788;0,04472539;0,01255322;
879,652;0,04483605;0,01281802;
881,515;0,04500353;0,01313802;
883,379;0,04519171;0,01347711;
885,243;0,04530663;0,01374136;
887,106;0,04533812;0,01392062;
888,970;0,04558673;0,01431545;
890,834;0,04583929;0,0147127;
892,697;0,04601283;0,01502944;
894,561;0,04615827;0,01531657;
896,425;0,04634143;0,01563997;
898,288;0,04653957;0,0159769;
900,152;0,04681929;0,01639397;
902,016;0,04707414;0,01678476;
903,879;0,04735348;0,01719864;
905,743;0,04759394;0,01757226;
907,607;0,04777667;0,01788679;
909,470;0,04801022;0,01825078;
911,334;0,04828579;0,01865548;
913,198;0,04843883;0,01893632;
915,061;0,04859334;0,01921734;
916,925;0,04884762;0,01959686;
918,789;0,04917725;0,02005045;
920,652;0,04943608;0,02043199;
922,516;0,04969963;0,02081702;
924,380;0,04994464;0,02118228;
926,243;0,0502896;0,02164629;
928,107;0,05062261;0,02209716;
929,971;0,05096173;0,02255296;
931,834;0,05124123;0,02294798;
933,698;0,05155294;0,02337405;
935,562;0,0518735;0,02380784;
937,425;0,05219133;0,02423779;
939,289;0,05253746;0,02469492;
941,153;0,05288813;0,0251555;
943,016;0,05318987;0,02556605;
944,880;0,05354025;0,02602419;
946,744;0,05389518;0,02648581;
948,607;0,05425653;0,02695281;
950,471;0,05460554;0,02740644;
952,335;0,05497634;0,02788083;
954,198;0,05538266;0,02838974;
956,062;0,05577365;0,02888232;
957,926;0,0561452;0,02935448;
959,789;0,05663957;0,02994848;
961,653;0,05716865;0,03057622;
963,517;0,05770451;0,0312098;
965,380;0,05827462;0,03187669;
967,244;0,0588138;0,03251172;
969,108;0,05941653;0,03320937;
970,972;0,06016466;0,03405152;
972,835;0,06091542;0,03489541;
974,699;0,06172478;0,035797;
976,563;0,0627329;0,03689648;
978,426;0,06398366;0,03823773;
980,290;0,06512249;0,03946619;
982,154;0,06543697;0,03986945;
984,017;0,06509324;0,03961366;
985,881;0,06510091;0,03970845;
987,745;0,06561914;0,04031298;
989,608;0,06631773;0,04109705;
991,472;0,06703134;0,04189535;
993,336;0,06785738;0,04280529;
995,199;0,06867872;0,04370974;
997,063;0,06964702;0,04476037;
998,927;0,07075231;0,04594723;
1000,790;0,07171349;0,04698922;
1002,654;0,07205593;0,04741172;
1004,518;0,0720295;0,04746461;
1006,381;0,07216116;0,04767486;
1008,245;0,07258664;0,0481782;
1010,109;0,07327682;0,04894554;
1011,972;0,07418698;0,04993214;
1013,836;0,07508876;0,05090966;
1015,700;0,07603466;0,0519306;
1017,563;0,07710674;0,05307705;
1019,427;0,07828633;0,05433032;
1021,291;0,07950495;0,05562196;
1023,154;0,08080516;0,05699451;
1025,018;0,08218095;0,058442;
1026,882;0,08367565;0,06000774;
1028,745;0,08517538;0,06157787;
1030,609;0,08673809;0,06321035;
1032,473;0,08836073;0,06490214;
1034,336;0,09019004;0,06679997;
1036,200;0,09203726;0,06871509;
1038,064;0,09402646;0,07077158;
1039,927;0,09617578;0,0729876;
1041,791;0,09850452;0,07538244;
1043,655;0,1009459;0,07788933;
1045,518;0,1036229;0,08063127;
1047,382;0,1067679;0,08384061;
1049,246;0,1100965;0,08723305;
1051,109;0,1119728;0,08917253;
1052,973;0,1132994;0,09056183;
1054,837;0,1157753;0,09309982;
1056,700;0,1188725;0,09625855;
1058,564;0,1221093;0,09955641;
1060,428;0,1255809;0,1030885;
1062,291;0,129195;0,1067625;
1064,155;0,1330422;0,1106692;
1066,019;0,1371672;0,1148531;
1067,882;0,141549;0,1192933;
1069,746;0,1461996;0,1240018;
1071,610;0,151003;0,1288625;
1073,473;0,1559055;0,133822;
1075,337;0,160875;0,1388479;
1077,201;0,1656693;0,1436981;
1079,064;0,1703301;0,1484143;
1080,928;0,1747682;0,1529074;
1082,792;0,178971;0,1571647;
1084,655;0,1828511;0,1610988;
1086,519;0,1865005;0,1648018;
1088,383;0,1895398;0,1678941;
1090,246;0,1918259;0,1702329;
1092,110;0,1931468;0,171606;
1093,974;0,1932367;0,1717477;
1095,837;0,1921052;0,1706675;
1097,701;0,1904305;0,1690437;
1099,565;0,1883703;0,1670339;
1101,428;0,1863286;0,1650423;
1103,292;0,1845179;0,1632812;
1105,156;0,1832084;0,1620209;
1107,019;0,1824089;0,1612701;
1108,883;0,1821451;0,1610547;
1110,747;0,1824634;0,161421;
1112,610;0,1835343;0,1625394;
1114,474;0,1851389;0,1641912;
1116,338;0,1870931;0,1661922;
1118,201;0,1891401;0,1682856;
1120,065;0,1908435;0,1700349;
1121,929;0,1913636;0,1706007;
1123,792;0,1900003;0,1692827;
1125,656;0,18662;0,1659472;
1127,520;0,1827324;0,1621041;
1129,383;0,1797728;0,1591887;
1131,247;0,1782822;0,1577418;
1133,111;0,1779858;0,1574888;
1134,974;0,1781934;0,1577395;
1136,838;0,1778267;0,1574154;
1138,702;0,1763022;0,1559333;
1140,565;0,1737268;0,1533999;
1142,429;0,1705402;0,150255;
1144,293;0,166924;0,1466801;
1146,156;0,1632284;0,1430256;
1148,020;0,1596083;0,1394461;
1149,884;0,156144;0,1360221;
1151,747;0,1527362;0,1326543;
1153,611;0,1494263;0,1293841;
1155,475;0,1460426;0,1260398;
1157,338;0,1426332;0,1226694;
1159,202;0,1391482;0,1192231;
1161,066;0,1355978;0,1157112;
1162,929;0,1319954;0,1121469;
1164,793;0,1285058;0,1086951;
1166,657;0,1252112;0,1054381;
1168,520;0,1222245;0,1024886;
1170,384;0,1196571;0,09995805;
1172,248;0,1176295;0,09796705;
1174,111;0,1161445;0,09651838;
1175,975;0,1153671;0,09577705;
1177,839;0,1153791;0,09582481;
1179,702;0,1163185;0,09679973;
1181,566;0,1181256;0,09864204;
1183,430;0,1208067;0,101358;
1185,293;0,1241439;0,1047299;
1187,157;0,127666;0,1082864;
1189,021;0,1305666;0,1112211;
1190,884;0,1321907;0,112879;
1192,748;0,1322848;0,1130068;
1194,612;0,1310903;0,1118455;
1196,475;0,1289115;0,1096998;
1198,339;0,1260498;0,1068709;
1200,203;0,1227673;0,103621;
1202,066;0,11946;0,100346;
1203,930;0,11626;0,09717805;
1205,794;0,1133111;0,09426088;
1207,657;0,1107782;0,09175963;
1209,521;0,1087013;0,08971401;
1211,385;0,1070157;0,08805949;
1213,248;0,1057819;0,08685649;
1215,112;0,1049076;0,08601285;
1216,976;0,1044617;0,08559725;
1218,839;0,1043235;0,08548919;
1220,703;0,1044683;0,08566393;
1222,567;0,1048093;0,08603466;
1224,430;0,1053786;0,08663341;
1226,294;0,1061214;0,08740538;
1228,158;0,1070008;0,08831382;
1230,021;0,1079599;0,08930171;
1231,885;0,1089886;0,09035897;
1233,749;0,1100223;0,09142098;
1235,612;0,1111622;0,09258911;
1237,476;0,1123811;0,0938359;
1239,340;0,1136919;0,09517447;
1241,203;0,1149915;0,09650151;
1243,067;0,1163213;0,09785863;
1244,931;0,1176875;0,09925199;
1246,795;0,1191422;0,1007336;
1248,658;0,120637;0,1022551;
1250,522;0,1221493;0,1037939;
1252,386;0,1236079;0,1052788;
1254,249;0,1251291;0,1068261;
1256,113;0,1266831;0,108406;
1257,977;0,1283045;0,1100532;
1259,840;0,1300545;0,1118287;
1261,704;0,1318509;0,1136505;
1263,568;0,1336018;0,1154265;
1265,431;0,1354733;0,117323;
1267,295;0,1373723;0,1192468;
1269,159;0,1393338;0,1212329;
1271,022;0,1413085;0,123232;
1272,886;0,1433313;0,1252791;
1274,750;0,1453173;0,1272891;
1276,613;0,1473734;0,1293691;
1278,477;0,1495369;0,1315564;
1280,341;0,1518415;0,1338845;
1282,204;0,1540516;0,136118;
1284,068;0,1563243;0,1384139;
1285,932;0,1587365;0,1408492;
1287,795;0,161325;0,1434606;
1289,659;0,1639001;0,1460583;
1291,523;0,1664043;0,1485852;
1293,386;0,1689046;0,1511079;
1295,250;0,1715854;0,1538109;
1297,114;0,1742823;0,1565298;
1298,977;0,1769836;0,159253;
1300,841;0,1795656;0,1618568;
1302,705;0,1822413;0,1645541;
1304,568;0,184975;0,1673092;
1306,432;0,1877559;0,1701115;
1308,296;0,1905178;0,1728945;
1310,159;0,1933175;0,1757152;
1312,023;0,1962184;0,1786369;
1313,887;0,1992309;0,1816701;
1315,750;0,2020547;0,1845144;
1317,614;0,2050877;0,1875679;
1319,478;0,208287;0,1907875;
1321,341;0,21131;0,1938306;
1323,205;0,2141372;0,1966778;
1325,069;0,2171641;0,1997244;
1326,932;0,2201072;0,2026873;
1328,796;0,2229194;0,205519;
1330,660;0,2255729;0,208192;
1332,523;0,228351;0,2109894;
1334,387;0,2307728;0,2134303;
1336,251;0,2332194;0,215896;
1338,114;0,2362091;0,2189045;
1339,978;0,2395613;0,2222755;
1341,842;0,242072;0,2248048;
1343,705;0,244187;0,2269383;
1345,569;0,246458;0,2292277;
1347,433;0,2487257;0,2315137;
1349,296;0,2509423;0,2337484;
1351,160;0,2530506;0,2358746;
1353,024;0,2548042;0,2376461;
1354,887;0,2564593;0,239319;
1356,751;0,2579089;0,2407862;
1358,615;0,2594394;0,2423342;
1360,478;0,2612672;0,2441793;
1362,342;0,2636801;0,2466096;
1364,206;0,2656283;0,2485749;
1366,069;0,2666585;0,2496221;
1367,933;0,2679975;0,2509781;
1369,797;0,2692716;0,2522689;
1371,660;0,2694089;0,2524229;
1373,524;0,2682692;0,2512998;
1375,388;0,2644955;0,2475425;
1377,251;0,2575368;0,2406002;
1379,115;0,2485768;0,2316565;
1380,979;0,2384217;0,2215175;
1382,842;0,2275338;0,2106456;
1384,706;0,2165098;0,1996375;
1386,570;0,2055639;0,1887074;
1388,433;0,1950842;0,1782435;
1390,297;0,1860505;0,1692254;
1392,161;0,178325;0,1615153;
1394,024;0,1711848;0,1543905;
1395,888;0,1647005;0,1479215;
1397,752;0,1589137;0,14215;
1399,615;0,1534695;0,1367208;
1401,479;0,1480928;0,1313591;
1403,343;0,1430655;0,1263466;
1405,206;0,1380005;0,1212965;
1407,070;0,132847;0,1161577;
1408,934;0,1278665;0,1111917;
1410,797;0,1230164;0,1063561;
1412,661;0,1182483;0,1016024;
1414,525;0,1137544;0,09712288;
1416,388;0,1094985;0,09288111;
1418,252;0,1050137;0,08841047;
1420,116;0,1002147;0,08362552;
1421,979;0,09589601;0,07932076;
1423,843;0,09214131;0,0755799;
1425,707;0,08863218;0,07208452;
1427,570;0,08612815;0,06959416;
1429,434;0,08630199;0,06978157;
1431,298;0,08799094;0,071484;
1433,161;0,08628998;0,06979644;
1435,025;0,08138557;0,06490535;
1436,889;0,07615586;0,05968887;
1438,752;0,07185194;0,05539809;
1440,616;0,06824206;0,05180127;
1442,480;0,06462592;0,0481981;
1444,343;0,06060106;0,04418613;
1446,207;0,05610288;0,03970075;
1448,071;0,05080615;0,03441675;
1449,934;0,04545563;0,02907887;
1451,798;0,0408652;0,024501;
1453,662;0,03749556;0,02114384;
1455,525;0,03511014;0,01877082;
1457,389;0,03380171;0,01747471;
1459,253;0,03205444;0,01573968;
1461,116;0,03077235;0,01446977;
1462,980;0,02973242;0,01344192;
1464,844;0,0291071;0,01282861;
1466,707;0,02804439;0,01177784;
1468,571;0,02710536;0,01085067;
1470,435;0,02640772;0,01016481;
1472,298;0,02611641;0,00988521;
1474,162;0,02529357;0,009074007;
1476,026;0,02436397;0,008155967;
1477,889;0,02363308;0,007436568;
1479,753;0,02291364;0,006728548;
1481,617;0,02248628;0,006312534;
1483,480;0,02197814;0,005815668;
1485,344;0,02160826;0,005456991;
1487,208;0,02147261;0,00533248;
1489,071;0,0210902;0,004961129;
1490,935;0,02069791;0,004579839;
1492,799;0,0200104;0,003903258;
1494,662;0,0195775;0,003481221;
1496,526;0,01960556;0,003520064;
1498,390;0,01931033;0,003235558;
1500,253;0,01885216;0,002788051;
1502,117;0,01853591;0,002482395;
1503,981;0,01818936;0,002146366;
1505,844;0,01834917;0,002316643;
1507,708;0,01844515;0,00242302;
1509,572;0,01748588;0,001474088;
1511,435;0,01694469;0,0009431597;
1513,299;0,016789;0,0007976832;
1515,163;0,01653158;0,0005504057;
1517,026;0,01660243;0,0006313306;
1518,890;0,01598948;2,839977E-5;
1520,754;0,01575238;-0,0001987368;
1522,618;0,01586637;-7,485126E-5;
1524,481;0,01527683;-0,0006545542;
1526,345;0,01530656;-0,0006150427;
1528,209;0,01521968;-0,0006922023;
1530,072;0,01509556;-0,000806668;
1531,936;0,0149256;-0,0009670312;
1533,800;0,01526973;-0,0006133589;
1535,663;0,01514256;-0,0007310373;
1537,527;0,01483657;-0,001027606;
1539,391;0,01561092;-0,0002438804;
1541,254;0,01586054;1,505483E-5;
1543,118;0,01552005;-0,0003161845;
1544,982;0,01568797;-0,000139057;
1546,845;0,01586946;5,157558E-5;
1548,709;0,01591873;0,0001099349;
1550,573;0,01644295;0,0006431964;
1552,436;0,01632687;0,0005360985;
1554,300;0,01686841;0,001086568;
1556,164;0,01711417;0,001341195;
1558,027;0,0174925;0,001728355;
1559,891;0,01867871;0,002923331;
1561,755;0,01807455;0,002327891;
1563,618;0,01797158;0,002233583;
1565,482;0,01867539;0,002946011;
1567,346;0,01883268;0,003111861;
1569,209;0,01934357;0,00363127;
1571,073;0,01984951;0,004145663;
1572,937;0,01964939;0,003953955;
1574,800;0,01991079;0,004223723;
1576,664;0,02093652;0,005257765;
1578,528;0,02106785;0,005397354;
1580,391;0,02110069;0,005438411;
1582,255;0,02157536;0,005921254;
1584,119;0,02183261;0,006186617;
1585,982;0,02215135;0,006513427;
1587,846;0,02246022;0,006830322;
1589,710;0,02282118;0,007199266;
1591,573;0,02311524;0,007501256;
1593,437;0,02347022;0,007864112;
1595,301;0,02387348;0,00827522;
1597,164;0,02418449;0,00859402;
1599,028;0,02441434;0,008831618;
1600,892;0,02478747;0,009212449;
1602,755;0,02514378;0,009576411;
1604,619;0,02552136;0,009961604;
1606,483;0,02589356;0,01034138;
1608,346;0,02636754;0,01082288;
1610,210;0,02677818;0,01124101;
1612,074;0,02718741;0,01165767;
1613,937;0,02746964;0,0119473;
1615,801;0,02814517;0,01263018;
1617,665;0,02926795;0,01376027;
1619,528;0,02938344;0,01388303;
1621,392;0,02966249;0,01416931;
1623,256;0,03064516;0,01515916;
1625,119;0,03130669;0,01582784;
1626,983;0,03181836;0,01634662;
1628,847;0,03302847;0,01756379;
1630,710;0,03395765;0,01849999;
1632,574;0,03496403;0,01951335;
1634,438;0,03629901;0,02085528;
1636,301;0,03807979;0,02264296;
1638,165;0,0374038;0,02197383;
1640,029;0,03602854;0,0206054;
1641,892;0,03458114;0,01916479;
1643,756;0,03291053;0,01750093;
1645,620;0,03129993;0,01589704;
1647,483;0,02996469;0,01456847;
1649,347;0,02823024;0,01284066;
1651,211;0,02647057;0,01108758;
1653,074;0,0258117;0,01043527;
1654,938;0,02512817;0,009758268;
1656,802;0,0240357;0,008672281;
1658,665;0,02357686;0,008219888;
1660,529;0,02307982;0,007729271;
1662,393;0,02281863;0,007474452;
1664,256;0,02245708;0,007119244;
1666,120;0,02175946;0,006427936;
1667,984;0,02139643;0,006071178;
1669,847;0,0214173;0,00609829;
1671,711;0,0210518;0,005738986;
1673,575;0,020317;0,00501036;
1675,438;0,02017469;0,004874181;
1677,302;0,01977392;0,004479507;
1679,166;0,01920893;0,003920588;
1681,029;0,01899266;0,003710344;
1682,893;0,01823965;0,00296334;
1684,757;0,01838841;0,003118067;
1686,620;0,01746694;0,002202526;
1688,484;0,01691082;0,001652308;
1690,348;0,01667013;0,001417483;
1692,211;0,01616928;0,0009224694;
1694,075;0,01539615;0,000155143;
1695,939;0,01571353;0,0004782964;
1697,802;0,01533139;0,00010189;
1699,666;0,01470498;-0,0005188076;
1701,530;0,01498616;-0,0002319442;
1703,393;0,01419057;-0,001021897;
1705,257;0,0141915;-0,001015345;
1707,121;0,01406808;-0,001133177;
1708,984;0,01366656;-0,001529149;
1710,848;0,0134906;-0,001699583;
1712,712;0,01343665;-0,001748041;
1714,575;0,01353326;-0,001645959;
1716,439;0,01330938;-0,001864413;
1718,303;0,01325639;-0,001911993;
1720,166;0,01298984;-0,002173166;
1722,030;0,01263085;-0,002526805;
1723,894;0,01278743;-0,002364912;
1725,757;0,01278803;-0,002359023;
1727,621;0,01272974;-0,002412048;
1729,485;0,01281601;-0,002320546;
1731,348;0,01280466;-0,002326695;
1733,212;0,01254073;-0,002585447;
1735,076;0,01292123;-0,002199797;
1736,939;0,01226754;-0,00284836;
1738,803;0,01231086;-0,00279995;
1740,667;0,01270981;-0,002395928;
1742,530;0,01264981;-0,002450889;
1744,394;0,01262962;-0,002466072;
1746,258;0,01277106;-0,002319641;
1748,121;0,01313562;-0,001950122;
1749,985;0,01337712;-0,001703693;
1751,849;0,01374834;-0,001327559;
1753,712;0,01422017;-0,0008508513;
1755,576;0,01534451;0,0002783388;
1757,440;0,018177;0,003115666;
1759,303;0,02173465;0,00667812;
1761,167;0,02753375;0,012482;
1763,031;0,03020029;0,01515329;
1764,894;0,02306522;0,008022945;
1766,758;0,01533763;0,0003000621;
1768,622;0,01230563;-0,002727264;
1770,485;0,01142521;-0,003603022;
1772,349;0,01159728;-0,003426329;
1774,213;0,01137547;-0,003643532;
1776,076;0,01112825;-0,003886167;
1777,940;0,01118987;-0,003819994;
1779,804;0,01127789;-0,003727442;
1781,667;0,01127577;-0,003725048;
1783,531;0,01100515;-0,003991182;
1785,395;0,01108375;-0,003908114;
1787,258;0,0111163;-0,00387113;
1789,122;0,01105231;-0,003930698;
1790,986;0,01107749;-0,003901128;
1792,849;0,01124865;-0,003725593;
1794,713;0,01109644;-0,00387346;
1796,577;0,01102077;-0,003944808;
1798,441;0,01094986;-0,004011414;
1800,304;0,0109178;-0,004039191;
1802,168;0,01098979;-0,003962935;
1804,032;0,01096101;-0,003987482;
1805,895;0,01090184;-0,004042439;
1807,759;0,01080586;-0,004134225;
1809,623;0,01083108;-0,004104832;
1811,486;0,01092938;-0,004002385;
1813,350;0,0108707;-0,004056931;
1815,214;0,01062193;-0,00430159;
1817,077;0,01060674;-0,004312693;
1818,941;0,01082139;-0,004093976;
1820,805;0,01098947;-0,003921855;
1822,668;0,0110212;-0,003886096;
1824,532;0,01112326;-0,003780037;
1826,396;0,01124372;-0,003655596;
1828,259;0,01101862;-0,003876725;
1830,123;0,01112972;-0,003761685;
1831,987;0,01092493;-0,003962552;
1833,850;0,01074157;-0,004142013;
1835,714;0,01083531;-0,004044389;
1837,578;0,0109369;-0,003938931;
1839,441;0,0110142;-0,003857782;
1841,305;0,01100336;-0,003864798;
1843,169;0,01085513;-0,004009222;
1845,032;0,01102603;-0,003834534;
1846,896;0,01105153;-0,003805276;
1848,760;0,01104405;-0,003809006;
1850,623;0,01095127;-0,00389805;
1852,487;0,01088236;-0,003963251;
1854,351;0,01110417;-0,003737751;
1856,214;0,01122328;-0,003614965;
1858,078;0,01116572;-0,00366887;
1859,942;0,01101873;-0,003812223;
1861,805;0,011009;-0,003818337;
1863,669;0,01103205;-0,003791685;
1865,533;0,01118061;-0,003639545;
1867,396;0,01110921;-0,003707377;
1869,260;0,01115258;-0,003660464;
1871,124;0,01098694;-0,003822565;
1872,987;0,01092696;-0,003879032;
1874,851;0,01102024;-0,003782263;
1876,715;0,01112979;-0,003669231;
1878,578;0,01134874;-0,00344682;
1880,442;0,01129051;-0,003501614;
1882,306;0,01097634;-0,003812351;
1884,169;0,01081288;-0,003972404;
1886,033;0,01072341;-0,004058489;
1887,897;0,01080397;-0,003974548;
1889,760;0,010763;-0,00401216;
1891,624;0,01057111;-0,004200708;
1893,488;0,01048652;-0,004281971;
1895,351;0,01070293;-0,004062251;
1897,215;0,0106759;-0,004085984;
1899,079;0,01054331;-0,004215301;
1900,942;0,01060276;-0,004152592;
1902,806;0,01068507;-0,004067037;
1904,670;0,0106749;-0,004073974;
1906,533;0,01070178;-0,004043881;
1908,397;0,01041603;-0,004326432;
1910,261;0,01032903;-0,004410254;
1912,124;0,01035349;-0,004382622;
1913,988;0,01051349;-0,004219473;
1915,852;0,0102124;-0,00451743;
1917,715;0,01002021;-0,004706492;
1919,579;0,01023015;-0,004493454;
1921,443;0,01014032;-0,004580189;
1923,306;0,009847156;-0,004870277;
1925,170;0,009459305;-0,005255066;
1927,034;0,009522842;-0,005188483;
1928,897;0,009710101;-0,004998193;
1930,761;0,009525525;-0,005179751;
1932,625;0,009367184;-0,00533509;
1934,488;0,00916907;-0,005530216;
1936,352;0,00927017;-0,005426142;
1938,216;0,009040013;-0,00565334;
1940,079;0,009125078;-0,00556533;
1941,943;0,009392018;-0,005295459;
1943,807;0,008982747;-0,005701813;
1945,670;0,008099269;-0,006582388;
1947,534;0,007817567;-0,0068612;
1949,398;0,007879862;-0,00679603;
1951,261;0,007821053;-0,006851977;
1953,125;0,007411019;-0,007259163;
1954,989;0,007638371;-0,007028977;
1956,852;0,007521893;-0,007142634;
1958,716;0,006926933;-0,007734786;
1960,580;0,00630852;-0,008350405;
1962,443;0,005782764;-0,00887338;
1964,307;0,005594355;-0,009059021;
1966,171;0,005658197;-0,008992424;
1968,034;0,005412596;-0,009235284;
1969,898;0,005170128;-0,009475023;
1971,762;0,005008107;-0,009634327;
1973,625;0,004971929;-0,009667802;
1975,489;0,004495172;-0,01014187;
1977,353;0,004639511;-0,009994852;
1979,216;0,005393349;-0,009238349;
1981,080;0,006347167;-0,008281878;
1982,944;0,00626555;-0,008360856;
1984,807;0,006304615;-0,008319162;
1986,671;0,006665626;-0,007955536;
1988,535;0,007251417;-0,007367142;
1990,398;0,007172011;-0,007443957;
1992,262;0,006767121;-0,007846268;
1994,126;0,006445085;-0,008165737;
1995,989;0,006925589;-0,007682678;
1997,853;0,007373792;-0,007231932;
1999,717;0,00696751;-0,007635683;
2001,580;0,006082297;-0,008518376;
2003,444;0,005555781;-0,009042384;
2005,308;0,005093939;-0,00950173;
2007,171;0,004658622;-0,009934563;
2009,035;0,004290561;-0,01030015;
2010,899;0,004712702;-0,009875548;
2012,762;0,004763254;-0,009822546;
2014,626;0,004514912;-0,01006845;
2016,490;0,004850252;-0,009730681;
2018,353;0,005359361;-0,009219155;
2020,217;0,005011927;-0,009564184;
2022,081;0,004691931;-0,009881786;
2023,944;0,004366132;-0,0102052;
2025,808;0,004814381;-0,00975458;
2027,672;0,004866516;-0,009700084;
2029,535;0,005334452;-0,009229797;
2031,399;0,004892306;-0,009669603;
2033,263;0,004576817;-0,009982763;
2035,126;0,005398054;-0,009159208;
2036,990;0,005891672;-0,008663282;
2038,854;0,006013394;-0,008539263;
2040,717;0,006339393;-0,008210976;
2042,581;0,006560291;-0,007987802;
2044,445;0,006770161;-0,007775666;
2046,308;0,00736572;-0,007177852;
2048,172;0,008894938;-0,005646388;
2050,036;0,009898507;-0,004640584;
2051,899;0,009642464;-0,004894401;
2053,763;0,009660003;-0,004874647;
2055,627;0,009997081;-0,004535364;
2057,490;0,01034601;-0,004184244;
2059,354;0,01094847;-0,003579593;
2061,218;0,01118789;-0,003338002;
2063,081;0,01145621;-0,003067518;
2064,945;0,01204464;-0,002476931;
2066,809;0,01214668;-0,002372745;
2068,672;0,01174853;-0,002768751;
2070,536;0,01180028;-0,002714879;
2072,400;0,01146108;-0,003051962;
2074,264;0,01156658;-0,002944352;
2076,127;0,01185068;-0,002658158;
2077,991;0,01197158;-0,002535163;
2079,855;0,01202248;-0,002482186;
2081,718;0,0123155;-0,002187092;
2083,582;0,01252754;-0,001972995;
2085,446;0,01244751;-0,002050975;
2087,309;0,01216021;-0,002336231;
2089,173;0,01218739;-0,002307018;
2091,037;0,01205902;-0,002433365;
2092,900;0,01224923;-0,002241142;
2094,764;0,01242801;-0,002060355;
2096,628;0,01235424;-0,002132121;
2098,491;0,01254534;-0,001939032;
2100,355;0,01250082;-0,001981572;
2102,219;0,01214609;-0,002334332;
2104,082;0,01213568;-0,002342777;
2105,946;0,01238523;-0,002091272;
2107,810;0,01232973;-0,002144834;
2109,673;0,01213747;-0,002335157;
2111,537;0,01235187;-0,002118832;
2113,401;0,01228857;-0,002180207;
2115,264;0,01210011;-0,002366759;
2117,128;0,01184768;-0,002617286;
2118,992;0,01185954;-0,002603533;
2120,855;0,01159841;-0,002862773;
2122,719;0,01127954;-0,003179768;
2124,583;0,01100526;-0,003452178;
2126,446;0,01075254;-0,003703032;
2128,310;0,01065889;-0,003794834;
2130,174;0,01027858;-0,004173297;
2132,037;0,009192008;-0,00525803;
2133,901;0,008365775;-0,006082434;
2135,765;0,008440875;-0,006005513;
2137,628;0,008881884;-0,00556269;
2139,492;0,008789663;-0,005653106;
2141,356;0,008478123;-0,005962849;
2143,219;0,007420814;-0,007018368;
2145,083;0,006726713;-0,007710688;
2146,947;0,006261866;-0,00817376;
2148,810;0,005481005;-0,008952854;
2150,674;0,00447107;-0,009961031;
2152,538;0,003858872;-0,01057148;
2154,401;0,003345196;-0,01108341;
2156,265;0,002787447;-0,01163942;
2158,129;0,001667389;-0,01275775;
2159,992;0,002072301;-0,01235112;
2161,856;0,003210749;-0,01121096;
2163,720;0,003699684;-0,01072032;
2165,583;0,00385947;-0,01055883;
2167,447;0,004595384;-0,009821225;
2169,311;0,004708944;-0,00970598;
2171,174;0,004670977;-0,009742269;
2173,038;0,004627904;-0,009783673;
2174,902;0,005302325;-0,009107589;
2176,765;0,005965505;-0,008442753;
2178,629;0,005619087;-0,008787522;
2180,493;0,005051144;-0,009353823;
2182,356;0,005707987;-0,008695346;
2184,220;0,005611262;-0,008790442;
2186,084;0,006005577;-0,008394507;
2187,947;0,006635454;-0,007763016;
2189,811;0,007116663;-0,0072802;
2191,675;0,007611025;-0,006784237;
2193,538;0,007504305;-0,006889363;
2195,402;0,006954806;-0,007437275;
2197,266;0,00735295;-0,007037552;
2199,129;0,007771098;-0,00661783;
2200,993;0,007840625;-0,006546736;
2202,857;0,00778535;-0,006600451;
2204,720;0,007798604;-0,006585644;
2206,584;0,008195646;-0,006187055;
2208,448;0,008550283;-0,005830878;
2210,311;0,00873421;-0,005645416;
2212,175;0,009343914;-0,005034185;
2214,039;0,009262768;-0,00511381;
2215,902;0,009222521;-0,005152542;
2217,766;0,009445251;-0,004928304;
2219,630;0,009375338;-0,004996715;
2221,493;0,009315226;-0,005055331;
2223,357;0,01010312;-0,004265949;
2225,221;0,01042469;-0,003942895;
2227,084;0,01042666;-0,003939447;
2228,948;0,01031338;-0,00405126;
2230,812;0,01063584;-0,003727334;
2232,675;0,01068792;-0,003673797;
2234,539;0,01121576;-0,003144505;
2236,403;0,01154043;-0,002818382;
2238,266;0,01106895;-0,003288425;
2240,130;0,01127867;-0,003077271;
2241,994;0,01202221;-0,002332296;
2243,857;0,0122326;-0,002120488;
2245,721;0,01201889;-0,002332779;
2247,585;0,01206884;-0,002281417;
2249,448;0,01229665;-0,002052206;
2251,312;0,01253632;-0,001811138;
2253,176;0,0129659;-0,001380167;
2255,039;0,0130625;-0,001282174;
2256,903;0,01311442;-0,001228869;
2258,767;0,013013;-0,001328916;
2260,630;0,01334231;-0,0009982314;
2262,494;0,01361974;-0,0007194387;
2264,358;0,01374834;-0,0005894813;
2266,221;0,01401058;-0,0003258928;
2268,085;0,01439291;5,779273E-5;
2269,949;0,01484658;0,0005128073;
2271,812;0,01484136;0,00050892;
2273,676;0,01500058;0,0006694681;
2275,540;0,01518253;0,000852752;
2277,403;0,01531915;0,0009906885;
2279,267;0,01569294;0,001365791;
2281,131;0,01585197;0,001526137;
2282,994;0,01607125;0,001746718;
2284,858;0,01632782;0,002004593;
2286,722;0,01643353;0,002111594;
2288,585;0,01662218;0,002301536;
2290,449;0,01671041;0,002391046;
2292,313;0,01659466;0,00227657;
2294,176;0,01682512;0,002508309;
2296,040;0,01687135;0,002555808;
2297,904;0,01674065;0,002426364;
2299,767;0,01678261;0,002469589;
2301,631;0,01689891;0,002587138;
2303,495;0,01684363;0,002533111;
2305,358;0,01689211;0,002582826;
2307,222;0,01696116;0,002653114;
2309,086;0,01714887;0,002842057;
2310,949;0,01719603;0,002890444;
2312,813;0,01695061;0,002646253;
2314,677;0,0170157;0,002712556;
2316,540;0,01724572;0,00294379;
2318,404;0,01743748;0,003136755;
2320,268;0,0177158;0,003416281;
2322,131;0,01790808;0,003609759;
2323,995;0,01786992;0,003572797;
2325,859;0,0173451;0,003049161;
2327,722;0,01683491;0,002540161;
2329,586;0,0166778;0,002384222;
2331,450;0,01663947;0,002347075;
2333,313;0,01654396;0,002252728;
2335,177;0,01652259;0,002232527;
2337,041;0,01654936;0,002260455;
2338,904;0,01665506;0,002367311;
2340,768;0,0167104;0,002423808;
2342,632;0,01667326;0,002387815;
2344,495;0,01669007;0,002405759;
2346,359;0,01681632;0,002533153;
2348,223;0,01692658;0,002644541;
2350,087;0,01688756;0,002606658;
2351,950;0,01692552;0,002645732;
2353,814;0,01679899;0,002520324;
2355,678;0,01632651;0,002048964;
2357,541;0,01616821;0,001891775;
2359,405;0,0160364;0,00176107;
2361,269;0,01612855;0,001854327;
2363,132;0,01637549;0,002102357;
2364,996;0,0164319;0,002159867;
2366,860;0,01663967;0,002368718;
2368,723;0,01708209;0,002812226;
2370,587;0,01745572;0,003186944;
2372,451;0,01781752;0,003549821;
2374,314;0,01836165;0,004095016;
2376,178;0,01901663;0,00475107;
2378,042;0,01965688;0,005392384;
2379,905;0,02040152;0,006138076;
2381,769;0,02130725;0,00704487;
2383,633;0,02232178;0,008060447;
2385,496;0,02340636;0,009146077;
2387,360;0,02447574;0,0102165;
2389,224;0,0254861;0,0112279;
2391,087;0,02632665;0,01206948;
2392,951;0,02697336;0,01271723;
2394,815;0,02733195;0,01307684;
2396,678;0,02681048;0,0125564;
2398,542;0,02544767;0,01119461;
2400,406;0,02403722;0,009785172;
2402,269;0,0227119;0,008460864;
2404,133;0,02146912;0,007219089;
2405,997;0,02072363;0,006474604;
2407,860;0,02028823;0,0060402;
2409,724;0,019903;0,005655971;
2411,588;0,01962724;0,005381198;
2413,451;0,01960081;0,005355755;
2415,315;0,01957382;0,00532975;
2417,179;0,0195987;0,005355613;
2419,042;0,01951268;0,005270573;
2420,906;0,01943823;0,005197091;
2422,770;0,01956576;0,005325595;
2424,633;0,01966064;0,005421436;
2426,497;0,01945388;0,005215634;
2428,361;0,01898779;0,004750502;
2430,224;0,01852899;0,004292655;
2432,088;0,01824446;0,004009081;
2433,952;0,01794904;0,003714604;
2435,815;0,01785292;0,003619433;
2437,679;0,01781776;0,003585207;
2439,543;0,01767416;0,003442546;
2441,406;0,01773628;0,003505597;
2443,270;0,01770062;0,003470874;
2445,134;0,01747573;0,003246909;
2446,997;0,01747322;0,003245319;
2448,861;0,01739104;0,003164056;
2450,725;0,01729182;0,003065754;
2452,588;0,01729896;0,003073804;
2454,452;0,01737159;0,003147342;
2456,316;0,01741098;0,003187632;
2458,179;0,0173173;0,00309486;
2460,043;0,01720148;0,002979935;
2461,907;0,01705579;0,002835141;
2463,770;0,01702549;0,002805728;
2465,634;0,01741375;0,003194879;
2467,498;0,01757577;0,003357782;
2469,361;0,01745351;0,003236409;
2471,225;0,01746848;0,003252258;
2473,089;0,01748012;0,003264768;
2474,952;0,01752522;0,00331074;
2476,816;0,01765756;0,00344395;
2478,680;0,01747143;0,003258679;
2480,543;0,01732621;0,003114322;
2482,407;0,01716335;0,00295232;
2484,271;0,01706405;0,002853876;
2486,134;0,01728052;0,003071194;
2487,998;0,0174123;0,003203832;
2489,862;0,01722417;0,003016541;
2491,725;0,01693364;0,00272686;
2493,589;0,01685605;0,002650106;
2495,453;0,01683072;0,002625615;
2497,316;0,01670715;0,002502874;
2499,180;0,01644095;0,002237507;
2501,044;0,01622106;0,002018444;
2502,907;0,01624318;0,00204138;
2504,771;0,01637321;0,002172235;
2506,635;0,01631594;0,002115777;
2508,498;0,01627339;0,002074047;
2510,362;0,01622714;0,00202861;
2512,226;0,01605733;0,00185961;
2514,089;0,01605992;0,001863;
2515,953;0,01626106;0,002064946;
2517,817;0,01617015;0,001974835;
2519,680;0,0160158;0,001821284;
2521,544;0,01621297;0,002019241;
2523,408;0,01635829;0,002165355;
2525,271;0,0163521;0,002159955;
2527,135;0,01635561;0,002164252;
2528,999;0,01636512;0,002174539;
2530,862;0,0163165;0,002126697;
2532,726;0,01627272;0,00208369;
2534,590;0,01628882;0,002100564;
2536,453;0,01629666;0,002109174;
2538,317;0,01625309;0,002066374;
2540,181;0,01624681;0,002060864;
2542,044;0,01634895;0,002163768;
2543,908;0,01656005;0,002375619;
2545,772;0,01652808;0,002344406;
2547,635;0,01642351;0,002240589;
2549,499;0,01642203;0,002239866;
2551,363;0,01655888;0,002377464;
2553,226;0,01657283;0,002392163;
2555,090;0,01660109;0,00242116;
2556,954;0,01668477;0,00250558;
2558,817;0,01664399;0,002465539;
2560,681;0,01672561;0,002547895;
2562,545;0,01681197;0,002634991;
2564,408;0,01663886;0,002462601;
2566,272;0,01662133;0,002445803;
2568,136;0,01676827;0,002593464;
2569,999;0,01691702;0,002742939;
2571,863;0,01699813;0,00282477;
2573,727;0,01704208;0,002869437;
2575,590;0,01724447;0,003072537;
2577,454;0,01744263;0,003271404;
2579,318;0,01726309;0,003092579;
2581,181;0,01717118;0,003001374;
2583,045;0,01734553;0,003176424;
2584,909;0,01747326;0,00330486;
2586,772;0,01756285;0,003395149;
2588,636;0,01756819;0,003401184;
2590,500;0,01758233;0,003416018;
2592,363;0,01765696;0,003491333;
2594,227;0,01754043;0,003375499;
2596,091;0,0175862;0,003421951;
2597,954;0,01774491;0,003581345;
2599,818;0,01785868;0,003695793;
2601,682;0,01786439;0,003702183;
2603,545;0,0178661;0,003704571;
2605,409;0,01799519;0,003834335;
2607,273;0,01802887;0,003868687;
2609,136;0,01811025;0,003950737;
2611,000;0,01829343;0,004134579;
2612,864;0,01840906;0,004250872;
2614,727;0,01841511;0,004257587;
2616,591;0,01836523;0,004208366;
2618,455;0,01839777;0,004241569;
2620,318;0,01852119;0,004365637;
2622,182;0,01867655;0,004521649;
2624,046;0,01874785;0,004593601;
2625,910;0,01886873;0,004715126;
2627,773;0,01891835;0,004765393;
2629,637;0,01889069;0,004738383;
2631,501;0,01885252;0,004700849;
2633,364;0,01899872;0,004847687;
2635,228;0,01918713;0,00503674;
2637,092;0,01924815;0,00509839;
2638,955;0,01929331;0,005144178;
2640,819;0,019432;0,005283502;
2642,683;0,01949102;0,00534315;
2644,546;0,01943348;0,005286235;
2646,410;0,01945053;0,005303913;
2648,274;0,01961296;0,005466963;
2650,137;0,01969364;0,005548259;
2652,001;0,01967397;0,005529202;
2653,865;0,0196774;0,005533252;
2655,728;0,01965591;0,005512369;
2657,592;0,019636;0,005493077;
2659,456;0,0196205;0,00547818;
2661,319;0,01962076;0,00547905;
2663,183;0,01959575;0,005454639;
2665,047;0,01961885;0,005478337;
2666,910;0,01961786;0,005477952;
2668,774;0,01952084;0,005381524;
2670,638;0,01939633;0,005257611;
2672,501;0,0193167;0,00517858;
2674,365;0,01932479;0,005187258;
2676,229;0,0193957;0,005258757;
2678,092;0,01948001;0,005343657;
2679,956;0,01967138;0,005535612;
2681,820;0,01999185;0,005856667;
2683,683;0,02020697;0,006072367;
2685,547;0,02017936;0,006045333;
2687,411;0,0201235;0,005990054;
2689,274;0,02006981;0,005936939;
2691,138;0,02008525;0,005952952;
2693,002;0,02010983;0,005978106;
2694,865;0,02017983;0,006048665;
2696,729;0,0202471;0,006116505;
2698,593;0,02029824;0,006168213;
2700,456;0,02035419;0,006224727;
2702,320;0,02036114;0,006232236;
2704,184;0,02044326;0,006314915;
2706,047;0,02068553;0,006557744;
2707,911;0,02078794;0,006660708;
2709,775;0,02089273;0,006766058;
2711,638;0,02100174;0,006875616;
2713,502;0,02111003;0,006984458;
2715,366;0,02128471;0,007159687;
2717,229;0,02138456;0,007260083;
2719,093;0,02132776;0,007203822;
2720,957;0,02144268;0,007319284;
2722,820;0,02172502;0,007602165;
2724,684;0,02205022;0,007927906;
2726,548;0,02250586;0,008384079;
2728,411;0,02301093;0,008889691;
2730,275;0,02309711;0,008976399;
2732,139;0,0231038;0,00898362;
2734,002;0,02309904;0,008979395;
2735,866;0,02298545;0,008866327;
2737,730;0,02287852;0,008759928;
2739,593;0,02277336;0,008655288;
2741,457;0,02263257;0,008515024;
2743,321;0,0224201;0,008303072;
2745,184;0,02215742;0,008040911;
2747,048;0,02201134;0,007895349;
2748,912;0,02216009;0,008044611;
2750,775;0,02225837;0,008143405;
2752,639;0,02222673;0,008112274;
2754,503;0,02212456;0,008010616;
2756,366;0,02198256;0,007869128;
2758,230;0,02194894;0,007836009;
2760,094;0,02196757;0,007855144;
2761,957;0,02198712;0,007875202;
2763,821;0,02207304;0,007961627;
2765,685;0,02226459;0,008153676;
2767,548;0,02228373;0,008173307;
2769,412;0,02226018;0,008150253;
2771,276;0,0221822;0,008072771;
2773,139;0,02214838;0,008039449;
2775,003;0,02225629;0,00814785;
2776,867;0,02252277;0,008414814;
2778,730;0,02257126;0,008463797;
2780,594;0,02243509;0,008328115;
2782,458;0,02237215;0,008265658;
2784,321;0,02224423;0,008138224;
2786,185;0,02199162;0,007886094;
2788,049;0,02180069;0,007695647;
2789,912;0,02176762;0,007663054;
2791,776;0,02184734;0,007743247;
2793,640;0,02166307;0,007559454;
2795,503;0,02144361;0,007340471;
2797,367;0,02141305;0,007310382;
2799,231;0,02154399;0,007441785;
2801,094;0,02168876;0,007587031;
2802,958;0,02161866;0,007517394;
2804,822;0,02141899;0,007318197;
2806,685;0,02124458;0,007144249;
2808,549;0,02108615;0,006986281;
2810,413;0,02114646;0,007047052;
2812,276;0,02129383;0,007194879;
2814,140;0,02126533;0,007166842;
2816,004;0,02114206;0,007044024;
2817,867;0,02114063;0,007043047;
2819,731;0,02115542;0,007058298;
2821,595;0,02117202;0,007075351;
2823,458;0,02115449;0,007058265;
2825,322;0,02116414;0,007068365;
2827,186;0,02111139;0,007016064;
2829,049;0,02106322;0,006968341;
2830,913;0,02111748;0,007023051;
2832,777;0,02111288;0,007018886;
2834,640;0,02096345;0,0068699;
2836,504;0,0208692;0,00677609;
2838,368;0,02099337;0,006900704;
2840,231;0,02132451;0,00723228;
2842,095;0,02150518;0,007413381;
2843,959;0,0214204;0,007329039;
2845,822;0,02132424;0,007233311;
2847,686;0,02130899;0,007218493;
2849,550;0,0213601;0,007270038;
2851,413;0,02151449;0,007424858;
2853,277;0,02155985;0,007470648;
2855,141;0,02147398;0,007385204;
2857,004;0,02154136;0,007453002;
2858,868;0,02163367;0,00754574;
2860,732;0,02165017;0,007562662;
2862,595;0,02176413;0,007677039;
2864,459;0,02178964;0,007702968;
2866,323;0,0217642;0,007677952;
2868,186;0,02177815;0,007692311;
2870,050;0,02171738;0,007631961;
2871,914;0,02157068;0,00748567;
2873,777;0,02168912;0,007604525;
2875,641;0,02190783;0,007823651;
2877,505;0,0219797;0,007895925;
2879,368;0,02201157;0,007928203;
2881,232;0,02206476;0,007981803;
2883,096;0,02206201;0,007979456;
2884,959;0,02206237;0,007980228;
2886,823;0,02204497;0,007963228;
2888,687;0,02202066;0,007939324;
2890,550;0,02213079;0,008049847;
2892,414;0,02214979;0,00806925;
2894,278;0,02204919;0,007969045;
2896,141;0,0219888;0,007909054;
2898,005;0,02214236;0,008063016;
2899,869;0,02227879;0,008199841;
2901,733;0,02226652;0,008187963;
2903,596;0,022303;0,008224827;
2905,460;0,02226462;0,008186846;
2907,324;0,02229074;0,008213348;
2909,187;0,02224957;0,008172568;
2911,051;0,022274;0,008197383;
2912,915;0,02233435;0,00825812;
2914,778;0,02234278;0,008266932;
2916,642;0,02242897;0,008353508;
2918,506;0,02258145;0,008506374;
2920,369;0,02265787;0,008583172;
2922,233;0,02283664;0,008762324;
2924,097;0,02289411;0,008820171;
2925,960;0,02285257;0,008779012;
2927,824;0,02286428;0,008791092;
2929,688;0,02300995;0,00893714;
2931,551;0,02315951;0,009087074;
2933,415;0,02320889;0,009136824;
2935,279;0,02331538;0,009243686;
2937,142;0,0233556;0,00928428;
2939,006;0,02316477;0,009093817;
2940,870;0,02320332;0,00913273;
2942,733;0,02333212;0,009261896;
2944,597;0,02349701;0,009427153;
2946,461;0,02348348;0,009413985;
2948,324;0,02342754;0,009358408;
2950,188;0,02356367;0,009494904;
2952,052;0,02364815;0,009579748;
2953,915;0,02364713;0,009579081;
2955,779;0,02368935;0,009621658;
2957,643;0,0237601;0,009692766;
2959,506;0,02395848;0,009891507;
2961,370;0,02396041;0,009893795;
2963,234;0,02397143;0,009905164;
2965,097;0,02408718;0,01002127;
2966,961;0,02419584;0,01013028;
2968,825;0,02422772;0,01016251;
2970,688;0,02419717;0,01013231;
2972,552;0,02425262;0,01018811;
2974,416;0,02444458;0,01038041;
2976,279;0,02443699;0,01037318;
2978,143;0,02438167;0,01031819;
2980,007;0,02452315;0,01046003;
2981,870;0,02454973;0,01048695;
2983,734;0,02453444;0,010472;
2985,598;0,02465526;0,01059316;
2987,461;0,02478148;0,01071972;
2989,325;0,02482777;0,01076635;
2991,189;0,02475527;0,01069418;
2993,052;0,02487217;0,01081142;
2994,916;0,02511201;0,0110516;
2996,780;0,02525335;0,01119327;
2998,643;0,02519468;0,01113493;
3000,507;0,02521565;0,01115623;
3002,371;0,0252082;0,01114912;
3004,234;0,02531673;0,01125798;
3006,098;0,02551748;0,01145906;
3007,962;0,02566308;0,01160499;
3009,825;0,0257369;0,01167913;
3011,689;0,02575965;0,01170221;
3013,553;0,02581103;0,01175391;
3015,416;0,02603059;0,0119738;
3017,280;0,02612385;0,01206739;
3019,144;0,02607116;0,01201502;
3021,007;0,02606869;0,01201287;
3022,871;0,02613702;0,01208152;
3024,735;0,02628621;0,01223103;
3026,598;0,02646094;0,01240607;
3028,462;0,02653139;0,01247685;
3030,326;0,02653742;0,01248319;
3032,189;0,02657365;0,01251974;
3034,053;0,0267661;0,0127125;
3035,917;0,02702831;0,01297503;
3037,780;0,02712531;0,01307233;
3039,644;0,02694991;0,01289725;
3041,508;0,026999;0,01294665;
3043,371;0,02713702;0,01308498;
3045,235;0,02726528;0,01321354;
3047,099;0,02736358;0,01331215;
3048,962;0,02747283;0,01342171;
3050,826;0,02755971;0,0135089;
3052,690;0,02765921;0,0136087;
3054,553;0,02776005;0,01370984;
3056,417;0,02788347;0,01383358;
3058,281;0,02804136;0,01399177;
3060,144;0,02841664;0,01436734;
3062,008;0,02850555;0,01445656;
3063,872;0,0286072;0,0145585;
3065,735;0,02871553;0,01466714;
3067,599;0,02873101;0,01468291;
3069,463;0,02872402;0,01467621;
3071,326;0,02881941;0,0147719;
3073,190;0,02904185;0,01499464;
3075,054;0,02924753;0,01520061;
3076,917;0,02916786;0,01512124;
3078,781;0,02927797;0,01523164;
3080,645;0,02940584;0,0153598;
3082,508;0,02951497;0,01546922;
3084,372;0,02977174;0,01572628;
3086,236;0,02992276;0,01587759;
3088,099;0,03001394;0,01596905;
3089,963;0,03010501;0,01606041;
3091,827;0,030282;0,01623769;
3093,690;0,03049784;0,01645382;
3095,554;0,03050802;0,01646428;
3097,418;0,03066173;0,01661828;
3099,281;0,03091316;0,01686999;
3101,145;0,03110649;0,0170636;
3103,009;0,03121823;0,01717562;
3104,872;0,03134953;0,0173072;
3106,736;0,03143878;0,01739673;
3108,600;0,03157627;0,01753449;
3110,463;0,03181626;0,01777476;
3112,327;0,03207002;0,0180288;
3114,191;0,03202777;0,01798683;
3116,054;0,03205559;0,01801492;
3117,918;0,03209287;0,01805248;
3119,782;0,03222806;0,01818794;
3121,645;0,03260873;0,01856888;
3123,509;0,03287199;0,01883242;
3125,373;0,03301618;0,01897688;
3127,236;0,03328224;0,01924321;
3129,100;0,03331898;0,01928022;
3130,964;0,0332881;0,0192496;
3132,827;0,03351206;0,01947383;
3134,691;0,03387841;0,01984045;
3136,555;0,03400638;0,01996869;
3138,418;0,03409726;0,02005984;
3140,282;0,03426756;0,0202304;
3142,146;0,03455563;0,02051874;
3144,009;0,0345708;0,02053416;
3145,873;0,03485302;0,02081665;
3147,737;0,03517539;0,02113928;
3149,600;0,03532273;0,02128688;
3151,464;0,03547886;0,02144327;
3153,328;0,03573802;0,02170269;
3155,191;0,03586604;0,02183097;
3157,055;0,03628235;0,02224754;
3158,919;0,03647733;0,02244277;
3160,782;0,03650712;0,02247282;
3162,646;0,03678954;0,0227555;
3164,510;0,03714251;0,02310872;
3166,373;0,0372224;0,02318887;
3168,237;0,03748407;0,02345079;
3170,101;0,0377983;0,02376527;
3171,964;0,03801104;0,02397826;
3173,828;0,0381362;0,02410367;
3175,692;0,03845533;0,02442306;
3177,556;0,03864398;0,02461196;
3179,419;0,03871288;0,02468111;
3181,283;0,03870823;0,0246767;
3183,147;0,03898937;0,02495809;
3185,010;0,03928022;0,02524919;
3186,874;0,0395031;0,02547232;
3188,738;0,03969189;0,02566135;
3190,601;0,04014929;0,02611899;
3192,465;0,04051734;0,02648728;
3194,329;0,04074819;0,02671838;
3196,192;0,04090601;0,02687644;
3198,056;0,04121531;0,02718599;
3199,920;0,04158053;0,02755144;
3201,783;0,0417288;0,02769995;
3203,647;0,04185561;0,027827;
3205,511;0,04220234;0,02817397;
3207,374;0,04236248;0,02833435;
3209,238;0,04266152;0,02863363;
3211,102;0,04300786;0,0289802;
3212,965;0,04333761;0,0293102;
3214,829;0,04353974;0,02951256;
3216,693;0,04373391;0,02970697;
3218,556;0,04397434;0,02994763;
3220,420;0,04429971;0,03027323;
3222,284;0,04478219;0,03075595;
3224,147;0,04519803;0,03117202;
3226,011;0,04537516;0,03134938;
3227,875;0,04561985;0,0315943;
3229,738;0,04566471;0,03163939;
3231,602;0,04594788;0,03192279;
3233,466;0,04630372;0,03227886;
3235,329;0,04670779;0,03268315;
3237,193;0,04689103;0,03286663;
3239,057;0,04702054;0,03299636;
3240,920;0,04727379;0,03324984;
3242,784;0,04759289;0,03356916;
3244,648;0,04772746;0,03370396;
3246,511;0,04787659;0,03385331;
3248,375;0,04787181;0,03384875;
3250,239;0,04771221;0,03368937;
3252,102;0,0475489;0,03352629;
3253,966;0,04791375;0,03389136;
3255,830;0,04811732;0,03409515;
3257,693;0,04813452;0,03411258;
3259,557;0,0481618;0,03414007;
3261,421;0,04818627;0,03416476;
3263,284;0,04820241;0,03418112;
3265,148;0,04849124;0,03447017;
3267,012;0,04871004;0,03468919;
3268,875;0,0487135;0,03469286;
3270,739;0,04868873;0,03466831;
3272,603;0,04900486;0,03498465;
3274,466;0,04934077;0,03532077;
3276,330;0,04968088;0,0356611;
3278,194;0,04984751;0,03582794;
3280,057;0,0500655;0,03604615;
3281,921;0,05026759;0,03624845;
3283,785;0,05043031;0,03641138;
3285,648;0,05059583;0,03657711;
3287,512;0,05105693;0,03703842;
3289,376;0,05130866;0,03729036;
3291,239;0,05137853;0,03736044;
3293,103;0,05152899;0,03751112;
3294,967;0,05197057;0,0379529;
3296,830;0,05212004;0,03810258;
3298,694;0,0521635;0,03814625;
3300,558;0,0521764;0,03815935;
3302,421;0,05235467;0,03833783;
3304,285;0,05254201;0,03852538;
3306,149;0,05291691;0,03890048;
3308,012;0,05309632;0,03908009;
3309,876;0,05310295;0,03908693;
3311,740;0,05293321;0,03891739;
3313,603;0,05322214;0,03920652;
3315,467;0,05330955;0,03929413;
3317,331;0,0534087;0,03939348;
3319,194;0,05352458;0,03950956;
3321,058;0,05364761;0,0396328;
3322,922;0,05351255;0,03949793;
3324,785;0,05356076;0,03954634;
3326,649;0,05377052;0,0397563;
3328,513;0,05390284;0,03988882;
3330,376;0,05377695;0,03976313;
3332,240;0,05387265;0,03985902;
3334,104;0,05403733;0,0400239;
3335,967;0,05425832;0,04024509;
3337,831;0,05422405;0,04021101;
3339,695;0,05417187;0,04015903;
3341,558;0,05423301;0,04022036;
3343,422;0,05426874;0,04025628;
3345,286;0,05425483;0,04024257;
3347,149;0,05445017;0,0404381;
3349,013;0,05464642;0,04063454;
3350,877;0,0548948;0,04088312;
3352,740;0,055021;0,0410095;
3354,604;0,05503557;0,04102426;
3356,468;0,05492254;0,04091142;
3358,331;0,05494553;0,0409346;
3360,195;0,05512043;0,04110969;
3362,059;0,05550653;0,04149598;
3363,922;0,05548206;0,04147169;
3365,786;0,05548556;0,04147539;
3367,650;0,05569487;0,04168488;
3369,513;0,05592272;0,04191292;
3371,377;0,05570787;0,04169825;
3373,241;0,05576308;0,04175365;
3375,104;0,05591217;0,04190292;
3376,968;0,05596352;0,04195445;
3378,832;0,05582591;0,04181703;
3380,695;0,05581667;0,04180797;
3382,559;0,05583349;0,04182498;
3384,423;0,05574783;0,0417395;
3386,286;0,05529238;0,04128423;
3388,150;0,05496681;0,04095884;
3390,014;0,05510974;0,04110195;
3391,877;0,05525298;0,04124537;
3393,741;0,05472662;0,04071919;
3395,605;0,05427251;0,04026526;
3397,468;0,05395624;0,03994917;
3399,332;0,05373673;0,03972984;
3401,196;0,05334399;0,03933727;
3403,059;0,05303703;0,03903049;
3404,923;0,05251068;0,03850432;
3406,787;0,05209651;0,03809033;
3408,650;0,05169543;0,03768942;
3410,514;0,05146615;0,03746032;
3412,378;0,05088458;0,03687892;
3414,241;0,05035929;0,03635381;
3416,105;0,04986955;0,03586424;
3417,969;0,04953709;0,03553195;
3419,832;0,04899194;0,03498698;
3421,696;0,04853624;0,03453145;
3423,560;0,04801186;0,03400724;
3425,423;0,04773195;0,0337275;
3427,287;0,04738069;0,03337641;
3429,151;0,04674383;0,03273973;
3431,014;0,04616397;0,03216003;
3432,878;0,04578148;0,03177771;
3434,742;0,04524539;0,03124179;
3436,605;0,04492572;0,03092229;
3438,469;0,04449942;0,03049615;
3440,333;0,04383613;0,02983304;
3442,196;0,04333587;0,02933294;
3444,060;0,04328686;0,0292841;
3445,924;0,04308622;0,02908363;
3447,787;0,0426754;0,02867298;
3449,651;0,04195395;0,02795168;
3451,515;0,04138151;0,02737941;
3453,379;0,0407483;0,02674637;
3455,242;0,04058617;0,0265844;
3457,106;0,04059184;0,02659024;
3458,970;0,04026092;0,02625948;
3460,833;0,0398117;0,02581043;
3462,697;0,03950728;0,02550617;
3464,561;0,03913948;0,02513852;
3466,424;0,03893673;0,02493593;
3468,288;0,03842421;0,02442358;
3470,152;0,0380277;0,02402723;
3472,015;0,03780119;0,02380088;
3473,879;0,03754161;0,02354146;
3475,743;0,03712511;0,02312512;
3477,606;0,03689409;0,02289426;
3479,470;0,03660973;0,02261006;
3481,334;0,03644716;0,02244764;
3483,197;0,03623516;0,0222358;
3485,061;0,03617414;0,02217494;
3486,925;0,03584044;0,0218414;
3488,788;0,03560299;0,02160411;
3490,652;0,03514136;0,02114263;
3492,516;0,03487584;0,02087727;
3494,379;0,0346143;0,02061588;
3496,243;0,0344081;0,02040983;
3498,107;0,03407478;0,02007667;
3499,970;0,03369462;0,01969667;
3501,834;0,03348171;0,0194839;
3503,698;0,03336313;0,01936548;
3505,561;0,03300065;0,01900316;
3507,425;0,03294897;0,01895163;
3509,289;0,03272749;0,01873029;
3511,152;0,03255365;0,01855661;
3513,016;0,0322331;0,01823621;
3514,880;0,03210985;0,01811311;
3516,743;0,03200634;0,01800975;
3518,607;0,03203744;0,018041;
3520,471;0,03204202;0,01804573;
3522,334;0,03179385;0,01779771;
3524,198;0,03153356;0,01753757;
3526,062;0,03154135;0,01754551;
3527,925;0,03118171;0,01718601;
3529,789;0,03092754;0,01693199;
3531,653;0,03070048;0,01670508;
3533,516;0,03041908;0,01642382;
3535,380;0,03017573;0,01618062;
3537,244;0,0300438;0,01604884;
3539,107;0,02951459;0,01551977;
3540,971;0,02912599;0,01513131;
3542,835;0,0292752;0,01528068;
3544,698;0,02931003;0,01531565;
3546,562;0,02897212;0,01497788;
3548,426;0,02892044;0,01492634;
3550,289;0,02867188;0,01467793;
3552,153;0,02857944;0,01458564;
3554,017;0,02821807;0,01422441;
3555,880;0,02785385;0,01386033;
3557,744;0,02751981;0,01352643;
3559,608;0,02736783;0,0133746;
3561,471;0,02730428;0,01331118;
3563,335;0,02748586;0,0134929;
3565,199;0,02735075;0,01335793;
3567,062;0,02724863;0,01325596;
3568,926;0,02650946;0,01251692;
3570,790;0,0258649;0,0118725;
3572,653;0,0258342;0,01184194;
3574,517;0,02589337;0,01190125;
3576,381;0,0254591;0,01146712;
3578,244;0,02532493;0,01133309;
3580,108;0,02523083;0,01123913;
3581,972;0,02516103;0,01116946;
3583,835;0,02502337;0,01103194;
3585,699;0,02497508;0,01098378;
3587,563;0,02468606;0,0106949;
3589,426;0,02414478;0,01015376;
3591,290;0,02390226;0,009911366;
3593,154;0,02403277;0,01004202;
3595,017;0,02384121;0,009850589;
3596,881;0,02380426;0,00981377;
3598,745;0,02351266;0,009522312;
3600,608;0,02312576;0,009135541;
3602,472;0,02289875;0,008908661;
3604,336;0,02293949;0,008949535;
3606,199;0,02284363;0,008853812;
3608,063;0,02268221;0,008692521;
3609,927;0,02227783;0,008288272;
3611,790;0,02228697;0,008297545;
3613,654;0,02220825;0,008218962;
3615,518;0,0220595;0,008070336;
3617,381;0,02171235;0,007723315;
3619,245;0,02149759;0,007508691;
3621,109;0,02138127;0,007392501;
3622,972;0,0212258;0,007237159;
3624,836;0,02102152;0,007033004;
3626,700;0,02102985;0,007041467;
3628,563;0,02104436;0,00705611;
3630,427;0,02101992;0,007031794;
3632,291;0,02022253;0,006234534;
3634,154;0,01964875;0,005660883;
3636,018;0,01971938;0,005731638;
3637,882;0,01992588;0,005938264;
3639,745;0,01986254;0,005875053;
3641,609;0,01985936;0,005871992;
3643,473;0,01972357;0,005736335;
3645,336;0,019714;0,005726888;
3647,200;0,01989426;0,005907275;
3649,064;0,01997217;0,005985307;
3650,927;0,01949006;0,005503318;
3652,791;0,01912642;0,005139811;
3654,655;0,01881681;0,004830319;
3656,518;0,01880645;0,004820086;
3658,382;0,01884192;0,00485568;
3660,246;0,01872972;0,004743601;
3662,109;0,01844808;0,004462079;
3663,973;0,0185283;0,004542425;
3665,837;0,01871276;0,004727009;
3667,700;0,01870935;0,004723724;
3669,564;0,01877549;0,004789986;
3671,428;0,01917531;0,005189923;
3673,291;0,01914892;0,005163653;
3675,155;0,01899957;0,00501442;
3677,019;0,01870814;0,004723117;
3678,882;0,01829985;0,004314941;
3680,746;0,01820357;0,004218785;
3682,610;0,01843906;0,004454399;
3684,473;0,01857569;0,004591145;
3686,337;0,0188115;0,004827069;
3688,201;0,01891768;0,004933367;
3690,064;0,0188797;0,004895512;
3691,928;0,01856529;0,004581211;
3693,792;0,01834098;0,004357029;
3695,655;0,01827764;0,004293798;
3697,519;0,01816068;0,004176956;
3699,383;0,0181608;0,004177198;
3701,246;0,01841819;0,004434698;
3703,110;0,01829854;0,004315166;
3704,974;0,01822326;0,004240008;
3706,837;0,01820185;0,004218707;
3708,701;0,0183749;0,004391874;
3710,565;0,01864503;0,004662115;
3712,428;0,01862083;0,004638034;
3714,292;0,01829387;0,004311188;
3716,156;0,01825734;0,004274773;
3718,019;0,01839952;0,004417069;
3719,883;0,01858749;0,004605149;
3721,747;0,01854448;0,004562252;
3723,610;0,01881779;0,004835677;
3725,474;0,01890764;0,004925642;
3727,338;0,01843688;0,004454992;
3729,202;0,01851047;0,00452869;
3731,065;0,01896171;0,004980046;
3732,929;0,01914;0,005158451;
3734,793;0,0192582;0,005276756;
3736,656;0,01879048;0,004809145;
3738,520;0,01847574;0,004494518;
3740,384;0,01880229;0,004821183;
3742,247;0,01916554;0,00518454;
3744,111;0,01904222;0,005061332;
3745,975;0,0190044;0,005023624;
3747,838;0,01873651;0,004755838;
3749,702;0,01872799;0,004747424;
3751,566;0,01898445;0,005003993;
3753,429;0,01878959;0,004809242;
3755,293;0,01868015;0,004699915;
3757,157;0,01891895;0,004938819;
3759,020;0,0189011;0,004921076;
3760,884;0,01862942;0,004649511;
3762,748;0,01852078;0,004540971;
3764,611;0,01868096;0,00470126;
3766,475;0,01885598;0,004876387;
3768,339;0,01905268;0,00507319;
3770,202;0,01882817;0,004848793;
3772,066;0,01878692;0,00480765;
3773,930;0,01878787;0,0048087;
3775,793;0,01865622;0,004677153;
3777,657;0,01867017;0,004691208;
3779,521;0,01864969;0,00467084;
3781,384;0,01863652;0,00465777;
3783,248;0,01863237;0,004653725;
3785,112;0,01843034;0,004451798;
3786,975;0,01852373;0,004545293;
3788,839;0,01865696;0,004678625;
3790,703;0,01856634;0,004588106;
3792,566;0,01845509;0,004476963;
3794,430;0,01863538;0,004657357;
3796,294;0,01867106;0,004693139;
3798,157;0,01882358;0,004845762;
3800,021;0,01889247;0,004914749;
3801,885;0,01884671;0,004869093;
3803,748;0,01873862;0,004761107;
3805,612;0,01864719;0,004669782;
3807,476;0,01871987;0,004742556;
3809,339;0,01888375;0,004906536;
3811,203;0,0187345;0,004757386;
3813,067;0,01871365;0,004736637;
3814,930;0,01883562;0,004858707;
3816,794;0,01891907;0,004942257;
3818,658;0,01904857;0,005071856;
3820,521;0,01901017;0,005033557;
3822,385;0,01871209;0,004735579;
3824,249;0,01863826;0,004661844;
3826,112;0,01861556;0,004639244;
3827,976;0,01878443;0,004808214;
3829,840;0,01900644;0,005030319;
3831,703;0,01916317;0,005187148;
3833,567;0,01902593;0,005050005;
3835,431;0,01889127;0,004915442;
3837,294;0,01894545;0,00496972;
3839,158;0,01918322;0,005207593;
3841,022;0,01913288;0,005157347;
3842,885;0,0189461;0,004970657;
3844,749;0,01871807;0,004742731;
3846,613;0,01860759;0,004632342;
3848,476;0,01887273;0,004897576;
3850,340;0,01947558;0,005500528;
3852,204;0,01943361;0,005458651;
3854,067;0,01900186;0,005026992;
3855,931;0,01899173;0,005016963;
3857,795;0,01904844;0,005073768;
3859,658;0,01893327;0,004958688;
3861,522;0,01904038;0,005065894;
3863,386;0,01890973;0,004935337;
3865,249;0,01896217;0,004987871;
3867,113;0,01883687;0,004862668;
3868,977;0,01901311;0,005038998;
3870,840;0,01921891;0,005244888;
3872,704;0,01936038;0,005386459;
3874,568;0,01898899;0,005015156;
3876,431;0,01889734;0,004923595;
3878,295;0,0189713;0,004997651;
3880,159;0,01923147;0,005257914;
3882,022;0,01929212;0,005318655;
3883,886;0,01928256;0,005309185;
3885,750;0,01903881;0,005065525;
3887,613;0,0190101;0,005036911;
3889,477;0,01918976;0,005216655;
3891,341;0,01929839;0,005325381;
3893,204;0,01899936;0,00502644;
3895,068;0,01888496;0,004912128;
3896,932;0,01901274;0,005040005;
3898,795;0,01940848;0,005435827;
3900,659;0,01975443;0,005781869;
3902,523;0,01967153;0,005699055;
3904,386;0,01942085;0,005448464;
3906,250;0,01922257;0,005250276;
3908,114;0,01898656;0,005014358;
3909,977;0,01900228;0,005030164;
3911,841;0,01900638;0,005034353;
3913,705;0,01908092;0,005108986;
3915,568;0,01925462;0,005282768;
3917,432;0,01919592;0,005224155;
3919,296;0,01893909;0,004967417;
3921,159;0,01911221;0,005140618;
3923,023;0,01945137;0,005479869;
3924,887;0,01946588;0,005494462;
3926,750;0,01912216;0,005150834;
3928,614;0,01912845;0,005157211;
3930,478;0,01916085;0,005189692;
3932,341;0,01907631;0,005105239;
3934,205;0,01911016;0,005139171;
3936,069;0,01917218;0,005201277;
3937,932;0,01900982;0,00503901;
3939,796;0,01913477;0,00516404;
3941,660;0,01924237;0,00527173;
3943,523;0,01927614;0,00530558;
3945,387;0,01917962;0,005209151;
3947,251;0,01915706;0,005186675;
3949,114;0,01918578;0,005215476;
3950,978;0,01923986;0,00526964;
3952,842;0,01922213;0,005251989;
3954,705;0,01922549;0,005255432;
3956,569;0,01911529;0,005145321;
3958,433;0,01914519;0,0051753;
3960,296;0,01918351;0,005213706;
3962,160;0,01917334;0,005203621;
3964,024;0,01909404;0,005124404;
3965,887;0,01917884;0,005209285;
3967,751;0,01908419;0,005114715;
3969,615;0,01895932;0,004989928;
3971,478;0,01892439;0,004955079;
3973,342;0,01918239;0,00521316;
3975,206;0,01934417;0,005375022;
3977,069;0,01939618;0,005427115;
3978,933;0,0193201;0,005351113;
3980,797;0,01919758;0,00522868;
3982,660;0,01919665;0,005227825;
3984,524;0,01925697;0,005288226;
3986,388;0,01903993;0,005071271;
3988,251;0,01922892;0,005260342;
3990,115;0,01930759;0,005339088;
3991,979;0,01915202;0,005183601;
3993,842;0,01892287;0,004954529;
3995,706;0,01900888;0,005040618;
3997,570;0,01903364;0,005065452;
