;Mar31_TPC_06-04-0_HMW;Mar31_TPC_06-04-0_HMW (baseline corrected);
Wavelength [nm];Absorbance;absorbance;
650,420;0,1226084;0,002742123;
652,284;0,1219557;0,00271984;
654,148;0,1212963;0,002685358;
656,011;0,1205983;0,002607015;
657,875;0,119965;0,002588058;
659,739;0,1193081;0,002540322;
661,602;0,1186592;0,002495453;
663,466;0,1180539;0,002489153;
665,330;0,1165441;0,001573298;
667,193;0,1162743;0,001892416;
669,057;0,117453;0,003655214;
670,921;0,1163408;0,003122138;
672,784;0,1156214;0,002977177;
674,648;0,1147324;0,002657717;
676,512;0,1143298;0,002820081;
678,375;0,1139537;0,003004282;
680,239;0,1134609;0,003067129;
682,103;0,1127657;0,00292305;
683,966;0,1123109;0,003014895;
685,830;0,1117975;0,003043632;
687,694;0,1115098;0,003293782;
689,557;0,1110718;0,00338916;
691,421;0,1105983;0,003444739;
693,285;0,1100688;0,003440102;
695,149;0,1096623;0,003554226;
697,012;0,109216;0,003624391;
698,876;0,1088895;0,003810282;
700,740;0,1083283;0,003757355;
702,603;0,1077999;0,003733173;
704,467;0,1071467;0,00358016;
706,331;0,1064965;0,003426249;
708,194;0,1057665;0,003188619;
710,058;0,1050273;0,002937865;
711,922;0,1044873;0,002882578;
713,785;0,1039543;0,002830402;
715,649;0,1033892;0,002742414;
717,513;0,1029359;0,00276253;
719,376;0,1024829;0,002779218;
721,240;0,102197;0,00295936;
723,104;0,101676;0,002900837;
724,967;0,101132;0,00281576;
726,831;0,1004985;0,00263769;
728,695;0,09993266;0,002523772;
730,558;0,09949583;0,002535397;
732,422;0,09897144;0,002456048;
734,286;0,09850276;0,002429019;
736,149;0,09810917;0,002473724;
738,013;0,09778703;0,002586569;
739,877;0,09752891;0,002760156;
741,740;0,09712785;0,002787542;
743,604;0,09689885;0,002983781;
745,468;0,09670246;0,003209442;
747,331;0,09643711;0,003362989;
749,195;0,09605267;0,00339432;
751,059;0,09582851;0,003582842;
752,922;0,09571684;0,003880795;
754,786;0,09562338;0,004193918;
756,650;0,09536093;0,004335067;
758,513;0,09517688;0,004551637;
760,377;0,09498267;0,004755097;
762,241;0,09480245;0,004969646;
764,104;0,09464586;0,005204932;
765,968;0,09450374;0,005451838;
767,832;0,09430229;0,005636575;
769,695;0,09420086;0,005918534;
771,559;0,09404761;0,006145904;
773,423;0,09387456;0,006350724;
775,286;0,09369991;0,006551213;
777,150;0,09375105;0,006974806;
779,014;0,09385426;0,007447796;
780,877;0,09381043;0,007771101;
782,741;0,09346613;0,007791322;
784,605;0,09321617;0,007903285;
786,468;0,09301398;0,008060443;
788,332;0,09270106;0,008104335;
790,196;0,09230184;0,008059399;
792,059;0,09199754;0,00810688;
793,923;0,09174733;0,00820599;
795,787;0,0914833;0,00828882;
797,650;0,0910561;0,008206052;
799,514;0,09055061;0,008042589;
801,378;0,08998355;0,007815167;
803,241;0,0896161;0,007785007;
805,105;0,08924027;0,007744121;
806,969;0,08889974;0,007736209;
808,832;0,08848251;0,00764931;
810,696;0,08796256;0,007457412;
812,560;0,08742847;0,007249122;
814,423;0,08692477;0,007068981;
816,287;0,08637768;0,006843249;
818,151;0,08583009;0,006614817;
820,014;0,08522941;0,006331121;
821,878;0,08471913;0,006135666;
823,742;0,08427989;0,006009126;
825,605;0,08379496;0,005834773;
827,469;0,08323128;0,005579571;
829,333;0,08274902;0,005403725;
831,196;0,082279;0,005238051;
833,060;0,08188582;0,005147173;
834,924;0,08147899;0,00504063;
836,787;0,08111269;0,00497261;
838,651;0,08073899;0,004895203;
840,515;0,08033467;0,004785214;
842,378;0,07986872;0,004611642;
844,242;0,07943871;0,004472073;
846,106;0,07901367;0,004335548;
847,969;0,07873147;0,004339973;
849,833;0,07849833;0,004391571;
851,697;0,07830942;0,004485539;
853,560;0,07820195;0,004659085;
855,424;0,07815952;0,004895845;
857,288;0,07805013;0,00506382;
859,151;0,07801556;0,00530482;
861,015;0,0779255;0,005488537;
862,879;0,07797006;0,005805102;
864,742;0,07804337;0,006148664;
866,606;0,07800354;0,006377336;
868,470;0,07790848;0,006549064;
870,333;0,07781921;0,006724861;
872,197;0,07770397;0,006872991;
874,061;0,07768932;0,00712003;
875,924;0,07768558;0,007376304;
877,788;0,07763293;0,00758202;
879,652;0,0775856;0,00779142;
881,515;0,07760352;0,008064434;
883,379;0,07756012;0,008274524;
885,243;0,07742995;0,008396241;
887,106;0,07737901;0,008595595;
888,970;0,07742204;0,008887351;
890,834;0,07743278;0,009145263;
892,697;0,07749754;0,009455644;
894,561;0,07750331;0,009705507;
896,425;0,07753457;0,009979331;
898,288;0,07761039;0,01029621;
900,152;0,07779416;0,01071954;
902,016;0,07797647;0,01113993;
903,879;0,07821337;0,01161345;
905,743;0,07852515;0,01216037;
907,607;0,07895333;0,01282225;
909,470;0,07933203;0,01343322;
911,334;0,07966248;0,01399452;
913,198;0,07998824;0,01454971;
915,061;0,08033396;0,01512346;
916,925;0,08068099;0,01569713;
918,789;0,08081682;0,01605823;
920,652;0,08083078;0,01629609;
922,516;0,08107617;0,01676403;
924,380;0,08136992;0,01727897;
926,243;0,08171597;0,01784488;
928,107;0,08218253;0,01852999;
929,971;0,08267748;0,01924216;
931,834;0,08318384;0,01996445;
933,698;0,08378286;0,02077811;
935,562;0,08430811;0,02151671;
937,425;0,08494181;0,02236249;
939,289;0,085725;0,02335651;
941,153;0,08642708;0,02426816;
943,016;0,08712622;0,02517562;
944,880;0,08800043;0,02625693;
946,744;0,08892997;0,02739235;
948,607;0,08981008;0,02847712;
950,471;0,09063511;0,02950561;
952,335;0,09154658;0,03061935;
954,198;0,0924992;0,03177305;
956,062;0,09341418;0,03288794;
957,926;0,09431488;0,03398739;
959,789;0,09522601;0,0350961;
961,653;0,09607787;0,0361444;
963,517;0,09693109;0,03719291;
965,380;0,09781463;0,03827063;
967,244;0,09874564;0,03939469;
969,108;0,09967171;0,0405127;
970,972;0,1005906;0,04162242;
972,835;0,1015227;0,04274428;
974,699;0,1025308;0,04394104;
976,563;0,103489;0,04508678;
978,426;0,1045256;0,04630988;
980,290;0,1055693;0,04753904;
982,154;0,1065748;0,04872885;
984,017;0,1076123;0,04994975;
985,881;0,108856;0,05137567;
987,745;0,1101349;0,05283583;
989,608;0,1114505;0,05433174;
991,472;0,1127263;0,05578675;
993,336;0,1139396;0,05717824;
995,199;0,1151534;0,05856929;
997,063;0,1164084;0,06000049;
998,927;0,1176202;0,06138754;
1000,790;0,1187563;0,06269796;
1002,654;0,1198272;0,06394215;
1004,518;0,1209747;0,0652619;
1006,381;0,12208;0,06653859;
1008,245;0,1231836;0,06781263;
1010,109;0,1242586;0,06905708;
1011,972;0,1253114;0,07027843;
1013,836;0,1263191;0,07145373;
1015,700;0,1272173;0,07251868;
1017,563;0,1280332;0,0735003;
1019,427;0,1288402;0,07447226;
1021,291;0,1295268;0,07532282;
1023,154;0,1301498;0,07610885;
1025,018;0,1307607;0,07688191;
1026,882;0,1313288;0,07761133;
1028,745;0,1317157;0,07815863;
1030,609;0,132029;0,07863148;
1032,473;0,1322642;0,07902543;
1034,336;0,132502;0,07942107;
1036,200;0,1326419;0,07971791;
1038,064;0,1326703;0,07990249;
1039,927;0,132646;0,08003353;
1041,791;0,1325374;0,08007933;
1043,655;0,1322552;0,07995078;
1045,518;0,1318877;0,07973609;
1047,382;0,1314325;0,07943288;
1049,246;0,1309486;0,07910024;
1051,109;0,130405;0,07870707;
1052,973;0,1298813;0,07833294;
1054,837;0,1293027;0,07790311;
1056,700;0,1286128;0,0773612;
1058,564;0,1278088;0,0767045;
1060,428;0,1269553;0,07599745;
1062,291;0,1260663;0,07525408;
1064,155;0,125289;0,07462177;
1066,019;0,1244567;0,07393362;
1067,882;0,1234764;0,07309668;
1069,746;0,1224189;0,0721819;
1071,610;0,1214786;0,07138348;
1073,473;0,1206323;0,07067844;
1075,337;0,119755;0,06994157;
1077,201;0,1187517;0,06907791;
1079,064;0,1177216;0,06818686;
1080,928;0,1167056;0,06730916;
1082,792;0,1156776;0,06641874;
1084,655;0,1146347;0,06551269;
1086,519;0,1135426;0,06455673;
1088,383;0,1123631;0,06351268;
1090,246;0,1111751;0,06245947;
1092,110;0,1099612;0,0613796;
1093,974;0,1088332;0,06038495;
1095,837;0,1076533;0,05933775;
1097,701;0,1065017;0,05831825;
1099,565;0,1053817;0,05732959;
1101,428;0,1043178;0,05639636;
1103,292;0,1032458;0,05545442;
1105,156;0,1021262;0,05446422;
1107,019;0,1010233;0,05349003;
1108,883;0,1000534;0,05264813;
1110,747;0,09913578;0,05185797;
1112,610;0,09813372;0,0509827;
1114,474;0,09707268;0,05004781;
1116,338;0,09608943;0,04919009;
1118,201;0,09504358;0,04826913;
1120,065;0,09400603;0,04735585;
1121,929;0,09294722;0,0464207;
1123,792;0,09183577;0,04543229;
1125,656;0,09073157;0,04445051;
1127,520;0,08963844;0,04347921;
1129,383;0,08848497;0,04244696;
1131,247;0,08734628;0,04142888;
1133,111;0,08627637;0,040479;
1134,974;0,08525945;0,03958152;
1136,838;0,08425796;0,03869887;
1138,702;0,08330584;0,03786502;
1140,565;0,08237;0,03704686;
1142,429;0,08151819;0,03631217;
1144,293;0,08077421;0,03568472;
1146,156;0,08001032;0,0350368;
1148,020;0,07928512;0,034427;
1149,884;0,07865623;0,03391297;
1151,747;0,07800835;0,03337937;
1153,611;0,07737321;0,03285797;
1155,475;0,07681232;0,03241026;
1157,338;0,0763154;0,03202598;
1159,202;0,07590197;0,03172464;
1161,066;0,07559517;0,0315294;
1162,929;0,07524078;0,03128603;
1164,793;0,07497344;0,03112918;
1166,657;0,07481311;0,03107881;
1168,520;0,07462577;0,0310009;
1170,384;0,07445356;0,03093761;
1172,248;0,07433447;0,0309269;
1174,111;0,07424531;0,03094562;
1175,975;0,07417143;0,0309791;
1177,839;0,07410473;0,03101925;
1179,702;0,07410194;0,03112281;
1181,566;0,0741384;0,03126513;
1183,430;0,07425391;0,03148598;
1185,293;0,07448575;0,03182267;
1187,157;0,07482293;0,03226421;
1189,021;0,07520095;0,03274609;
1190,884;0,07563752;0,03328604;
1192,748;0,07610174;0,03385315;
1194,612;0,07663702;0,03449084;
1196,475;0,07723396;0,03518973;
1198,339;0,07786659;0,03592381;
1200,203;0,07850268;0,03666089;
1202,066;0,07915896;0,03741769;
1203,930;0,07981302;0,03817179;
1205,794;0,08045345;0,03891181;
1207,657;0,08105406;0,03961155;
1209,521;0,08164417;0,04030033;
1211,385;0,08221124;0,04096561;
1213,248;0,08271125;0,04156339;
1215,112;0,08319877;0,04214822;
1216,976;0,08371451;0,04276083;
1218,839;0,08416531;0,04330805;
1220,703;0,08451989;0,04375861;
1222,567;0,08482404;0,0441583;
1224,430;0,08517349;0,04460286;
1226,294;0,08546954;0,04499358;
1228,158;0,085717;0,04533528;
1230,021;0,08594338;0,04565547;
1231,885;0,08615756;0,04596304;
1233,749;0,08628152;0,04617997;
1235,612;0,08633389;0,04632489;
1237,476;0,08639339;0,04647651;
1239,340;0,08641349;0,04658833;
1241,203;0,08638867;0,04665481;
1243,067;0,08631797;0,046675;
1244,931;0,08619484;0,04664235;
1246,795;0,08608315;0,04662073;
1248,658;0,08595437;0,04658163;
1250,522;0,08579307;0,0465096;
1252,386;0,08559412;0,04639952;
1254,249;0,08544638;0,04634026;
1256,113;0,0853679;0,04634987;
1257,977;0,08528485;0,04635451;
1259,840;0,08513296;0,04628992;
1261,704;0,08490345;0,04614733;
1263,568;0,08467947;0,04600989;
1265,431;0,08449992;0,04591648;
1267,295;0,0843788;0,04588113;
1269,159;0,08421649;0,04580422;
1271,022;0,08405691;0,04572966;
1272,886;0,08393438;0,04569177;
1274,750;0,08385468;0,04569635;
1276,613;0,08383595;0,04576152;
1278,477;0,08384533;0,04585445;
1280,341;0,08392093;0,04601322;
1282,204;0,08399076;0,04616586;
1284,068;0,0841297;0,04638725;
1285,932;0,0843981;0,04673775;
1287,795;0,08477466;0,04719604;
1289,659;0,08504947;0,04755224;
1291,523;0,08532028;0,04790408;
1293,386;0,08561969;0,04828417;
1295,250;0,08601025;0,04875507;
1297,114;0,08644357;0,04926837;
1298,977;0,08683507;0,04973952;
1300,841;0,08719417;0,05017792;
1302,705;0,08756328;0,05062599;
1304,568;0,087924;0,05106533;
1306,432;0,08831558;0,05153519;
1308,296;0,08868492;0,05198249;
1310,159;0,08897722;0,0523524;
1312,023;0,08937642;0,0528289;
1313,887;0,08980917;0,05333861;
1315,750;0,0900757;0,05368177;
1317,614;0,09049396;0,05417634;
1319,478;0,09097224;0,05473061;
1321,341;0,09120766;0,05504169;
1323,205;0,09147139;0,05538077;
1325,069;0,09185314;0,05583755;
1326,932;0,09225938;0,05631849;
1328,796;0,09279802;0,05693154;
1330,660;0,09336678;0,05757437;
1332,523;0,09393483;0,0582162;
1334,387;0,09448448;0,05883932;
1336,251;0,09526974;0,05969773;
1338,114;0,09649743;0,06099828;
1339,978;0,09776041;0,06233381;
1341,842;0,09819942;0,06284506;
1343,705;0,09861021;0,0633278;
1345,569;0,09944512;0,06423436;
1347,433;0,1003992;0,06525978;
1349,296;0,1014195;0,06635116;
1351,160;0,1023967;0,06739914;
1353,024;0,1033804;0,06845326;
1354,887;0,104454;0,06959703;
1356,751;0,105261;0,07047391;
1358,615;0,1059761;0,07125868;
1360,478;0,1072903;0,07264212;
1362,342;0,1092167;0,07463761;
1364,206;0,1100955;0,07558512;
1366,069;0,1102934;0,07585147;
1367,933;0,1111341;0,07676042;
1369,797;0,1119053;0,07759947;
1371,660;0,1125491;0,07831093;
1373,524;0,1139844;0,07981361;
1375,388;0,1148949;0,08079119;
1377,251;0,1149269;0,08088999;
1379,115;0,1152513;0,08128097;
1380,979;0,1154456;0,08154154;
1382,842;0,1155436;0,08170551;
1384,706;0,1157387;0,08196635;
1386,570;0,1167192;0,08301231;
1388,433;0,1170215;0,08337988;
1390,297;0,1161615;0,08258481;
1392,161;0,1157209;0,08220891;
1394,024;0,116304;0,08285639;
1395,888;0,1164234;0,08304002;
1397,752;0,1159648;0,08264527;
1399,615;0,1157019;0,08244604;
1401,479;0,1142859;0,08109348;
1403,343;0,1134497;0,08032041;
1405,206;0,1129524;0,07988605;
1407,070;0,1116732;0,07866952;
1408,934;0,1102021;0,07726077;
1410,797;0,1089508;0,07607167;
1412,661;0,1072224;0,07440516;
1414,525;0,1053406;0,072585;
1416,388;0,1039142;0,07122003;
1418,252;0,1037361;0,07110315;
1420,116;0,1025413;0,06996926;
1421,979;0,09987845;0,0673671;
1423,843;0,09810617;0,06565528;
1425,707;0,09609523;0,06370457;
1427,570;0,09444722;0,06211655;
1429,434;0,09346901;0,06119809;
1431,298;0,09204623;0,05983484;
1433,161;0,09022122;0,05806911;
1435,025;0,08966537;0,05757232;
1436,889;0,09023099;0,05819677;
1438,752;0,08845444;0,05647883;
1440,616;0,08674397;0,05482673;
1442,480;0,08562159;0,05376249;
1444,343;0,084636;0,05283482;
1446,207;0,08409937;0,0523559;
1448,071;0,08377516;0,05208917;
1449,934;0,08241329;0,05078455;
1451,798;0,08083942;0,04926771;
1453,662;0,07937051;0,04785562;
1455,525;0,07978855;0,04833025;
1457,389;0,0813532;0,04995129;
1459,253;0,07894929;0,04760354;
1461,116;0,07622745;0,04493765;
1462,980;0,07499892;0,04376486;
1464,844;0,07497719;0,04379865;
1466,707;0,07342667;0,04230344;
1468,571;0,07162625;0,04055812;
1470,435;0,07106646;0,04005322;
1472,298;0,07237774;0,04141919;
1474,162;0,07233114;0,04142706;
1476,026;0,07165587;0,04080606;
1477,889;0,07096466;0,04016892;
1479,753;0,07065906;0,03991718;
1481,617;0,07105085;0,04036263;
1483,480;0,07120375;0,04056898;
1485,344;0,0717171;0,04113558;
1487,208;0,0731665;0,04263804;
1489,071;0,07521863;0,04474303;
1490,935;0,07635413;0,04593118;
1492,799;0,07550069;0,0451302;
1494,662;0,07610442;0,0457862;
1496,526;0,07869099;0,04842484;
1498,390;0,08025531;0,05004103;
1500,253;0,08024695;0,05008435;
1502,117;0,07967076;0,04955965;
1503,981;0,08026889;0,05020907;
1505,844;0,08554324;0,05553453;
1507,708;0,09083843;0,06088064;
1509,572;0,08977518;0,05986813;
1511,435;0,08928423;0,05942771;
1513,299;0,08975533;0,05994917;
1515,163;0,09111103;0,06135504;
1517,026;0,09347211;0,06376611;
1518,890;0,09454899;0,06489278;
1520,754;0,09774479;0,06813821;
1522,618;0,100403;0,07084586;
1524,481;0,1009192;0,07141132;
1526,345;0,1026425;0,07318372;
1528,209;0,1037465;0,07433659;
1530,072;0,1043944;0,07503324;
1531,936;0,1063427;0,07703;
1533,800;0,1096104;0,08034609;
1535,663;0,1093797;0,08016354;
1537,527;0,1100895;0,08092143;
1539,391;0,1157764;0,08665609;
1541,254;0,1208584;0,09178576;
1543,118;0,1215268;0,09250172;
1544,982;0,1221219;0,09314408;
1546,845;0,1219047;0,09297407;
1548,709;0,122779;0,09389532;
1550,573;0,1242194;0,09538249;
1552,436;0,124565;0,09577479;
1554,300;0,1254863;0,09674256;
1556,164;0,1262848;0,09758732;
1558,027;0,130952;0,1023007;
1559,891;0,1353331;0,1067278;
1561,755;0,1316208;0,1030613;
1563,618;0,1296623;0,1011485;
1565,482;0,1292665;0,1007981;
1567,346;0,1292621;0,100839;
1569,209;0,1304628;0,1020849;
1571,073;0,1300972;0,1017643;
1572,937;0,128373;0,100085;
1574,800;0,1288039;0,1005605;
1576,664;0,1301331;0,1019342;
1578,528;0,1286406;0,1004861;
1580,391;0,1270929;0,09898261;
1582,255;0,1262464;0,09818018;
1584,119;0,1255429;0,09752054;
1585,982;0,124804;0,09682539;
1587,846;0,1239284;0,09599342;
1589,710;0,1231278;0,09523624;
1591,573;0,12223;0,09438166;
1593,437;0,1214235;0,09361836;
1595,301;0,120392;0,09262981;
1597,164;0,1192154;0,09149606;
1599,028;0,1179565;0,09027975;
1600,892;0,1168768;0,08924263;
1602,755;0,115694;0,08810222;
1604,619;0,1144477;0,08689813;
1606,483;0,1130533;0,08554581;
1608,346;0,1119107;0,08444519;
1610,210;0,1103909;0,0829672;
1612,074;0,1087504;0,0813683;
1613,937;0,1072226;0,07988202;
1615,801;0,107161;0,07986175;
1617,665;0,1063723;0,07911433;
1619,528;0,1042498;0,07703283;
1621,392;0,1029615;0,07578549;
1623,256;0,1025557;0,07542053;
1625,119;0,1013166;0,0742221;
1626,983;0,100242;0,07318798;
1628,847;0,09896949;0,07195585;
1630,710;0,09718762;0,07021422;
1632,574;0,09583192;0,06889862;
1634,438;0,09622668;0,06933334;
1636,301;0,09654029;0,06968678;
1638,165;0,09433738;0,06752356;
1640,029;0,09220929;0,06543502;
1641,892;0,09042375;0,0636889;
1643,756;0,08919449;0,06249893;
1645,620;0,08908946;0,06243305;
1647,483;0,08823201;0,06161462;
1649,347;0,0855749;0,0589964;
1651,211;0,08447063;0,05793089;
1653,074;0,08581518;0,05931407;
1654,938;0,0835169;0,05705428;
1656,802;0,08042338;0,05399913;
1658,665;0,0781646;0,05177859;
1660,529;0,0766325;0,05028459;
1662,393;0,07566715;0,04935722;
1664,256;0,07385962;0,04758754;
1666,120;0,07191028;0,04567593;
1667,984;0,07095997;0,04476321;
1669,847;0,07013263;0,04397335;
1671,711;0,06826848;0,04214654;
1673,575;0,0666302;0,04054548;
1675,438;0,06566291;0,0396153;
1677,302;0,06362274;0,0376121;
1679,166;0,06197751;0,03600372;
1681,029;0,06043668;0,03449962;
1682,893;0,05998762;0,03408717;
1684,757;0,05966917;0,03380521;
1686,620;0,05723969;0,03141209;
1688,484;0,05561907;0,02982772;
1690,348;0,05401725;0,02826202;
1692,211;0,05234068;0,02662146;
1694,075;0,05135178;0,02566844;
1695,939;0,05104355;0,02539598;
1697,802;0,04947308;0,02386116;
1699,666;0,04944494;0,02386856;
1701,530;0,04800394;0,02246298;
1703,393;0,04605761;0,02055195;
1705,257;0,04512432;0,01965385;
1707,121;0,04369764;0,01826223;
1708,984;0,04241537;0,01701491;
1710,848;0,04118504;0,01581943;
1712,712;0,04006749;0,01473661;
1714,575;0,03941198;0,01411571;
1716,439;0,03903872;0,01377695;
1718,303;0,03830157;0,01307419;
1720,166;0,03645457;0,01126147;
1722,030;0,03512822;0,009969287;
1723,894;0,03422622;0,009101339;
1725,757;0,03331762;0,008226683;
1727,621;0,03250351;0,007446416;
1729,485;0,03191518;0,006891807;
1731,348;0,03130586;0,006316105;
1733,212;0,03160163;0,00664539;
1735,076;0,03140346;0,006480616;
1736,939;0,02991597;0,005026418;
1738,803;0,02957692;0,004720557;
1740,667;0,02918084;0,004357555;
1742,530;0,02874703;0,003956724;
1744,394;0,02827542;0,00351798;
1746,258;0,02798673;0,003262053;
1748,121;0,02804406;0,003352044;
1749,985;0,02809941;0,00343995;
1751,849;0,02777347;0,003146454;
1753,712;0,02693171;0,002337045;
1755,576;0,02660381;0,002041389;
1757,440;0,02645231;0,001922035;
1759,303;0,02605013;0,001551889;
1761,167;0,02616659;0,001700285;
1763,031;0,02583573;0,00140127;
1764,894;0,0252171;0,0008143717;
1766,758;0,02495175;0,0005806518;
1768,622;0,02470173;0,0003621728;
1770,485;0,02444264;0,0001345217;
1772,349;0,0246696;0,0003928187;
1774,213;0,02395647;-0,0002890767;
1776,076;0,02333548;-0,0008789221;
1777,940;0,02275377;-0,001429599;
1779,804;0,02260348;-0,00154894;
1781,667;0,02240196;-0,001719612;
1783,531;0,02224914;-0,001841684;
1785,395;0,02202561;-0,002034562;
1787,258;0,02153271;-0,002496901;
1789,122;0,0212143;-0,002784841;
1790,986;0,02151118;-0,002457601;
1792,849;0,02165913;-0,002279373;
1794,713;0,0211612;-0,002747123;
1796,577;0,02080364;-0,003074594;
1798,441;0,02072462;-0,003123625;
1800,304;0,02082402;-0,002994332;
1802,168;0,02074445;-0,003044092;
1804,032;0,02044216;-0,003316672;
1805,895;0,02024774;-0,003481464;
1807,759;0,02023142;-0,003468256;
1809,623;0,02032531;-0,003344928;
1811,486;0,0202627;-0,003378185;
1813,350;0,02005613;-0,003555496;
1815,214;0,0199;-0,003682467;
1817,077;0,01993647;-0,003616915;
1818,941;0,01999009;-0,003534302;
1820,805;0,02007593;-0,003419566;
1822,668;0,02019702;-0,003269668;
1824,532;0,02048291;-0,002955046;
1826,396;0,02045362;-0,002955706;
1828,259;0,02050786;-0,002872916;
1830,123;0,02064995;-0,002702367;
1831,987;0,02035345;-0,00297049;
1833,850;0,02025201;-0,003043645;
1835,714;0,02023261;-0,00303485;
1837,578;0,0203515;-0,002887842;
1839,441;0,02024656;-0,00296475;
1841,305;0,02018147;-0,003001895;
1843,169;0,02078324;-0,002372269;
1845,032;0,02097797;-0,00214976;
1846,896;0,02061371;-0,002486331;
1848,760;0,02047031;-0,002602121;
1850,623;0,02030229;-0,002742619;
1852,487;0,02049711;-0,002520354;
1854,351;0,02057709;-0,002413013;
1856,214;0,02051637;-0,002446455;
1858,078;0,0205603;-0,00237533;
1859,942;0,02067094;-0,002237581;
1861,805;0,02064443;-0,002237063;
1863,669;0,0206914;-0,002163145;
1865,533;0,02059698;-0,002230693;
1867,396;0,02067073;-0,002130156;
1869,260;0,02084814;-0,001926033;
1871,124;0,02069352;-0,002054019;
1872,987;0,02054415;-0,002176845;
1874,851;0,02045784;-0,002236679;
1876,715;0,02051516;-0,002152972;
1878,578;0,02059078;-0,002051032;
1880,442;0,02046221;-0,002153375;
1882,306;0,02037729;-0,002212133;
1884,169;0,02044245;-0,002120898;
1886,033;0,02047431;-0,002063036;
1887,897;0,02054636;-0,00196506;
1889,760;0,02053857;-0,001947003;
1891,624;0,02019439;-0,002265408;
1893,488;0,02034394;-0,002090155;
1895,351;0,02070916;-0,001699319;
1897,215;0,02064557;-0,001737367;
1899,079;0,02020001;-0,002157457;
1900,942;0,01999751;-0,002334555;
1902,806;0,01999325;-0,002313497;
1904,670;0,02006473;-0,002216774;
1906,533;0,02024887;-0,002007458;
1908,397;0,0203743;-0,00185693;
1910,261;0,02027865;-0,001927551;
1912,124;0,01988988;-0,00229137;
1913,988;0,01978709;-0,002369285;
1915,852;0,01973192;-0,002399646;
1917,715;0,01969185;-0,002414988;
1919,579;0,01975518;-0,002326995;
1921,443;0,01963455;-0,002423033;
1923,306;0,01923389;-0,002799173;
1925,170;0,01915689;-0,00285172;
1927,034;0,01906415;-0,002920088;
1928,897;0,01859463;-0,0033653;
1930,761;0,01846325;-0,003472444;
1932,625;0,01848222;-0,00342931;
1934,488;0,01861745;-0,003269985;
1936,352;0,0183945;-0,003468902;
1938,216;0,01796339;-0,003876061;
1940,079;0,01799792;-0,00381764;
1941,943;0,01787268;-0,003919061;
1943,807;0,01735957;-0,004408415;
1945,670;0,01734835;-0,004395961;
1947,534;0,01713987;-0,004580824;
1949,398;0,01667371;-0,005023435;
1951,261;0,01632419;-0,005349476;
1953,125;0,01584676;-0,005803496;
1954,989;0,01538372;-0,00624319;
1956,852;0,015033;-0,006570623;
1958,716;0,01468361;-0,006896805;
1960,580;0,01475859;-0,006798675;
1962,443;0,0147777;-0,006756483;
1964,307;0,013845;-0,007666169;
1966,171;0,01303369;-0,008454537;
1968,034;0,01229563;-0,009169711;
1969,898;0,01170997;-0,009732553;
1971,762;0,01179535;-0,009624419;
1973,625;0,01118819;-0,01020888;
1975,489;0,01071334;-0,0106611;
1977,353;0,01166928;-0,009682602;
1979,216;0,01241949;-0,008909898;
1981,080;0,01357138;-0,007735577;
1982,944;0,01406273;-0,007221848;
1984,807;0,01415435;-0,007107919;
1986,671;0,01437757;-0,00686246;
1988,535;0,01445676;-0,006761081;
1990,398;0,01468823;-0,006507495;
1992,262;0,01470521;-0,006468449;
1994,126;0,01454435;-0,006607317;
1995,989;0,01448528;-0,00664445;
1997,853;0,01441757;-0,006690287;
1999,717;0,01392751;-0,007158533;
2001,580;0,01320008;-0,007864212;
2003,444;0,01282661;-0,008215988;
2005,308;0,0124151;-0,008605866;
2007,171;0,01238377;-0,008615626;
2009,035;0,01243894;-0,008538946;
2010,899;0,01261332;-0,008343111;
2012,762;0,01266943;-0,008265607;
2014,626;0,01222028;-0,00869343;
2016,490;0,01124099;-0,009651448;
2018,353;0,01080142;-0,0100698;
2020,217;0,0106334;-0,01021667;
2022,081;0,01066786;-0,01016111;
2023,944;0,01163815;-0,009169785;
2025,808;0,01139167;-0,009395282;
2027,672;0,01056912;-0,01019691;
2029,535;0,01100452;-0,009740643;
2031,399;0,0106962;-0,01002815;
2033,263;0,01051646;-0,01018714;
2035,126;0,01183205;-0,008850857;
2036,990;0,01262942;-0,008032849;
2038,854;0,012577;-0,008064689;
2040,717;0,01289245;-0,007728718;
2042,581;0,01387842;-0,006722275;
2044,445;0,01440355;-0,006176741;
2046,308;0,01503829;-0,005521642;
2048,172;0,01558695;-0,004952674;
2050,036;0,01634138;-0,004178008;
2051,899;0,01762089;-0,002878307;
2053,763;0,01780789;-0,002671171;
2055,627;0,01799316;-0,002465821;
2057,490;0,01815098;-0,002287969;
2059,354;0,01830388;-0,0021151;
2061,218;0,01910446;-0,001294598;
2063,081;0,01957239;-0,0008068112;
2064,945;0,019376;-0,0009833926;
2066,809;0,01931607;-0,001023563;
2068,672;0,01946859;-0,0008513428;
2070,536;0,01956075;-0,0007395308;
2072,400;0,02004845;-0,0002322351;
2074,264;0,02058637;0,0003252349;
2076,127;0,02081385;0,0005721983;
2077,991;0,02118043;0,000958221;
2079,855;0,02160957;0,001406746;
2081,718;0,02168467;0,001501178;
2083,582;0,02166577;0,001501566;
2085,446;0,02188287;0,001737893;
2087,309;0,02174257;0,001616771;
2089,173;0,02169977;0,001593104;
2091,037;0,0218293;0,001741706;
2092,900;0,0221043;0,002035733;
2094,764;0,02213183;0,00208224;
2096,628;0,02170801;0,001677345;
2098,491;0,02161868;0,001606894;
2100,355;0,02194189;0,00194893;
2102,219;0,0221177;0,00214351;
2104,082;0,02228663;0,002331165;
2105,946;0,02209904;0,002162247;
2107,810;0,02227025;0,002352085;
2109,673;0,02266661;0,002767022;
2111,537;0,0225282;0,002647138;
2113,401;0,02242636;0,00256378;
2115,264;0,02254921;0,002705057;
2117,128;0,02246804;0,002642269;
2118,992;0,02217838;0,002370933;
2120,855;0,0218091;0,002019936;
2122,719;0,02182697;0,002056041;
2124,583;0,0221381;0,002385366;
2126,446;0,02182216;0,002087562;
2128,310;0,02109627;0,001379764;
2130,174;0,02072095;0,001022493;
2132,037;0,02003733;0,000356865;
2133,901;0,01930314;-0,0003593762;
2135,765;0,01881723;-0,0008273767;
2137,628;0,01833702;-0,001289735;
2139,492;0,01776017;-0,001848777;
2141,356;0,01698558;-0,002605599;
2143,219;0,01614276;-0,003430704;
2145,083;0,01573678;-0,003819019;
2146,947;0,01571626;-0,003821907;
2148,810;0,01480564;-0,00471495;
2150,674;0,01395422;-0,005548841;
2152,538;0,01328188;-0,006203691;
2154,401;0,01216414;-0,007303984;
2156,265;0,01100532;-0,008445412;
2158,129;0,01054661;-0,008886771;
2159,992;0,01115787;-0,008258205;
2161,856;0,01141125;-0,007987564;
2163,720;0,0127715;-0,006610092;
2165,583;0,01458304;-0,004781384;
2167,447;0,01522393;-0,00412336;
2169,311;0,01479231;-0,004537891;
2171,174;0,01429665;-0,005016517;
2173,038;0,01512752;-0,004168649;
2174,902;0,0155564;-0,003722816;
2176,765;0,01577844;-0,003483863;
2178,629;0,01611497;-0,003130465;
2180,493;0,01596975;-0,003258864;
2182,356;0,01582156;-0,003390277;
2184,220;0,01627935;-0,002915749;
2186,084;0,01703992;-0,002138478;
2187,947;0,01775239;-0,001409363;
2189,811;0,01810989;-0,001035246;
2191,675;0,01794314;-0,001185438;
2193,538;0,01805112;-0,001060933;
2195,402;0,01850148;-0,0005940898;
2197,266;0,01891186;-0,0001672664;
2199,129;0,01899136;-7,136124E-5;
2200,993;0,01912385;7,747911E-5;
2202,857;0,01963177;0,0006017137;
2204,720;0,01988755;0,0008737733;
2206,584;0,02035618;0,001358636;
2208,448;0,02041038;0,001429024;
2210,311;0,01998871;0,001023513;
2212,175;0,02013074;0,001181647;
2214,039;0,02033032;0,001397299;
2215,902;0,02076036;0,001843367;
2217,766;0,02149643;0,002595426;
2219,630;0,02161881;0,002733758;
2221,493;0,02144676;0,002577616;
2223,357;0,02144157;0,002588291;
2225,221;0,02149365;0,002656199;
2227,084;0,0219865;0,003164844;
2228,948;0,02280214;0,003996227;
2230,812;0,02308078;0,00429058;
2232,675;0,02329274;0,004518213;
2234,539;0,02348778;0,004728882;
2236,403;0,02323362;0,004490312;
2238,266;0,02328248;0,004554729;
2240,130;0,02374223;0,005029994;
2241,994;0,02363721;0,004940451;
2243,857;0,02344554;0,004764217;
2245,721;0,02407405;0,005408129;
2247,585;0,02477143;0,006120864;
2249,448;0,02468633;0,006051089;
2251,312;0,02457633;0,005956376;
2253,176;0,02468211;0,006077401;
2255,039;0,02491272;0,006323222;
2256,903;0,02537468;0,006800353;
2258,767;0,02562251;0,007063312;
2260,630;0,02561051;0,007066413;
2262,494;0,02560683;0,007077788;
2264,358;0,02592683;0,007412806;
2266,221;0,02647679;0,007977751;
2268,085;0,02653859;0,008054505;
2269,949;0,02640759;0,007938411;
2271,812;0,0266443;0,008189995;
2273,676;0,02727198;0,00883251;
2275,540;0,02757075;0,009146081;
2277,403;0,02783056;0,009420661;
2279,267;0,02827879;0,00988362;
2281,131;0,02852738;0,0101469;
2282,994;0,02872951;0,01036369;
2284,858;0,02911883;0,01076763;
2286,722;0,02922759;0,01089097;
2288,585;0,02909995;0,01077788;
2290,449;0,02912689;0,01081934;
2292,313;0,02947943;0,01118636;
2294,176;0,02968759;0,01140896;
2296,040;0,02965141;0,01138719;
2297,904;0,02968934;0,01143949;
2299,767;0,02986695;0,01163144;
2301,631;0,02988464;0,01166344;
2303,495;0,02982701;0,01162008;
2305,358;0,02977395;0,01158124;
2307,222;0,02996187;0,01178336;
2309,086;0,0302411;0,01207676;
2310,949;0,03022504;0,01207483;
2312,813;0,03025603;0,01211992;
2314,677;0,03042655;0,0123045;
2316,540;0,03051318;0,01240516;
2318,404;0,0306622;0,01256818;
2320,268;0,03095149;0,01287142;
2322,131;0,03135387;0,01328774;
2323,995;0,03139097;0,01333873;
2325,859;0,03079743;0,01275905;
2327,722;0,03024753;0,01222298;
2329,586;0,03012388;0,01211312;
2331,450;0,03013114;0,01213414;
2333,313;0,03019532;0,01221205;
2335,177;0,03014132;0,01217175;
2337,041;0,03015551;0,0121996;
2338,904;0,03028467;0,01234239;
2340,768;0,03019394;0,01226526;
2342,632;0,03036195;0,01244683;
2344,495;0,03070962;0,01280804;
2346,359;0,03072653;0,01283844;
2348,223;0,03034733;0,01247271;
2350,087;0,02981636;0,01195518;
2351,950;0,02945922;0,01161144;
2353,814;0,02939605;0,01156165;
2355,678;0,02969619;0,01187513;
2357,541;0,03004346;0,01223571;
2359,405;0,02996904;0,01217457;
2361,269;0,02979734;0,01201611;
2363,132;0,02988115;0,01211314;
2364,996;0,03001435;0,01225952;
2366,860;0,03007503;0,01233335;
2368,723;0,02992829;0,01219973;
2370,587;0,03004475;0,01232928;
2372,451;0,03031071;0,0126083;
2374,314;0,03054332;0,01285394;
2376,178;0,03072252;0,01304615;
2378,042;0,03082943;0,01316602;
2379,905;0,03084647;0,013196;
2381,769;0,03080303;0,01316547;
2383,633;0,03061807;0,01299338;
2385,496;0,03056831;0,01295647;
2387,360;0,03063681;0,01303778;
2389,224;0,03064353;0,01305729;
2391,087;0,03057647;0,01300299;
2392,951;0,03054655;0,0129858;
2394,815;0,03059925;0,0130512;
2396,678;0,03065274;0,01311735;
2398,542;0,03065779;0,01313504;
2400,406;0,03061932;0,01310918;
2402,269;0,03041674;0,01291918;
2404,133;0,03024646;0,01276145;
2405,997;0,03022695;0,01275445;
2407,860;0,03049702;0,01303702;
2409,724;0,03066169;0,01321415;
2411,588;0,0307517;0,0133166;
2413,451;0,03072748;0,01330479;
2415,315;0,03065422;0,0132439;
2417,179;0,03054929;0,01315132;
2419,042;0,03057453;0,01318888;
2420,906;0,03061975;0,01324639;
2422,770;0,03052681;0,01316571;
2424,633;0,03039089;0,01304203;
2426,497;0,03050949;0,01317283;
2428,361;0,03082761;0,01350313;
2430,224;0,03087144;0,01355911;
2432,088;0,03070644;0,01340623;
2433,952;0,03087114;0,01358302;
2435,815;0,03088077;0,01360472;
2437,679;0,03070371;0,0134397;
2439,543;0,03069322;0,01344122;
2441,406;0,03083191;0,0135919;
2443,270;0,03099677;0,01376871;
2445,134;0,03103828;0,01382215;
2446,997;0,03104781;0,01384358;
2448,861;0,03113725;0,0139449;
2450,725;0,03123239;0,01405189;
2452,588;0,031389;0,01422032;
2454,452;0,03135171;0,01419482;
2456,316;0,03131166;0,01416654;
2458,179;0,03131221;0,01417883;
2460,043;0,03137946;0,01425779;
2461,907;0,03139934;0,01428936;
2463,770;0,03154479;0,01444647;
2465,634;0,03159517;0,01450848;
2467,498;0,03133779;0,01426271;
2469,361;0,03119393;0,01413043;
2471,225;0,03131673;0,01426479;
2473,089;0,03150542;0,014465;
2474,952;0,03155173;0,01452282;
2476,816;0,03163802;0,01462059;
2478,680;0,03173778;0,0147318;
2480,543;0,03152206;0,01452751;
2482,407;0,031486;0,01450284;
2484,271;0,03153654;0,01456476;
2486,134;0,03156175;0,01460131;
2487,998;0,03158156;0,01463245;
2489,862;0,03174551;0,01480769;
2491,725;0,03194484;0,0150183;
2493,589;0,03198235;0,01506705;
2495,453;0,0318908;0,01498672;
2497,316;0,03203235;0,01513947;
2499,180;0,03213346;0,01525175;
2501,044;0,0321131;0,01524254;
2502,907;0,03199571;0,01513626;
2504,771;0,03204737;0,01519903;
2506,635;0,03221838;0,01538111;
2508,498;0,03241967;0,01559345;
2510,362;0,03223984;0,01542464;
2512,226;0,03209252;0,01528832;
2514,089;0,0323267;0,01553347;
2515,953;0,03241345;0,01563117;
2517,817;0,03221212;0,01544077;
2519,680;0,03239572;0,01563527;
2521,544;0,0326175;0,01586793;
2523,408;0,03274656;0,01600784;
2525,271;0,03258582;0,01585792;
2527,135;0,0324055;0,01568841;
2528,999;0,03242497;0,01571866;
2530,862;0,03259728;0,01590173;
2532,726;0,03261089;0,01592607;
2534,590;0,03267389;0,01599978;
2536,453;0,03258459;0,01592116;
2538,317;0,03255466;0,0159019;
2540,181;0,03259933;0,01595721;
2542,044;0,0327939;0,01616239;
2543,908;0,03303952;0,0164186;
2545,772;0,03312426;0,01651392;
2547,635;0,03303958;0,01643978;
2549,499;0,03320116;0,01661188;
2551,363;0,03337885;0,01680007;
2553,226;0,03350478;0,01693648;
2555,090;0,03346375;0,0169059;
2556,954;0,03337959;0,01683217;
2558,817;0,03342764;0,01689063;
2560,681;0,03370609;0,01717947;
2562,545;0,03378176;0,0172655;
2564,408;0,03380112;0,0172952;
2566,272;0,03383476;0,01733916;
2568,136;0,03398721;0,01750191;
2569,999;0,03399352;0,01751849;
2571,863;0,03396563;0,01750085;
2573,727;0,03399306;0,01753851;
2575,590;0,03415535;0,017711;
2577,454;0,03425163;0,01781747;
2579,318;0,03436978;0,01794578;
2581,181;0,03442442;0,01801056;
2583,045;0,03457044;0,01816669;
2584,909;0,03463928;0,01824564;
2586,772;0,03471273;0,01832916;
2588,636;0,03470569;0,01833217;
2590,500;0,03492065;0,01855716;
2592,363;0,03513426;0,01878078;
2594,227;0,03525888;0,01891538;
2596,091;0,03528059;0,01894706;
2597,954;0,03534274;0,01901916;
2599,818;0,03542659;0,01911293;
2601,682;0,03548745;0,01918369;
2603,545;0,03550306;0,01920919;
2605,409;0,03569579;0,01941178;
2607,273;0,03593739;0,01966321;
2609,136;0,0360921;0,01982773;
2611,000;0,03611641;0,01986184;
2612,864;0,03618273;0,01993794;
2614,727;0,03625582;0,02002079;
2616,591;0,03644019;0,02021489;
2618,455;0,03650793;0,02029234;
2620,318;0,03664834;0,02044244;
2622,182;0,03674597;0,02054975;
2624,046;0,03692742;0,02074085;
2625,910;0,03704033;0,02086338;
2627,773;0,03713733;0,02097;
2629,637;0,03723822;0,02108048;
2631,501;0,03733361;0,02118544;
2633,364;0,03734649;0,02120787;
2635,228;0,03754234;0,02141324;
2637,092;0,0376817;0,02156211;
2638,955;0,03779999;0,02168989;
2640,819;0,03790035;0,02179972;
2642,683;0,03800018;0,02190899;
2644,546;0,0381184;0,02203664;
2646,410;0,03829192;0,02221957;
2648,274;0,03833116;0,0222682;
2650,137;0,03842546;0,02237187;
2652,001;0,03847552;0,02243127;
2653,865;0,03846621;0,0224313;
2655,728;0,03849081;0,0224652;
2657,592;0,03862499;0,02260867;
2659,456;0,03860717;0,02260012;
2661,319;0,03855663;0,02255883;
2663,183;0,03855703;0,02256847;
2665,047;0,03865163;0,02267228;
2666,910;0,03861685;0,02264669;
2668,774;0,03861939;0,02265841;
2670,638;0,03868729;0,02273546;
2672,501;0,03882767;0,02288497;
2674,365;0,03883048;0,0228969;
2676,229;0,03888065;0,02295617;
2678,092;0,03896692;0,02305152;
2679,956;0,03910837;0,02320202;
2681,820;0,03918035;0,02328305;
2683,683;0,03925573;0,02336745;
2685,547;0,03931419;0,02343491;
2687,411;0,03939757;0,02352728;
2689,274;0,0394039;0,02354257;
2691,138;0,03946221;0,02360983;
2693,002;0,03953654;0,02369309;
2694,865;0,03963613;0,02380158;
2696,729;0,03971811;0,02389246;
2698,593;0,03983644;0,02401965;
2700,456;0,03979333;0,02398541;
2702,320;0,03989803;0,02409894;
2704,184;0,04002361;0,02423334;
2706,047;0,04007039;0,02428892;
2707,911;0,04012274;0,02435005;
2709,775;0,04019566;0,02443173;
2711,638;0,04027251;0,02451733;
2713,502;0,04040424;0,02465778;
2715,366;0,04045433;0,02471659;
2717,229;0,04046011;0,02473105;
2719,093;0,04044878;0,0247284;
2720,957;0,04051696;0,02480524;
2722,820;0,04054347;0,02484038;
2724,684;0,04062636;0,02493189;
2726,548;0,04075779;0,02507193;
2728,411;0,04099908;0,0253218;
2730,275;0,04101837;0,02534965;
2732,139;0,04102156;0,02536139;
2734,002;0,04106595;0,02541431;
2735,866;0,04115262;0,0255095;
2737,730;0,04119238;0,02555776;
2739,593;0,04140726;0,02578112;
2741,457;0,04151663;0,02589896;
2743,321;0,04146382;0,02585458;
2745,184;0,0413411;0,0257403;
2747,048;0,04136938;0,02577699;
2748,912;0,04162226;0,02603826;
2750,775;0,04187573;0,02630011;
2752,639;0,04188028;0,02631302;
2754,503;0,04188903;0,02633011;
2756,366;0,04184498;0,02629439;
2758,230;0,04203867;0,02649639;
2760,094;0,04227534;0,02674135;
2761,957;0,0424027;0,02687699;
2763,821;0,04229086;0,0267734;
2765,685;0,04230815;0,02679894;
2767,548;0,04240487;0,02690388;
2769,412;0,04242927;0,02693649;
2771,276;0,04243906;0,02695447;
2773,139;0,04253224;0,02705583;
2775,003;0,04256874;0,02710049;
2776,867;0,04274367;0,02728356;
2778,730;0,0429169;0,02746493;
2780,594;0,04316727;0,0277234;
2782,458;0,04326182;0,02782604;
2784,321;0,04326028;0,02783258;
2786,185;0,0431503;0,02773067;
2788,049;0,0431247;0,02771311;
2789,912;0,04321575;0,02781219;
2791,776;0,04348312;0,02808757;
2793,640;0,04360471;0,02821716;
2795,503;0,04362033;0,02824076;
2797,367;0,04368787;0,02831626;
2799,231;0,04396134;0,02859768;
2801,094;0,04419228;0,02883656;
2802,958;0,0443173;0,02896949;
2804,822;0,04430996;0,02897006;
2806,685;0,04442882;0,02909681;
2808,549;0,04446724;0,02914309;
2810,413;0,04457878;0,0292625;
2812,276;0,04476431;0,02945586;
2814,140;0,04493677;0,02963614;
2816,004;0,04490922;0,0296164;
2817,867;0,04503129;0,02974627;
2819,731;0,04522933;0,02995208;
2821,595;0,04536378;0,0300943;
2823,458;0,04541257;0,03015083;
2825,322;0,04562843;0,03037443;
2827,186;0,04575213;0,03050584;
2829,049;0,04586434;0,03062575;
2830,913;0,04591984;0,03068894;
2832,777;0,04606656;0,03084332;
2834,640;0,04612986;0,03091428;
2836,504;0,04632824;0,0311203;
2838,368;0,04646994;0,03126963;
2840,231;0,04689879;0,03170609;
2842,095;0,04731276;0,03212765;
2843,959;0,04746313;0,0322856;
2845,822;0,04742239;0,03225243;
2847,686;0,04757719;0,03241478;
2849,550;0,04773876;0,03258388;
2851,413;0,04804218;0,03289483;
2853,277;0,04815344;0,03301359;
2855,141;0,04831645;0,03318409;
2857,004;0,04845383;0,03332895;
2858,868;0,04858962;0,0334722;
2860,732;0,04876874;0,03365877;
2862,595;0,04911993;0,03401739;
2864,459;0,04930496;0,03420983;
2866,323;0,04942541;0,03433769;
2868,186;0,04944841;0,03436808;
2870,050;0,04956649;0,03449354;
2871,914;0,04960332;0,03453772;
2873,777;0,04973713;0,03467889;
2875,641;0,05003515;0,03498424;
2877,505;0,05031383;0,03527023;
2879,368;0,05020069;0,03516439;
2881,232;0,0502933;0,03526429;
2883,096;0,05049299;0,03547126;
2884,959;0,05052125;0,03550678;
2886,823;0,05056001;0,03555279;
2888,687;0,05090622;0,03590623;
2890,550;0,05091957;0,0359268;
2892,414;0,05085437;0,03586881;
2894,278;0,05092544;0,03594707;
2896,141;0,0512437;0,0362725;
2898,005;0,05146967;0,03650564;
2899,869;0,05177472;0,03681784;
2901,733;0,05187989;0,03693015;
2903,596;0,05193785;0,03699523;
2905,460;0,05193345;0,03699794;
2907,324;0,05214424;0,03721582;
2909,187;0,05231661;0,03739527;
2911,051;0,05249472;0,03758045;
2912,915;0,0526764;0,03776918;
2914,778;0,05304921;0,03814903;
2916,642;0,05319728;0,03830413;
2918,506;0,05355986;0,03867373;
2920,369;0,05389959;0,03902046;
2922,233;0,05412918;0,03925704;
2924,097;0,05398876;0,03912359;
2925,960;0,05398358;0,03912537;
2927,824;0,0540617;0,03921043;
2929,688;0,05423093;0,0393866;
2931,551;0,05434578;0,03950837;
2933,415;0,05440777;0,03957727;
2935,279;0,05420996;0,03938636;
2937,142;0,05418175;0,03936503;
2939,006;0,05409497;0,03928511;
2940,870;0,05392628;0,03912328;
2942,733;0,0537045;0,03890834;
2944,597;0,05362633;0,038837;
2946,461;0,0536247;0,03884218;
2948,324;0,05384291;0,03906719;
2950,188;0,05372895;0,03896003;
2952,052;0,05353344;0,03877129;
2953,915;0,05345856;0,03870318;
2955,779;0,05351577;0,03876714;
2957,643;0,05347948;0,03873759;
2959,506;0,05359763;0,03886246;
2961,370;0,05344886;0,03872041;
2963,234;0,05329777;0,03857602;
2965,097;0,05317841;0,03846335;
2966,961;0,05308918;0,0383808;
2968,825;0,05298488;0,03828316;
2970,688;0,0530638;0,03836872;
2972,552;0,05293866;0,03825022;
2974,416;0,05283824;0,03815643;
2976,279;0,05271869;0,03804349;
2978,143;0,05247263;0,03780403;
2980,007;0,05206883;0,03740682;
2981,870;0,05218555;0,03753012;
2983,734;0,05235727;0,03770841;
2985,598;0,05240344;0,03776112;
2987,461;0,0520522;0,03741643;
2989,325;0,05189416;0,03726491;
2991,189;0,05173846;0,03711573;
2993,052;0,05185657;0,03724034;
2994,916;0,05200449;0,03739475;
2996,780;0,05198858;0,03738531;
2998,643;0,05185471;0,03725792;
3000,507;0,05199701;0,03740666;
3002,371;0,05203285;0,03744895;
3004,234;0,05201703;0,03743956;
3006,098;0,05197114;0,03740008;
3007,962;0,05204796;0,03748332;
3009,825;0,05212124;0,03756299;
3011,689;0,052323;0,03777113;
3013,553;0,05225317;0,03770767;
3015,416;0,05238193;0,03784279;
3017,280;0,05245188;0,03791908;
3019,144;0,05261303;0,03808657;
3021,007;0,05265069;0,03813056;
3022,871;0,05279965;0,03828582;
3024,735;0,05291929;0,03841177;
3026,598;0,0531588;0,03865756;
3028,462;0,05324416;0,0387492;
3030,326;0,0533973;0,03890861;
3032,189;0,05335846;0,03887603;
3034,053;0,05346411;0,03898791;
3035,917;0,05363183;0,03916187;
3037,780;0,05393625;0,03947251;
3039,644;0,05386982;0,03941228;
3041,508;0,05380474;0,0393534;
3043,371;0,05392327;0,03947812;
3045,235;0,05432991;0,03989093;
3047,099;0,05459548;0,04016266;
3048,962;0,05478861;0,04036195;
3050,826;0,05479326;0,04037273;
3052,690;0,05490093;0,04048653;
3054,553;0,05504304;0,04063476;
3056,417;0,05537233;0,04097015;
3058,281;0,05556498;0,0411689;
3060,144;0,05576463;0,04137463;
3062,008;0,05587038;0,04148646;
3063,872;0,05602971;0,04165185;
3065,735;0,05584466;0,04147285;
3067,599;0,0559499;0,04158413;
3069,463;0,05606719;0,04170744;
3071,326;0,05625894;0,04190521;
3073,190;0,05644622;0,0420985;
3075,054;0,05659905;0,04225733;
3076,917;0,05643708;0,04210135;
3078,781;0,05657103;0,04224127;
3080,645;0,05659993;0,04227613;
3082,508;0,05674514;0,0424273;
3084,372;0,05692215;0,04261025;
3086,236;0,05713038;0,04282441;
3088,099;0,05721174;0,04291169;
3089,963;0,0574266;0,04313246;
3091,827;0,05763556;0,04334731;
3093,690;0,05803365;0,04375129;
3095,554;0,05818292;0,04390644;
3097,418;0,05817209;0,04390147;
3099,281;0,05794851;0,04368376;
3101,145;0,05830019;0,04404128;
3103,009;0,05862094;0,04436787;
3104,872;0,05862705;0,0443798;
3106,736;0,05840747;0,04416604;
3108,600;0,05857617;0,04434054;
3110,463;0,05876798;0,04453814;
3112,327;0,0590129;0,04478884;
3114,191;0,05901297;0,04479468;
3116,054;0,05903374;0,04482122;
3117,918;0,05900551;0,04479874;
3119,782;0,05941542;0,0452144;
3121,645;0,05964097;0,04544567;
3123,509;0,05988374;0,04569417;
3125,373;0,06001088;0,04582701;
3127,236;0,06019778;0,04601962;
3129,100;0,06026953;0,04609706;
3130,964;0,06049443;0,04632763;
3132,827;0,0604915;0,04633038;
3134,691;0,06065721;0,04650175;
3136,555;0,06076643;0,04661662;
3138,418;0,06088243;0,04673826;
3140,282;0,06107197;0,04693342;
3142,146;0,06157647;0,04744354;
3144,009;0,06171505;0,04758774;
3145,873;0,06190299;0,04778127;
3147,737;0,06198329;0,04786716;
3149,600;0,06199667;0,04788613;
3151,464;0,06179226;0,04768729;
3153,328;0,06188564;0,04778623;
3155,191;0,06208451;0,04799065;
3157,055;0,06256931;0,04848099;
3158,919;0,06279045;0,04870766;
3160,782;0,06300232;0,04892505;
3162,646;0,06306214;0,04899038;
3164,510;0,06324113;0,04917488;
3166,373;0,06327755;0,04921679;
3168,237;0,06345668;0,0494014;
3170,101;0,06358662;0,04953681;
3171,964;0,06391316;0,04986881;
3173,828;0,06393045;0,04989156;
3175,692;0,0639967;0,04996325;
3177,556;0,06393038;0,04990237;
3179,419;0,06402993;0,05000734;
3181,283;0,06418794;0,05017076;
3183,147;0,06456493;0,05055316;
3185,010;0,06452944;0,05052307;
3186,874;0,06466202;0,05066103;
3188,738;0,0647883;0,05079268;
3190,601;0,0648455;0,05085526;
3192,465;0,06468772;0,05070283;
3194,329;0,06490342;0,05092389;
3196,192;0,06511359;0,05113939;
3198,056;0,06525614;0,05128727;
3199,920;0,0651589;0,05119535;
3201,783;0,06530429;0,05134605;
3203,647;0,06536654;0,05141361;
3205,511;0,06548422;0,05153658;
3207,374;0,0653615;0,05141914;
3209,238;0,06536035;0,05142327;
3211,102;0,06541798;0,05148616;
3212,965;0,06571324;0,05178668;
3214,829;0,06570383;0,05178252;
3216,693;0,06584708;0,051931;
3218,556;0,06585927;0,05194842;
3220,420;0,06596906;0,05206344;
3222,284;0,06581339;0,05191298;
3224,147;0,06577843;0,05188321;
3226,011;0,06571592;0,0518259;
3227,875;0,06590011;0,05201527;
3229,738;0,06584174;0,05196208;
3231,602;0,06580089;0,0519264;
3233,466;0,06562991;0,05176057;
3235,329;0,06576521;0,05190102;
3237,193;0,0659482;0,05208915;
3239,057;0,06620322;0,0523493;
3240,920;0,06604572;0,05219692;
3242,784;0,0660318;0,05218811;
3244,648;0,06616503;0,05232645;
3246,511;0,06622916;0,05239567;
3248,375;0,06601182;0,05218342;
3250,239;0,0659352;0,05211188;
3252,102;0,06577448;0,05195622;
3253,966;0,06607814;0,05226494;
3255,830;0,0660565;0,05224835;
3257,693;0,06595619;0,05215308;
3259,557;0,06586592;0,05206785;
3261,421;0,06604827;0,05225523;
3263,284;0,06600824;0,05222022;
3265,148;0,06594113;0,05215811;
3267,012;0,0657351;0,05195708;
3268,875;0,0657777;0,05200467;
3270,739;0,06558609;0,05181805;
3272,603;0,06569377;0,05193069;
3274,466;0,06582873;0,05207062;
3276,330;0,06593049;0,05217734;
3278,194;0,06583363;0,05208543;
3280,057;0,06588949;0,05214623;
3281,921;0,06588725;0,05214892;
3283,785;0,06601964;0,05228624;
3285,648;0,0658189;0,05209041;
3287,512;0,06577745;0,05205387;
3289,376;0,06568804;0,05196935;
3291,239;0,0655708;0,051857;
3293,103;0,06527143;0,05156252;
3294,967;0,06529361;0,05158957;
3296,830;0,06518952;0,05149035;
3298,694;0,06517798;0,05148366;
3300,558;0,06514011;0,05145064;
3302,421;0,06526369;0,05157906;
3304,285;0,06499799;0,05131819;
3306,149;0,0649984;0,05132343;
3308,012;0,06494317;0,05127301;
3309,876;0,06496015;0,0512948;
3311,740;0,06490712;0,05124657;
3313,603;0,06512945;0,0514737;
3315,467;0,06515261;0,05150164;
3317,331;0,06503445;0,05138826;
3319,194;0,06470094;0,05105951;
3321,058;0,06463116;0,05099449;
3322,922;0,06442144;0,05078952;
3324,785;0,0643998;0,05077262;
3326,649;0,06429538;0,05067294;
3328,513;0,06436219;0,05074448;
3330,376;0,06432873;0,05071573;
3332,240;0,06437064;0,05076235;
3334,104;0,06425401;0,05065043;
3335,967;0,06429645;0,05069757;
3337,831;0,0639627;0,0503685;
3339,695;0,06390241;0,0503129;
3341,558;0,06382079;0,05023595;
3343,422;0,06370585;0,05012568;
3345,286;0,06357966;0,05000414;
3347,149;0,06363034;0,05005947;
3349,013;0,06325792;0,04969169;
3350,877;0,06307583;0,04951424;
3352,740;0,06310834;0,04955136;
3354,604;0,06329457;0,04974222;
3356,468;0,06311595;0,04956821;
3358,331;0,06282575;0,04928261;
3360,195;0,06246102;0,04892247;
3362,059;0,0623698;0,04883584;
3363,922;0,06213678;0,0486074;
3365,786;0,06216529;0,04864049;
3367,650;0,06208592;0,04856568;
3369,513;0,06191832;0,04840263;
3371,377;0,06155488;0,04804374;
3373,241;0,06140075;0,04789415;
3375,104;0,0613444;0,04784235;
3376,968;0,06133955;0,04784202;
3378,832;0,06091005;0,04741704;
3380,695;0,06071725;0,04722875;
3382,559;0,06060098;0,04711698;
3384,423;0,06057464;0,04709514;
3386,286;0,06015959;0,04668458;
3388,150;0,05997663;0,0465061;
3390,014;0,05966039;0,04619433;
3391,877;0,05947989;0,0460183;
3393,741;0,05937594;0,04591882;
3395,605;0,05932082;0,04586815;
3397,468;0,05892981;0,04548158;
3399,332;0,05876529;0,0453215;
3401,196;0,058479;0,04503964;
3403,059;0,05828071;0,04484578;
3404,923;0,05800234;0,04457182;
3406,787;0,05796426;0,04453815;
3408,650;0,05774524;0,04432353;
3410,514;0,057469;0,04405169;
3412,378;0,05696948;0,04355655;
3414,241;0,05680657;0,04339802;
3416,105;0,05642441;0,04302024;
3417,969;0,05631681;0,042917;
3419,832;0,05625246;0,04285701;
3421,696;0,05616439;0,0427733;
3423,560;0,05584988;0,04246313;
3425,423;0,05558788;0,04220546;
3427,287;0,05517789;0,0417998;
3429,151;0,05494072;0,04156696;
3431,014;0,05433632;0,04096687;
3432,878;0,05417173;0,04080659;
3434,742;0,05394985;0,04058901;
3436,605;0,05364445;0,04028791;
3438,469;0,05333318;0,03998093;
3440,333;0,0533744;0,04002643;
3442,196;0,05317952;0,03983583;
3444,060;0,05288029;0,03954087;
3445,924;0,05239137;0,0390562;
3447,787;0,05224493;0,03891401;
3449,651;0,05217752;0,03885085;
3451,515;0,05186801;0,03854558;
3453,379;0,05114827;0,03783008;
3455,242;0,0509046;0,03759064;
3457,106;0,05061356;0,03730381;
3458,970;0,05055549;0,03724995;
3460,833;0,0502697;0,03696837;
3462,697;0,04986606;0,03656892;
3464,561;0,04934526;0,03605232;
3466,424;0,04938499;0,03609624;
3468,288;0,0493321;0,03604753;
3470,152;0,04909754;0,03581714;
3472,015;0,04853702;0,03526079;
3473,879;0,04815175;0,03487967;
3475,743;0,04770636;0,03443843;
3477,606;0,04745044;0,03418666;
3479,470;0,04724487;0,03398522;
3481,334;0,04724524;0,03398973;
3483,197;0,0468736;0,03362221;
3485,061;0,04666634;0,03341907;
3486,925;0,04646431;0,03322115;
3488,788;0,04610977;0,03287072;
3490,652;0,04547841;0,03224345;
3492,516;0,04534023;0,03210937;
3494,379;0,04517562;0,03194884;
3496,243;0,04496271;0,03174001;
3498,107;0,04438444;0,03116581;
3499,970;0,04430044;0,03108588;
3501,834;0,04413988;0,03092938;
3503,698;0,04375134;0,0305449;
3505,561;0,04331964;0,03011724;
3507,425;0,04309906;0,0299007;
3509,289;0,04276511;0,02957078;
3511,152;0,04290494;0,02971465;
3513,016;0,04268222;0,02949594;
3514,880;0,04229992;0,02911766;
3516,743;0,04176605;0,0285878;
3518,607;0,04137852;0,02820427;
3520,471;0,04077218;0,02760193;
3522,334;0,04069662;0,02753035;
3524,198;0,04069218;0,0275299;
3526,062;0,04054582;0,02738751;
3527,925;0,0401811;0,02702676;
3529,789;0,03987476;0,02672438;
3531,653;0,03913891;0,02599249;
3533,516;0,03878064;0,02563817;
3535,380;0,03873601;0,02559749;
3537,244;0,03880526;0,02567068;
3539,107;0,03843679;0,02530614;
3540,971;0,03794666;0,02481994;
3542,835;0,03753585;0,02441305;
3544,698;0,03772347;0,02460458;
3546,562;0,03755925;0,02444427;
3548,426;0,03727382;0,02416273;
3550,289;0,03674272;0,02363553;
3552,153;0,03661694;0,02351364;
3554,017;0,03636048;0,02326107;
3555,880;0,0361269;0,02303137;
3557,744;0,03552419;0,02243253;
3559,608;0,03518848;0,02210068;
3561,471;0,03493365;0,02184971;
3563,335;0,03508343;0,02200334;
3565,199;0,03493995;0,02186371;
3567,062;0,0348167;0,0217443;
3568,926;0,03440353;0,02133497;
3570,790;0,03393456;0,02086983;
3572,653;0,03334549;0,02028458;
3574,517;0,03321901;0,02016192;
3576,381;0,03290145;0,01984817;
3578,244;0,03271577;0,01966629;
3580,108;0,03249005;0,01944437;
3581,972;0,03237122;0,01932933;
3583,835;0,03193955;0,01890145;
3585,699;0,03180302;0,0187687;
3587,563;0,03172967;0,01869913;
3589,426;0,03182377;0,01879699;
3591,290;0,03135001;0,018327;
3593,154;0,03069493;0,01767567;
3595,017;0,03045675;0,01744125;
3596,881;0,03041207;0,01740031;
3598,745;0,02986595;0,01685793;
3600,608;0,02966717;0,01666289;
3602,472;0,02930254;0,01630199;
3604,336;0,02919433;0,0161975;
3606,199;0,02902032;0,01602721;
3608,063;0,02901965;0,01603025;
3609,927;0,02892216;0,01593647;
3611,790;0,02887887;0,01589687;
3613,654;0,02825436;0,01527606;
3615,518;0,02798525;0,01501063;
3617,381;0,02799156;0,01502063;
3619,245;0,02790554;0,01493828;
3621,109;0,0272657;0,01430212;
3622,972;0,02682469;0,01386477;
3624,836;0,02644332;0,01348706;
3626,700;0,02674072;0,01378812;
3628,563;0,0267484;0,01379945;
3630,427;0,02657108;0,01362577;
3632,291;0,02615166;0,01320999;
3634,154;0,02559825;0,01266021;
3636,018;0,02510212;0,01216771;
3637,882;0,02500697;0,01207617;
3639,745;0,02482725;0,01190008;
3641,609;0,02480185;0,01187829;
3643,473;0,02465562;0,01173566;
3645,336;0,02481778;0,01190141;
3647,200;0,02507067;0,0121579;
3649,064;0,02529185;0,01238267;
3650,927;0,02476242;0,01185682;
3652,791;0,02445277;0,01155075;
3654,655;0,02387958;0,01098113;
3656,518;0,02356565;0,01067076;
3658,382;0,02338803;0,0104967;
3660,246;0,02337702;0,01048924;
3662,109;0,02327655;0,01039232;
3663,973;0,02315817;0,01027749;
3665,837;0,02286303;0,009985886;
3667,700;0,02335219;0,01047858;
3669,564;0,02368405;0,01081397;
3671,428;0,02375741;0,01089085;
3673,291;0,02389151;0,01102847;
3675,155;0,02390211;0,01104258;
3677,019;0,0237565;0,01090048;
3678,882;0,02353792;0,0106854;
3680,746;0,02274681;0,009897782;
3682,610;0,02224586;0,009400322;
3684,473;0,02214147;0,009299415;
3686,337;0,02264375;0,009805181;
3688,201;0,02289602;0,01006093;
3690,064;0,02315797;0,01032634;
3691,928;0,02296288;0,01013472;
3693,792;0,0225503;0,009725593;
3695,655;0,02233226;0,009511009;
3697,519;0,02259593;0,009778132;
3699,383;0,02254374;0,009729383;
3701,246;0,02256235;0,009751432;
3703,110;0,02260198;0,00979449;
3704,974;0,02264905;0,009844986;
3706,837;0,02262722;0,009826587;
3708,701;0,02296099;0,01016377;
3710,565;0,02329283;0,01049902;
3712,428;0,02354876;0,01075836;
3714,292;0,0234313;0,0106443;
3716,156;0,0230251;0,01024149;
3718,019;0,02257859;0,009798379;
3719,883;0,0227287;0,009951877;
3721,747;0,02283329;0,01005985;
3723,610;0,02318573;0,01041566;
3725,474;0,02333262;0,01056593;
3727,338;0,02318838;0,01042505;
3729,202;0,02293101;0,01017104;
3731,065;0,02301118;0,01025456;
3732,929;0,02355362;0,01080036;
3734,793;0,02470868;0,01195877;
3736,656;0,02459852;0,01185194;
3738,520;0,02417342;0,01143019;
3740,384;0,02384332;0,01110342;
3742,247;0,02398992;0,01125334;
3744,111;0,02397029;0,01123703;
3745,975;0,02412155;0,01139161;
3747,838;0,02416612;0,01143949;
3749,702;0,02413672;0,01141339;
3751,566;0,0241784;0,01145838;
3753,429;0,02429278;0,01157605;
3755,293;0,02382817;0,01111474;
3757,157;0,02371098;0,01100083;
3759,020;0,02366547;0,0109586;
3760,884;0,02374925;0,01104566;
3762,748;0,02368768;0,01098737;
3764,611;0,02357988;0,01088283;
3766,475;0,02357031;0,01087652;
3768,339;0,02374538;0,01105485;
3770,202;0,02364024;0,01095296;
3772,066;0,02393451;0,01125048;
3773,930;0,02373098;0,0110502;
3775,793;0,02347646;0,01079891;
3777,657;0,02358026;0,01090595;
3779,521;0,02375598;0,01108489;
3781,384;0,02377426;0,0111064;
3783,248;0,02397898;0,01131434;
3785,112;0,02380657;0,01114514;
3786,975;0,02376139;0,01110317;
3788,839;0,02372179;0,01106677;
3790,703;0,02384274;0,01119092;
3792,566;0,02387051;0,01122189;
3794,430;0,02390926;0,01126383;
3796,294;0,02388725;0,01124501;
3798,157;0,02424677;0,01160771;
3800,021;0,02450735;0,01187147;
3801,885;0,02474292;0,01211021;
3803,748;0,02485678;0,01222724;
3805,612;0,02472517;0,01209879;
3807,476;0,02424745;0,01162423;
3809,339;0,02417531;0,01155524;
3811,203;0,0237653;0,01114838;
3813,067;0,02372792;0,01111414;
3814,930;0,02381622;0,01120559;
3816,794;0,02426169;0,01165419;
3818,658;0,02492477;0,0123204;
3820,521;0,02517799;0,01257674;
3822,385;0,02497782;0,0123797;
3824,249;0,02492553;0,01233052;
3826,112;0,02454783;0,01195594;
3827,976;0,02458883;0,01200004;
3829,840;0,02428165;0,01169596;
3831,703;0,02402599;0,0114434;
3833,567;0,02420454;0,01162505;
3835,431;0,02464415;0,01206774;
3837,294;0,02460541;0,01203209;
3839,158;0,0248829;0,01231266;
3841,022;0,02522041;0,01265325;
3842,885;0,02516685;0,01260277;
3844,749;0,02473483;0,01217381;
3846,613;0,02440583;0,01184787;
3848,476;0,0242324;0,0116775;
3850,340;0,02474558;0,01219373;
3852,204;0,02544795;0,01289915;
3854,067;0,02595039;0,01340464;
3855,931;0,0259136;0,01337089;
3857,795;0,02542762;0,01288794;
3859,658;0,02478205;0,0122454;
3861,522;0,02457216;0,01203855;
3863,386;0,02489055;0,01235996;
3865,249;0,02531875;0,01279118;
3867,113;0,02517948;0,01265492;
3868,977;0,02502796;0,0125064;
3870,840;0,02496729;0,01244874;
3872,704;0,02520212;0,01268657;
3874,568;0,02517363;0,01266109;
3876,431;0,02498072;0,01247117;
3878,295;0,0247115;0,01220493;
3880,159;0,02486857;0,01236499;
3882,022;0,02532654;0,01282593;
3883,886;0,02533003;0,0128324;
3885,750;0,02497173;0,01247707;
3887,613;0,02520744;0,01271575;
3889,477;0,02529468;0,01280595;
3891,341;0,02516336;0,01267759;
3893,204;0,02519735;0,01271454;
3895,068;0,02530427;0,0128244;
3896,932;0,02526199;0,01278506;
3898,795;0,02545559;0,01298161;
3900,659;0,02555361;0,01308257;
3902,523;0,02593529;0,01346718;
3904,386;0,02629563;0,01383044;
3906,250;0,0262207;0,01375845;
3908,114;0,02539826;0,01293892;
3909,977;0,02517408;0,01271766;
3911,841;0,02495081;0,0124973;
3913,705;0,02499728;0,01254668;
3915,568;0,02519843;0,01275073;
3917,432;0,02551321;0,01306841;
3919,296;0,02581301;0,01337111;
3921,159;0,02585256;0,01341355;
3923,023;0,02534036;0,01290424;
3924,887;0,02516286;0,01272962;
3926,750;0,02531186;0,0128815;
3928,614;0,0256133;0,01318581;
3930,478;0,02546038;0,01303577;
3932,341;0,02539332;0,01297157;
3934,205;0,02538697;0,01296808;
3936,069;0,02531273;0,01289671;
3937,932;0,02526526;0,01285208;
3939,796;0,02543795;0,01302763;
3941,660;0,02531873;0,01291125;
3943,523;0,02543859;0,01303396;
3945,387;0,02545279;0,013051;
3947,251;0,02563227;0,01323331;
3949,114;0,02563721;0,01324108;
3950,978;0,02548965;0,01309635;
3952,842;0,02532215;0,01293167;
3954,705;0,02542403;0,01303636;
3956,569;0,02535264;0,01296779;
3958,433;0,02535377;0,01297173;
3960,296;0,02529523;0,012916;
3962,160;0,02542963;0,0130532;
3964,024;0,02552707;0,01315344;
3965,887;0,02567759;0,01330675;
3967,751;0,02566572;0,01329767;
3969,615;0,02574013;0,01337487;
3971,478;0,02558863;0,01322615;
3973,342;0,0255399;0,0131802;
3975,206;0,02563211;0,01327518;
3977,069;0,02569573;0,01334157;
3978,933;0,02559027;0,01323888;
3980,797;0,02562072;0,0132721;
3982,660;0,02569058;0,01334472;
3984,524;0,02584796;0,01350485;
3986,388;0,02564893;0,01330857;
3988,251;0,02576781;0,0134302;
3990,115;0,02579566;0,01346079;
3991,979;0,02547163;0,0131395;
3993,842;0,02531701;0,01298762;
3995,706;0,02562215;0,01329549;
3997,570;0,0253881;0,01306417;
