;May06_TPC_06-04-0_HMW;May06_TPC_06-04-0_HMW (baseline corrected);
Wavelength [nm];Absorbance;absorbance;
650,420;0,1427224;0,006452486;
652,284;0,141961;0,00667343;
654,148;0,1413412;0,007024834;
656,011;0,1406687;0,00731252;
657,875;0,1401502;0,007743292;
659,739;0,1395534;0,008085125;
661,602;0,1389647;0,008424508;
663,466;0,1381122;0,008489695;
665,330;0,1364991;0,007784;
667,193;0,1363979;0,00858014;
669,057;0,137472;0,01054158;
670,921;0,1358217;0,009768864;
672,784;0,1348106;0,009625491;
674,648;0,1341573;0,009830545;
676,512;0,1337269;0,01024896;
678,375;0,1330371;0,0103987;
680,239;0,1324567;0,01064861;
682,103;0,1317063;0,01071954;
683,966;0,1311224;0,010948;
685,830;0,1305339;0,01116306;
687,694;0,1300562;0,01148023;
689,557;0,1294538;0,01166408;
691,421;0,1289379;0,01192607;
693,285;0,1284143;0,01217204;
695,149;0,1280432;0,01256219;
697,012;0,1275274;0,01279949;
698,876;0,1270034;0,01302069;
700,740;0,1262568;0,01301128;
702,603;0,1255623;0,01304631;
704,467;0,1247545;0,01296018;
706,331;0,1239281;0,01284797;
708,194;0,123148;0,01277447;
710,058;0,1223842;0,01270994;
711,922;0,1216201;0,0126378;
713,785;0,1209713;0,01267376;
715,649;0,1203615;0,01274155;
717,513;0,1197925;0,01284321;
719,376;0,1191453;0,01285967;
721,240;0,1185554;0,01292659;
723,104;0,1178953;0,01291651;
724,967;0,1172754;0,01294003;
726,831;0,1166905;0,01299196;
728,695;0,1161289;0,01306066;
730,558;0,1154732;0,01302893;
732,422;0,1149571;0,01313038;
734,286;0,1144466;0,01323119;
736,149;0,1140652;0,01345498;
738,013;0,1135499;0,0135387;
739,877;0,1130256;0,01360748;
741,740;0,1125974;0,01376634;
743,604;0,1122839;0,01403406;
745,468;0,1119769;0,01430247;
747,331;0,1117849;0,01468019;
749,195;0,1114194;0,01487869;
751,059;0,1111009;0,01511869;
752,922;0,1109235;0,01549424;
754,786;0,1107168;0,01583498;
756,650;0,1103289;0,01598915;
758,513;0,1100358;0,01623291;
760,377;0,1097655;0,01649417;
762,241;0,109563;0,01681797;
764,104;0,1092432;0,01701945;
765,968;0,1089455;0,01723791;
767,832;0,1086711;0,01747474;
769,695;0,1083987;0,01770848;
771,559;0,108138;0,01794919;
773,423;0,1079786;0,01828627;
775,286;0,1076769;0,01847636;
777,150;0,1073752;0,01866179;
779,014;0,10714;0,01890903;
780,877;0,1069383;0,01918511;
782,741;0,1067265;0,0194466;
784,605;0,1064695;0,01965836;
786,468;0,1061795;0,01983278;
788,332;0,1058258;0,019939;
790,196;0,1053603;0,01992917;
792,059;0,1049863;0,02000657;
793,923;0,1045372;0,02000462;
795,787;0,1040475;0,01995789;
797,650;0,1034783;0,0198275;
799,514;0,1030568;0,01984075;
801,378;0,1026234;0,01983814;
803,241;0,1021556;0,01979705;
805,105;0,1015688;0,01963307;
806,969;0,1009911;0,01947423;
808,832;0,100409;0,01930715;
810,696;0,09972513;0,01903454;
812,560;0,09901885;0,01873573;
814,423;0,09836379;0,01848442;
816,287;0,09757264;0,01809334;
818,151;0,09676244;0,01767958;
820,014;0,09602798;0,01733797;
821,878;0,09534636;0,01704562;
823,742;0,09470231;0,01678734;
825,605;0,09421903;0,01668636;
827,469;0,09364849;0,01649467;
829,333;0,09303032;0,01625197;
831,196;0,09251323;0,01610697;
833,060;0,09206062;0,01602314;
834,924;0,09153314;0,01586116;
836,787;0,09106993;0,01576018;
838,651;0,09045515;0,01550444;
840,515;0,08968271;0,01508785;
842,378;0,08900954;0,0147674;
844,242;0,08851108;0,01461853;
846,106;0,0880297;0,01448368;
847,969;0,08744898;0,01424646;
849,833;0,08685831;0,01399627;
851,697;0,08649774;0,01397321;
853,560;0,08623941;0,01404945;
855,424;0,08600542;0,01414712;
857,288;0,08591628;0,01438676;
859,151;0,08585867;0,01465508;
861,015;0,08572849;0,01484802;
862,879;0,08568305;0,01512291;
864,742;0,08564139;0,01539884;
866,606;0,08562833;0,01570063;
868,470;0,08560848;0,01599293;
870,333;0,08558955;0,01628349;
872,197;0,08554842;0,01654921;
874,061;0,08550515;0,01681018;
875,924;0,08549165;0,01709833;
877,788;0,08552378;0,01742956;
879,652;0,08552549;0,01772783;
881,515;0,0855356;0,01803201;
883,379;0,0855274;0,0183154;
885,243;0,08558521;0,01866235;
887,106;0,08573799;0,01910184;
888,970;0,0859548;0,01960296;
890,834;0,08612507;0,02005518;
892,697;0,08625389;0,02046358;
894,561;0,08638639;0,02087335;
896,425;0,08661674;0,02137866;
898,288;0,08686852;0,02190312;
900,152;0,08712034;0,02242538;
902,016;0,08741193;0,02298517;
903,879;0,08768264;0,02352188;
905,743;0,08794317;0,02404622;
907,607;0,08832999;0,02469469;
909,470;0,08874364;0,02536785;
911,334;0,08915657;0,02603817;
913,198;0,08957003;0,02670692;
915,061;0,08988911;0,02727922;
916,925;0,09020667;0,02784795;
918,789;0,09062291;0,02851331;
920,652;0,09098386;0,02912138;
922,516;0,09136117;0,02974381;
924,380;0,09174357;0,03036936;
926,243;0,09211158;0,03097857;
928,107;0,09248316;0,03158941;
929,971;0,09299295;0,03233656;
931,834;0,09352254;0,0331016;
933,698;0,09405475;0,03386738;
935,562;0,09464034;0,0346847;
937,425;0,09532129;0,03559553;
939,289;0,09603184;0,03653414;
941,153;0,0966823;0,03741086;
943,016;0,09731026;0,03826329;
944,880;0,09807126;0,039247;
946,744;0,09893262;0,04032932;
948,607;0,09981288;0,0414288;
950,471;0,1006739;0,04250736;
952,335;0,1015137;0,04356293;
954,198;0,1023455;0,0446089;
956,062;0,1032554;0,04573118;
957,926;0,1042439;0,04693049;
959,789;0,1052558;0,04815159;
961,653;0,1061485;0,04925183;
963,517;0,1070562;0,05036555;
965,380;0,108104;0,05161764;
967,244;0,1091901;0,05290658;
969,108;0,1103328;0,05425051;
970,972;0,1115581;0,05567547;
972,835;0,1127219;0,05703744;
974,699;0,1137213;0,0582335;
976,563;0,1146737;0,05938109;
978,426;0,1155821;0,06048313;
980,290;0,1163813;0,06147456;
982,154;0,117193;0,06247699;
984,017;0,1179834;0,0634567;
985,881;0,1188632;0,06452433;
987,745;0,1197364;0,06558403;
989,608;0,1206792;0,06671185;
991,472;0,1216649;0,06788127;
993,336;0,1227401;0,06913871;
995,199;0,1239876;0,07056722;
997,063;0,1253868;0,07214597;
998,927;0,1267033;0,07364076;
1000,790;0,128063;0,0751773;
1002,654;0,129489;0,07677894;
1004,518;0,1308792;0,07834347;
1006,381;0,1323162;0,0799535;
1008,245;0,1338537;0,08166266;
1010,109;0,135295;0,08327451;
1011,972;0,1367426;0,08489126;
1013,836;0,1381682;0,08648487;
1015,700;0,1394698;0,08795317;
1017,563;0,1406732;0,08932212;
1019,427;0,1418583;0,09067153;
1021,291;0,1428832;0,09185957;
1023,154;0,1438157;0,09295403;
1025,018;0,144564;0,09386312;
1026,882;0,1451492;0,09460785;
1028,745;0,1456619;0,09527899;
1030,609;0,1460669;0,09584131;
1032,473;0,1464125;0,09634303;
1034,336;0,1466799;0,09676554;
1036,200;0,1467538;0,09699333;
1038,064;0,1468354;0,09722772;
1039,927;0,1467704;0,09731453;
1041,791;0,1464614;0,09715615;
1043,655;0,1460382;0,09688253;
1045,518;0,1455035;0,09649628;
1047,382;0,1447673;0,09590755;
1049,246;0,1440079;0,09529458;
1051,109;0,1432643;0,09469633;
1052,973;0,1424034;0,09397983;
1054,837;0,1414416;0,09316134;
1056,700;0,1404407;0,09230269;
1058,564;0,1394328;0,09143609;
1060,428;0,1383965;0,09054011;
1062,291;0,137278;0,08956096;
1064,155;0,1362965;0,08871782;
1066,019;0,1353704;0,08792919;
1067,882;0,1344384;0,08713361;
1069,746;0,1334345;0,08626521;
1071,610;0,1324043;0,08536958;
1073,473;0,1314527;0,08455152;
1075,337;0,1305008;0,08373236;
1077,201;0,1294936;0,08285696;
1079,064;0,1284903;0,08198451;
1080,928;0,1274314;0,08105553;
1082,792;0,1264232;0,08017649;
1084,655;0,1254656;0,07934707;
1086,519;0,1245155;0,07852423;
1088,383;0,123481;0,07761615;
1090,246;0,1224945;0,07675522;
1092,110;0,1214485;0,07583395;
1093,974;0,120328;0,07483734;
1095,837;0,1192781;0,07391047;
1097,701;0,1182226;0,07297723;
1099,565;0,1170613;0,07193731;
1101,428;0,1159757;0,07097218;
1103,292;0,114915;0,0700312;
1105,156;0,1139199;0,06915511;
1107,019;0,1130892;0,06844247;
1108,883;0,1124208;0,06789141;
1110,747;0,1117654;0,0673526;
1112,610;0,1111617;0,06686471;
1114,474;0,1106254;0,06644341;
1116,338;0,1101061;0,06603832;
1118,201;0,1095661;0,0656118;
1120,065;0,1090914;0,06524984;
1121,929;0,1085857;0,06485603;
1123,792;0,1079648;0,06434642;
1125,656;0,1072593;0,06375142;
1127,520;0,1065062;0,06310803;
1129,383;0,1057469;0,06245777;
1131,247;0,1050283;0,06184751;
1133,111;0,1042223;0,06114913;
1134,974;0,1033914;0,06042514;
1136,838;0,1026617;0,05980164;
1138,702;0,1019725;0,05921801;
1140,565;0,101232;0,05858225;
1142,429;0,1005204;0,05797487;
1144,293;0,09985626;0,05741416;
1146,156;0,09924334;0,05690403;
1148,020;0,09864627;0,05640909;
1149,884;0,09806474;0,05592903;
1151,747;0,09751136;0,05547646;
1153,611;0,09702677;0,05509203;
1155,475;0,0964672;0,05463197;
1157,338;0,09590295;0,05416659;
1159,202;0,09539541;0,05375729;
1161,066;0,09497513;0,05343462;
1162,929;0,09456099;0,05311747;
1164,793;0,09421805;0,05287089;
1166,657;0,09394392;0,05269251;
1168,520;0,09364372;0,05248745;
1170,384;0,09333832;0,05227659;
1172,248;0,09303004;0,05206224;
1174,111;0,0927126;0,05183814;
1175,975;0,09246114;0,05167943;
1177,839;0,09229769;0,05160814;
1179,702;0,09224886;0,05165089;
1181,566;0,09226001;0,05175305;
1183,430;0,09236593;0,0519494;
1185,293;0,09257093;0,05224426;
1187,157;0,09281097;0,05257361;
1189,021;0,09311226;0,05296364;
1190,884;0,09353359;0,05347316;
1192,748;0,09396022;0,05398742;
1194,612;0,09445848;0,05457278;
1196,475;0,09499295;0,05519379;
1198,339;0,09550464;0,05579149;
1200,203;0,09601958;0,05639191;
1202,066;0,09655979;0,05701707;
1203,930;0,09711856;0,05766026;
1205,794;0,09764804;0,05827365;
1207,657;0,09815514;0,05886413;
1209,521;0,09867754;0,0594694;
1211,385;0,0992256;0,06009982;
1213,248;0,0997313;0,06068738;
1215,112;0,100169;0,06120642;
1216,976;0,100564;0,06168232;
1218,839;0,10097;0,06216866;
1220,703;0,1013295;0,06260805;
1222,567;0,1016659;0,06302382;
1224,430;0,102003;0,06343981;
1226,294;0,1022736;0,06378891;
1228,158;0,1024787;0,06407188;
1230,021;0,1026019;0,06427261;
1231,885;0,1027439;0,06449163;
1233,749;0,1028741;0,06469833;
1235,612;0,1029652;0,06486557;
1237,476;0,103021;0,06499699;
1239,340;0,1031106;0,0651617;
1241,203;0,1032371;0,06536301;
1243,067;0,1033363;0,06553642;
1244,931;0,1034087;0,06568267;
1246,795;0,1034909;0,06583822;
1248,658;0,1036484;0,06606869;
1250,522;0,1038458;0,06633863;
1252,386;0,1040127;0,06657766;
1254,249;0,1041598;0,06679642;
1256,113;0,104344;0,06705182;
1257,977;0,1045598;0,06733846;
1259,840;0,1048102;0,06765921;
1261,704;0,104941;0,06786;
1263,568;0,1049748;0,06796342;
1265,431;0,1050809;0,06813861;
1267,295;0,1051923;0,06831883;
1269,159;0,1053344;0,06852927;
1271,022;0,1054774;0,06874014;
1272,886;0,1055868;0,06891713;
1274,750;0,1056786;0,06907611;
1276,613;0,1058672;0,06933143;
1278,477;0,1060372;0,06956786;
1280,341;0,106287;0,06988361;
1282,204;0,1066211;0,07028333;
1284,068;0,1069971;0,07072461;
1285,932;0,1074169;0,07120919;
1287,795;0,1079552;0,07181197;
1289,659;0,1084903;0,07241117;
1291,523;0,1089945;0,07297913;
1293,386;0,1095491;0,07359708;
1295,250;0,1101991;0,07431015;
1297,114;0,1108691;0,07504277;
1298,977;0,1114679;0,07570379;
1300,841;0,1120686;0,07636649;
1302,705;0,1126263;0,07698574;
1304,568;0,1132074;0,07762803;
1306,432;0,1138038;0,07828531;
1308,296;0,1142957;0,07883778;
1310,159;0,1146463;0,07924856;
1312,023;0,1151171;0,07977919;
1313,887;0,1156368;0,08035832;
1315,750;0,1160332;0,08081397;
1317,614;0,1165619;0,08140148;
1319,478;0,1171638;0,08206183;
1321,341;0,1175945;0,08255071;
1323,205;0,1179774;0,08299149;
1325,069;0,1185059;0,08357745;
1326,932;0,1191219;0,0842507;
1328,796;0,1198955;0,08508112;
1330,660;0,1206927;0,08593496;
1332,523;0,1214131;0,08671159;
1334,387;0,1221782;0,08753258;
1336,251;0,1232504;0,08866042;
1338,114;0,124845;0,09031034;
1339,978;0,1266787;0,092199;
1341,842;0,1276675;0,09324246;
1343,705;0,1283877;0,09401708;
1345,569;0,1295986;0,09528203;
1347,433;0,1309781;0,09671537;
1349,296;0,1324089;0,0981996;
1351,160;0,1337647;0,09960865;
1353,024;0,1351131;0,10101;
1354,887;0,1365999;0,1025493;
1356,751;0,1378258;0,1038276;
1358,615;0,138741;0,1047949;
1360,478;0,1401098;0,1062154;
1362,342;0,1424182;0,1085753;
1364,206;0,1440713;0,1102795;
1366,069;0,1445679;0,110827;
1367,933;0,1455892;0,1118989;
1369,797;0,1466295;0,1129897;
1371,660;0,1472689;0,1136792;
1373,524;0,1487585;0,1152185;
1375,388;0,1501321;0,1166417;
1377,251;0,150334;0,1168929;
1379,115;0,1506699;0,1172778;
1380,979;0,1509343;0,1175909;
1382,842;0,1509293;0,1176344;
1384,706;0,1508773;0,1176307;
1386,570;0,1515225;0,1183238;
1388,433;0,1519617;0,1188108;
1390,297;0,1507335;0,11763;
1392,161;0,1495966;0,1165403;
1394,024;0,1495409;0,1165315;
1395,888;0,1495233;0,1165606;
1397,752;0,1486117;0,1156955;
1399,615;0,1478326;0,1149626;
1401,479;0,1460312;0,1132071;
1403,343;0,1441561;0,1113777;
1405,206;0,1428803;0,1101474;
1407,070;0,1410652;0,1083775;
1408,934;0,1387664;0,1061237;
1410,797;0,1365377;0,1039397;
1412,661;0,1341269;0,1015735;
1414,525;0,1313579;0,09884874;
1416,388;0,1289079;0,09644281;
1418,252;0,127655;0,09523369;
1420,116;0,1262341;0,09385638;
1421,979;0,1232456;0,09091132;
1423,843;0,120867;0,08857583;
1425,707;0,1187154;0,08646715;
1427,570;0,1164819;0,0842763;
1429,434;0,1148902;0,08272705;
1431,298;0,1131791;0,08105815;
1433,161;0,1110012;0,07892232;
1435,025;0,1097287;0,07769167;
1436,889;0,1100265;0,078031;
1438,752;0,1087163;0,07676218;
1440,616;0,1066021;0,07468919;
1442,480;0,1052694;0,07339744;
1444,343;0,1040902;0,0722589;
1446,207;0,1032769;0,07148611;
1448,071;0,1027937;0,07104322;
1449,934;0,1015254;0,06981507;
1451,798;0,09947098;0,06780056;
1453,662;0,09760043;0,06596971;
1455,525;0,09705803;0,0654668;
1457,389;0,09856857;0,06701664;
1459,253;0,09683566;0,06532283;
1461,116;0,09389577;0,06242183;
1462,980;0,09218018;0,06074493;
1464,844;0,09186051;0,06046377;
1466,707;0,09046992;0,05911148;
1468,571;0,08826198;0,05694165;
1470,435;0,08700283;0,05572042;
1472,298;0,08772391;0,05647923;
1474,162;0,0879114;0,05670425;
1476,026;0,08716428;0,05599447;
1477,889;0,08666893;0,05553628;
1479,753;0,08642586;0,05533018;
1481,617;0,08690313;0,05584424;
1483,480;0,08705827;0,05603598;
1485,344;0,08735059;0,05636471;
1487,208;0,08886172;0,05791208;
1489,071;0,0912422;0,06032861;
1490,935;0,09286375;0,06198604;
1492,799;0,09228828;0,06144626;
1494,662;0,09272413;0,06191763;
1496,526;0,09568059;0,06490943;
1498,390;0,09801915;0,06728316;
1500,253;0,0985226;0,0678216;
1502,117;0,09818164;0,06751546;
1503,981;0,09862484;0,0679933;
1505,844;0,1036363;0,07303921;
1507,708;0,1103661;0,07980334;
1509,572;0,1099447;0,07941603;
1511,435;0,109621;0,07912638;
1513,299;0,1104604;0,07999955;
1515,163;0,1118354;0,08140813;
1517,026;0,1144577;0,08406391;
1518,890;0,1159918;0,08563131;
1520,754;0,1192128;0,08888551;
1522,618;0,123211;0,09291664;
1524,481;0,1241413;0,09387973;
1526,345;0,1265468;0,09631795;
1528,209;0,1286052;0,0984088;
1530,072;0,1297194;0,09955539;
1531,936;0,1320406;0,1019088;
1533,800;0,1364398;0,1063399;
1535,663;0,1374705;0,1074025;
1537,527;0,1377566;0,1077204;
1539,391;0,143909;0,1139044;
1541,254;0,1513181;0,1213449;
1543,118;0,1530153;0,1230733;
1544,982;0,1543957;0,1244848;
1546,845;0,1552466;0,1253666;
1548,709;0,1563622;0,126513;
1550,573;0,1586343;0,1288158;
1552,436;0,159489;0,129701;
1554,300;0,1601871;0,1304295;
1556,164;0,1611324;0,131405;
1558,027;0,1648876;0,1351903;
1559,891;0,1718602;0,1421928;
1561,755;0,1691171;0,1394795;
1563,618;0,1664856;0,1368777;
1565,482;0,1660938;0,1365154;
1567,346;0,1660183;0,1364693;
1569,209;0,1666984;0,1371786;
1571,073;0,1669198;0,1374291;
1572,937;0,1648483;0,1353865;
1574,800;0,1642421;0,1348092;
1576,664;0,1655958;0,1361916;
1578,528;0,1647415;0,1353658;
1580,391;0,1625517;0,1332044;
1582,255;0,1613285;0,1320095;
1584,119;0,1601413;0,1308504;
1585,982;0,1590285;0,1297657;
1587,846;0,1576654;0,1284304;
1589,710;0,1563209;0,1271137;
1591,573;0,1547091;0,1255295;
1593,437;0,1532505;0,1240983;
1595,301;0,1516842;0,1225595;
1597,164;0,1500738;0,1209763;
1599,028;0,1481637;0,1190933;
1600,892;0,1464453;0,1174019;
1602,755;0,1447105;0,1156939;
1604,619;0,142917;0,1139272;
1606,483;0,1408391;0,1118759;
1608,346;0,1390172;0,1100805;
1610,210;0,1370649;0,1081545;
1612,074;0,1348311;0,1059469;
1613,937;0,1324949;0,1036369;
1615,801;0,1312337;0,1024017;
1617,665;0,1302291;0,101423;
1619,528;0,1276721;0,09889174;
1621,392;0,1251489;0,09639414;
1623,256;0,1238171;0,09508793;
1625,119;0,1222157;0,09351189;
1626,983;0,1202501;0,09157158;
1628,847;0,1184798;0,08982645;
1630,710;0,1162208;0,08759249;
1632,574;0,1137589;0,08515561;
1634,438;0,1125581;0,08397964;
1636,301;0,1122557;0,08370191;
1638,165;0,1102307;0,08170157;
1640,029;0,1075884;0,07908377;
1641,892;0,1054264;0,07694612;
1643,756;0,1033851;0,07492911;
1645,620;0,1021056;0,0736738;
1647,483;0,1010863;0,07267849;
1649,347;0,0987241;0,07034027;
1651,211;0,09627536;0,06791537;
1653,074;0,09629896;0,0679627;
1654,938;0,09538818;0,06707555;
1656,802;0,09238241;0,0640933;
1658,665;0,08992438;0,06165868;
1660,529;0,08814856;0,05990617;
1662,393;0,0867251;0,05850591;
1664,256;0,08517604;0,05697995;
1666,120;0,08294989;0,0547768;
1667,984;0,08116547;0,05301528;
1669,847;0,07992035;0,05179294;
1671,711;0,07815055;0,05004583;
1673,575;0,07607546;0,04799333;
1675,438;0,07468199;0,04662236;
1677,302;0,07282532;0,04478808;
1679,166;0,0705545;0,04253955;
1681,029;0,06862473;0,04063197;
1682,893;0,06738033;0,03940966;
1684,757;0,06685381;0,03890514;
1686,620;0,06506161;0,03713483;
1688,484;0,06293901;0,03503404;
1690,348;0,06129837;0,0334151;
1692,211;0,05967879;0,03181713;
1694,075;0,05832053;0,03048038;
1695,939;0,05731398;0,02949526;
1697,802;0,05595485;0,02815746;
1699,666;0,05479751;0,02702135;
1701,530;0,05393944;0,02618442;
1703,393;0,05207939;0,02434541;
1705,257;0,05099695;0,02328393;
1707,121;0,04996053;0,02226837;
1708,984;0,04873762;0,02106624;
1710,848;0,04736993;0,01971923;
1712,712;0,04616148;0,01853137;
1714,575;0,04503808;0,01742848;
1716,439;0,04433291;0,01674373;
1718,303;0,04367909;0,01611023;
1720,166;0,04245683;0,01490821;
1722,030;0,04103433;0,01350587;
1723,894;0,04013687;0,01262847;
1725,757;0,03930305;0,01181462;
1727,621;0,03857948;0,01111095;
1729,485;0,03778948;0,01034076;
1731,348;0,03714598;0,009716979;
1733,212;0,0368394;0,009430032;
1735,076;0,03675534;0,00936552;
1736,939;0,03561497;0,008244622;
1738,803;0,03506146;0,007710491;
1740,667;0,0348819;0,007550236;
1742,530;0,0344846;0,007172157;
1744,394;0,03399663;0,00670332;
1746,258;0,03359855;0,006324292;
1748,121;0,0333356;0,006080324;
1749,985;0,03320852;0,00597213;
1751,849;0,03295835;0,005740782;
1753,712;0,03242295;0,005224111;
1755,576;0,03188754;0,004707355;
1757,440;0,03173254;0,004570934;
1759,303;0,03124997;0,004106855;
1761,167;0,03096956;0,003844864;
1763,031;0,03064037;0,003534013;
1764,894;0,03006923;0,002981136;
1766,758;0,02949154;0,00242163;
1768,622;0,02904802;0,001996219;
1770,485;0,0284932;0,001459439;
1772,349;0,02831682;0,001301009;
1774,213;0,02785243;0,0008545042;
1776,076;0,02718357;0,0002034556;
1777,940;0,02662484;-0,0003375463;
1779,804;0,02629251;-0,0006522221;
1781,667;0,02600492;-0,0009222272;
1783,531;0,02562239;-0,001287244;
1785,395;0,02533045;-0,00156175;
1787,258;0,02494268;-0,001932149;
1789,122;0,0244484;-0,002409135;
1790,986;0,02431431;-0,002526002;
1792,849;0,0243632;-0,002459968;
1794,713;0,02405881;-0,002747274;
1796,577;0,02367028;-0,0031188;
1798,441;0,02355369;-0,003218459;
1800,304;0,02350517;-0,003250107;
1802,168;0,02355264;-0,003185838;
1804,032;0,02337485;-0,003346897;
1805,895;0,02321665;-0,003488443;
1807,759;0,02309893;-0,003589574;
1809,623;0,02312205;-0,003549928;
1811,486;0,02321664;-0,00343889;
1813,350;0,02318676;-0,003452382;
1815,214;0,02303073;-0,003592088;
1817,077;0,02304749;-0,003559073;
1818,941;0,02307392;-0,003516465;
1820,805;0,02317006;-0,003404203;
1822,668;0,0231566;-0,003401608;
1824,532;0,02335502;-0,003187196;
1826,396;0,02339239;-0,003133906;
1828,259;0,02316156;-0,003348879;
1830,123;0,02330295;-0,003191696;
1831,987;0,02337263;-0,003106281;
1833,850;0,02324414;-0,003219111;
1835,714;0,02341488;-0,003032766;
1837,578;0,02341037;-0,003021735;
1839,441;0,02329638;-0,003120246;
1841,305;0,02315983;-0,003241383;
1843,169;0,02339292;-0,002992951;
1845,032;0,02373803;-0,002632544;
1846,896;0,02366676;-0,002688593;
1848,760;0,02346741;-0,002872775;
1850,623;0,02345972;-0,002865361;
1852,487;0,0235316;-0,002778434;
1854,351;0,02366208;-0,002632973;
1856,214;0,02361082;-0,002669309;
1858,078;0,02373869;-0,00252657;
1859,942;0,02379104;-0,002459421;
1861,805;0,0238518;-0,002383911;
1863,669;0,02372396;-0,002497068;
1865,533;0,02362829;-0,002578103;
1867,396;0,02362749;-0,002564338;
1869,260;0,02392009;-0,002257227;
1871,124;0,02381857;-0,002344288;
1872,987;0,02360305;-0,002545416;
1874,851;0,02344272;-0,002691407;
1876,715;0,02366193;-0,002457913;
1878,578;0,0237781;-0,002327524;
1880,442;0,02375401;-0,002337436;
1882,306;0,02377991;-0,002297429;
1884,169;0,02370514;-0,002358138;
1886,033;0,02335304;-0,002696238;
1887,897;0,02341003;-0,002625306;
1889,760;0,02361079;-0,002410652;
1891,624;0,02368641;-0,002321197;
1893,488;0,02353422;-0,002459605;
1895,351;0,0236341;-0,002345996;
1897,215;0,02365558;-0,002310838;
1899,079;0,02352895;-0,002423843;
1900,942;0,02328563;-0,002653597;
1902,806;0,02326037;-0,002665345;
1904,670;0,02310481;-0,002807438;
1906,533;0,02321573;-0,002683112;
1908,397;0,0232834;-0,002602089;
1910,261;0,02324603;-0,002626151;
1912,124;0,0231108;-0,002748135;
1913,988;0,0231693;-0,002676429;
1915,852;0,02300253;-0,00283005;
1917,715;0,02301705;-0,002802427;
1919,579;0,02298607;-0,00282036;
1921,443;0,02277203;-0,003021405;
1923,306;0,02242849;-0,003351998;
1925,170;0,02209701;-0,00367058;
1927,034;0,02176154;-0,003993209;
1928,897;0,02181678;-0,003925171;
1930,761;0,02175611;-0,003973087;
1932,625;0,02163903;-0,004077469;
1934,488;0,02114436;-0,004559492;
1936,352;0,02122443;-0,004466815;
1938,216;0,02150465;-0,004174041;
1940,079;0,0212099;-0,004456286;
1941,943;0,02050624;-0,005147494;
1943,807;0,02046232;-0,005179008;
1945,670;0,02008495;-0,005544012;
1947,534;0,01942187;-0,006194776;
1949,398;0,01902536;-0,006579022;
1951,261;0,0195227;-0,006069463;
1953,125;0,01921948;-0,006360504;
1954,989;0,01829586;-0,007271994;
1956,852;0,01733738;-0,008218396;
1958,716;0,0168259;-0,008717843;
1960,580;0,01621187;-0,009319877;
1962,443;0,01641709;-0,009102717;
1964,307;0,01604933;-0,009458581;
1966,171;0,01540408;-0,01009198;
1968,034;0,01437699;-0,01110726;
1969,898;0,01407555;-0,01139693;
1971,762;0,01401254;-0,01144822;
1973,625;0,01394197;-0,01150711;
1975,489;0,01374148;-0,01169598;
1977,353;0,01377666;-0,01164921;
1979,216;0,01438505;-0,01102927;
1981,080;0,01546021;-0,009942611;
1982,944;0,01572039;-0,009670971;
1984,807;0,01635989;-0,009020061;
1986,671;0,01653168;-0,008836892;
1988,535;0,01654009;-0,008817155;
1990,398;0,01677516;-0,008570797;
1992,262;0,01720329;-0,008131424;
1994,126;0,01701565;-0,008307864;
1995,989;0,01711466;-0,008197686;
1997,853;0,0170912;-0,008210034;
1999,717;0,01675862;-0,008531532;
2001,580;0,01645909;-0,008820025;
2003,444;0,01632576;-0,008942356;
2005,308;0,0151217;-0,01013547;
2007,171;0,01438972;-0,01085653;
2009,035;0,01395636;-0,01127902;
2010,899;0,01390213;-0,01132241;
2012,762;0,01442707;-0,01078668;
2014,626;0,01475056;-0,01045243;
2016,490;0,01384846;-0,01134382;
2018,353;0,01345577;-0,01172584;
2020,217;0,01367595;-0,01149503;
2022,081;0,01389333;-0,01126705;
2023,944;0,01363819;-0,01151163;
2025,808;0,0135491;-0,0115902;
2027,672;0,01334053;-0,0117883;
2029,535;0,01344992;-0,01166847;
2031,399;0,0134767;-0,01163128;
2033,263;0,01407776;-0,01101986;
2035,126;0,01393087;-0,01115642;
2036,990;0,01412824;-0,01094876;
2038,854;0,01508931;-0,009977445;
2040,717;0,01622903;-0,008827508;
2042,581;0,01604272;-0,009003638;
2044,445;0,01646258;-0,008573638;
2046,308;0,01763714;-0,007388974;
2048,172;0,01883711;-0,006178938;
2050,036;0,01953361;-0,005472417;
2051,899;0,02031417;-0,004681864;
2053,763;0,02059304;-0,004393033;
2055,627;0,02100894;-0,003967217;
2057,490;0,02125523;-0,003711039;
2059,354;0,0215951;-0,003361317;
2061,218;0,02217605;-0,002770554;
2063,081;0,02284308;-0,002093751;
2064,945;0,02327304;-0,001654043;
2066,809;0,02338313;-0,001534254;
2068,672;0,02350136;-0,001406347;
2070,536;0,02387731;-0,00102076;
2072,400;0,02395526;-0,0009332016;
2074,264;0,02415858;-0,0007203148;
2076,127;0,02486745;-1,909799E-6;
2077,991;0,02536073;0,0005008652;
2079,855;0,02521404;0,0003636426;
2081,718;0,02534876;0,0005077984;
2083,582;0,02547595;0,0006443879;
2085,446;0,02556402;0,0007418223;
2087,309;0,02603973;0,001226858;
2089,173;0,02639847;0,001594899;
2091,037;0,02592981;0,001135503;
2092,900;0,02559419;0,0008091135;
2094,764;0,02530911;0,0005332341;
2096,628;0,02546266;0,0006959569;
2098,491;0,02580796;0,001050383;
2100,355;0,02618448;0,00143601;
2102,219;0,02641954;0,001680136;
2104,082;0,0263655;0,001635138;
2105,946;0,02638115;0,001659786;
2107,810;0,02685949;0,002147104;
2109,673;0,02681973;0,002116284;
2111,537;0,02667973;0,001985199;
2113,401;0,02661673;0,001931078;
2115,264;0,02655535;0,001878545;
2117,128;0,02630743;0,001639438;
2118,992;0,026386;0,001726793;
2120,855;0,0263651;0,001714655;
2122,719;0,02624826;0,001606537;
2124,583;0,02598695;0,001353914;
2126,446;0,02572398;0,001099606;
2128,310;0,02495912;0,0003433812;
2130,174;0,02431668;-0,0002904575;
2132,037;0,02359147;-0,001007095;
2133,901;0,0228436;-0,001746415;
2135,765;0,02262735;-0,001954158;
2137,628;0,0227067;-0,001866323;
2139,492;0,02199965;-0,002564917;
2141,356;0,02101062;-0,003545529;
2143,219;0,01998221;-0,004565539;
2145,083;0,01951336;-0,005026027;
2146,947;0,01915155;-0,005379498;
2148,810;0,01830923;-0,006213516;
2150,674;0,01715462;-0,007359843;
2152,538;0,01668131;-0,007824898;
2154,401;0,01530372;-0,009194267;
2156,265;0,0133784;-0,0111114;
2158,129;0,0122356;-0,01224603;
2159,992;0,01316376;-0,01130973;
2161,856;0,01494278;-0,00952261;
2163,720;0,0159035;-0,008553802;
2165,583;0,01566591;-0,008783337;
2167,447;0,01673914;-0,007702083;
2169,311;0,01824276;-0,006190465;
2171,174;0,01888927;-0,005535991;
2173,038;0,01879905;-0,005618266;
2174,902;0,01882745;-0,005581952;
2176,765;0,0190046;-0,005396906;
2178,629;0,01940177;-0,004991872;
2180,493;0,01987357;-0,004512245;
2182,356;0,01978251;-0,004595496;
2184,220;0,02021717;-0,004153047;
2186,084;0,02129316;-0,003069302;
2187,947;0,02114153;-0,003213208;
2189,811;0,02146563;-0,0028814;
2191,675;0,02217491;-0,002164448;
2193,538;0,02232535;-0,002006362;
2195,402;0,02204624;-0,002277843;
2197,266;0,02231138;-0,002005107;
2199,129;0,02290799;-0,001400924;
2200,993;0,02394325;-0,0003581114;
2202,857;0,02432318;2,933897E-5;
2204,720;0,02413501;-0,0001513358;
2206,584;0,02372368;-0,0005551929;
2208,448;0,02373699;-0,0005344397;
2210,311;0,02374237;-0,0005216404;
2212,175;0,02408745;-0,0001691687;
2214,039;0,02474503;0,0004957902;
2215,902;0,0251049;0,0008630023;
2217,766;0,02550272;0,001268144;
2219,630;0,0256842;0,001456917;
2221,493;0,02590725;0,001687242;
2223,357;0,02634635;0,00213359;
2225,221;0,02637473;0,002169191;
2227,084;0,0263353;0,002136968;
2228,948;0,02648769;0,002296533;
2230,812;0,02665156;0,002467554;
2232,675;0,02662521;0,002448332;
2234,539;0,0271914;0,003021623;
2236,403;0,02780764;0,003644938;
2238,266;0,02811576;0,003960121;
2240,130;0,02807678;0,003928171;
2241,994;0,02838782;0,004246226;
2243,857;0,02840628;0,00427167;
2245,721;0,02859991;0,004472262;
2247,585;0,02910559;0,004984884;
2249,448;0,02921524;0,005101451;
2251,312;0,02910624;0,004999343;
2253,176;0,02924193;0,005141912;
2255,039;0,02946141;0,005368239;
2256,903;0,02997601;0,005889661;
2258,767;0,03010439;0,006024843;
2260,630;0,03025677;0,006184006;
2262,494;0,03070666;0,00664066;
2264,358;0,03102422;0,006964955;
2266,221;0,03087766;0,006825111;
2268,085;0,03098972;0,006943863;
2269,949;0,03158328;0,00754409;
2271,812;0,03239626;0,008363718;
2273,676;0,03252109;0,008495179;
2275,540;0,03236477;0,008345461;
2277,403;0,03270934;0,008696616;
2279,267;0,03305856;0,009052396;
2281,131;0,03334798;0,009348363;
2282,994;0,03368522;0,009692119;
2284,858;0,03415109;0,01016449;
2286,722;0,03471361;0,01073348;
2288,585;0,03484385;0,01087018;
2290,449;0,034641;0,01067377;
2292,313;0,03460098;0,01064016;
2294,176;0,03473409;0,01077966;
2296,040;0,03477267;0,01082462;
2297,904;0,03476096;0,01081926;
2299,767;0,0349657;0,01103033;
2301,631;0,03520928;0,01128022;
2303,495;0,03530387;0,0113811;
2305,358;0,03539607;0,01147957;
2307,222;0,03548949;0,01157924;
2309,086;0,03556405;0,01166003;
2310,949;0,03552207;0,01162426;
2312,813;0,0355989;0,01170728;
2314,677;0,03578267;0,01189722;
2316,540;0,03602323;0,01214393;
2318,404;0,03629016;0,01241699;
2320,268;0,03644031;0,01257325;
2322,131;0,0367413;0,01288033;
2323,995;0,03688278;0,01302788;
2325,859;0,03635518;0,01250633;
2327,722;0,03591075;0,01206793;
2329,586;0,03599347;0,01215667;
2331,450;0,03612164;0,01229083;
2333,313;0,03609893;0,0122741;
2335,177;0,03601575;0,01219688;
2337,041;0,03590833;0,01209539;
2338,904;0,03601893;0,0122119;
2340,768;0,0362443;0,01244318;
2342,632;0,03644525;0,01265;
2344,495;0,03649596;0,01270657;
2346,359;0,03629287;0,01250933;
2348,223;0,03578627;0,01200856;
2350,087;0,03543224;0,01166033;
2351,950;0,0354079;0,01164178;
2353,814;0,03555952;0,01179917;
2355,678;0,03573144;0,01197684;
2357,541;0,03579162;0,01204276;
2359,405;0,03566401;0,01192085;
2361,269;0,0355307;0,01179324;
2363,132;0,03551732;0,01178554;
2364,996;0,03578466;0,01205855;
2366,860;0,03600938;0,0122889;
2368,723;0,03611405;0,01239921;
2370,587;0,03615314;0,01244389;
2372,451;0,036028;0,01232435;
2374,314;0,03595153;0,01225345;
2376,178;0,03624168;0,01254916;
2378,042;0,0363807;0,01269371;
2379,905;0,03635887;0,01267741;
2381,769;0,03619;0,01251404;
2383,633;0,03603128;0,0123608;
2385,496;0,03604815;0,01238314;
2387,360;0,0361892;0,01252964;
2389,224;0,03616722;0,0125131;
2391,087;0,03609043;0,01244172;
2392,951;0,0361193;0,012476;
2394,815;0,03604392;0,012406;
2396,678;0,03592027;0,01228771;
2398,542;0,03603933;0,01241213;
2400,406;0,03609802;0,01247616;
2402,269;0,03613347;0,01251692;
2404,133;0,03629666;0,01268541;
2405,997;0,03631425;0,01270829;
2407,860;0,03635064;0,01274994;
2409,724;0,03628227;0,01268683;
2411,588;0,03619775;0,01260754;
2413,451;0,03618655;0,01260156;
2415,315;0,03622182;0,01264204;
2417,179;0,03624345;0,01266885;
2419,042;0,03625197;0,01268255;
2420,906;0,03635339;0,01278912;
2422,770;0,03635222;0,0127931;
2424,633;0,0362396;0,01268559;
2426,497;0,03624879;0,0126999;
2428,361;0,03646578;0,01292197;
2430,224;0,03657565;0,01303693;
2432,088;0,03646499;0,01293133;
2433,952;0,03641506;0,01288644;
2435,815;0,03657741;0,01305383;
2437,679;0,0366971;0,01317853;
2439,543;0,03668544;0,01317186;
2441,406;0,03669061;0,01318202;
2443,270;0,03670422;0,0132006;
2445,134;0,03675152;0,01325285;
2446,997;0,03697448;0,01348075;
2448,861;0,03711124;0,01362244;
2450,725;0,03703461;0,01355071;
2452,588;0,03705221;0,01357321;
2454,452;0,03719191;0,01371779;
2456,316;0,03724315;0,01377389;
2458,179;0,03721609;0,01375168;
2460,043;0,03717575;0,01371618;
2461,907;0,03727939;0,01382464;
2463,770;0,03737508;0,01392513;
2465,634;0,03732765;0,0138825;
2467,498;0,03726905;0,01382867;
2469,361;0,03727253;0,01383691;
2471,225;0,03736609;0,01393522;
2473,089;0,03733308;0,01390694;
2474,952;0,03732781;0,0139064;
2476,816;0,03753641;0,0141197;
2478,680;0,03762284;0,01421083;
2480,543;0,03747899;0,01407165;
2482,407;0,0374832;0,01408053;
2484,271;0,03756093;0,01416291;
2486,134;0,03775781;0,01436442;
2487,998;0,03789744;0,01450867;
2489,862;0,03794252;0,01455835;
2491,725;0,03792037;0,01454081;
2493,589;0,03797186;0,01459687;
2495,453;0,03816114;0,01479072;
2497,316;0,03808813;0,01472227;
2499,180;0,03798955;0,01462822;
2501,044;0,03815809;0,01480128;
2502,907;0,03835283;0,01500054;
2504,771;0,03834199;0,0149942;
2506,635;0,03825594;0,01491263;
2508,498;0,038167;0,01482817;
2510,362;0,0381715;0,01483712;
2512,226;0,03824504;0,01491511;
2514,089;0,03825848;0,01493298;
2515,953;0,03846165;0,01514058;
2517,817;0,03863723;0,01532055;
2519,680;0,03878934;0,01547706;
2521,544;0,03863473;0,01532683;
2523,408;0,03872347;0,01541994;
2525,271;0,03896721;0,01566804;
2527,135;0,0389179;0,01562307;
2528,999;0,03879667;0,01550617;
2530,862;0,03889192;0,01560573;
2532,726;0,0389426;0,01566071;
2534,590;0,03890393;0,01562633;
2536,453;0,03896633;0,01569301;
2538,317;0,03904385;0,0157748;
2540,181;0,03922651;0,01596171;
2542,044;0,03938338;0,01612282;
2543,908;0,03943544;0,01617911;
2545,772;0,0394132;0,01616109;
2547,635;0,0395188;0,01627089;
2549,499;0,03960343;0,01635971;
2551,363;0,03969809;0,01645855;
2553,226;0,03987729;0,01664191;
2555,090;0,03979121;0,01656;
2556,954;0,03979581;0,01656873;
2558,817;0,03990966;0,01668671;
2560,681;0,03995386;0,01673503;
2562,545;0,0400731;0,01685838;
2564,408;0,04022852;0,0170179;
2566,272;0,0403131;0,01710655;
2568,136;0,04059081;0,01738834;
2569,999;0,04069406;0,01749565;
2571,863;0,04066143;0,01746706;
2573,727;0,04058285;0,01739252;
2575,590;0,04072923;0,01754293;
2577,454;0,04100394;0,01782164;
2579,318;0,04125203;0,01807374;
2581,181;0,0411947;0,01802039;
2583,045;0,04117763;0,0180073;
2584,909;0,04127831;0,01811194;
2586,772;0,04144393;0,01828153;
2588,636;0,04157906;0,01842059;
2590,500;0,04161749;0,01846296;
2592,363;0,04166666;0,01851605;
2594,227;0,0418902;0,0187435;
2596,091;0,04201438;0,01887158;
2597,954;0,04220713;0,01906821;
2599,818;0,04235606;0,01922102;
2601,682;0,04247806;0,01934688;
2603,545;0,04256217;0,01943484;
2605,409;0,04263415;0,01951067;
2607,273;0,04272945;0,0196098;
2609,136;0,04293044;0,01981461;
2611,000;0,04306539;0,01995338;
2612,864;0,04319133;0,02008311;
2614,727;0,04337942;0,02027499;
2616,591;0,04350101;0,02040036;
2618,455;0,0435566;0,02045972;
2620,318;0,0435425;0,02044937;
2622,182;0,04360697;0,02051759;
2624,046;0,04399362;0,02090797;
2625,910;0,04424794;0,02116601;
2627,773;0,04432489;0,02124668;
2629,637;0,04437291;0,0212984;
2631,501;0,04447765;0,02140683;
2633,364;0,04466418;0,02159704;
2635,228;0,04487974;0,02181628;
2637,092;0,044893;0,0218332;
2638,955;0,0449436;0,02188745;
2640,819;0,04515259;0,02210008;
2642,683;0,04537462;0,02232574;
2644,546;0,04543828;0,02239302;
2646,410;0,04554367;0,02250203;
2648,274;0,04565562;0,02261758;
2650,137;0,04573582;0,02270137;
2652,001;0,04582833;0,02279745;
2653,865;0,04592429;0,02289698;
2655,728;0,04602009;0,02299634;
2657,592;0,04615835;0,02313815;
2659,456;0,04609717;0,0230805;
2661,319;0,0461175;0,02310436;
2663,183;0,04604083;0,02303122;
2665,047;0,04609855;0,02309245;
2666,910;0,04621647;0,02321387;
2668,774;0,04622136;0,02322225;
2670,638;0,04623916;0,02324353;
2672,501;0,04631946;0,02332731;
2674,365;0,0463514;0,0233627;
2676,229;0,04646334;0,02347809;
2678,092;0,04657099;0,02358919;
2679,956;0,04677154;0,02379317;
2681,820;0,04690442;0,02392947;
2683,683;0,04699011;0,02401858;
2685,547;0,04703808;0,02406994;
2687,411;0,04708125;0,02411652;
2689,274;0,04713269;0,02417134;
2691,138;0,04728873;0,02433075;
2693,002;0,04737871;0,0244241;
2694,865;0,04750465;0,0245534;
2696,729;0,04764845;0,02470055;
2698,593;0,04774287;0,02479831;
2700,456;0,04764986;0,02470863;
2702,320;0,04768653;0,02474862;
2704,184;0,04777506;0,02484046;
2706,047;0,04786504;0,02493373;
2707,911;0,04779455;0,02486654;
2709,775;0,04789194;0,02496721;
2711,638;0,04807361;0,02515216;
2713,502;0,04832082;0,02540264;
2715,366;0,04837008;0,02545515;
2717,229;0,04836836;0,02545669;
2719,093;0,04849285;0,02558441;
2720,957;0,04853815;0,02563294;
2722,820;0,04861025;0,02570826;
2724,684;0,04888162;0,02598284;
2726,548;0,04903936;0,02614378;
2728,411;0,04913666;0,02624429;
2730,275;0,0491865;0,02629731;
2732,139;0,04921288;0,02632687;
2734,002;0,04925848;0,02637564;
2735,866;0,04935808;0,02647839;
2737,730;0,04936595;0,02648941;
2739,593;0,04955028;0,0266769;
2741,457;0,04962272;0,02675246;
2743,321;0,04961824;0,02675112;
2745,184;0,04963468;0,02677067;
2747,048;0,04975945;0,02689855;
2748,912;0,04993896;0,02708116;
2750,775;0,05017833;0,02732362;
2752,639;0,05029774;0,02744611;
2754,503;0,05022376;0,02737521;
2756,366;0,05021549;0,02737001;
2758,230;0,05041649;0,02757406;
2760,094;0,05051503;0,02767566;
2761,957;0,05063122;0,0277949;
2763,821;0,05074442;0,02791112;
2765,685;0,05084314;0,02801287;
2767,548;0,05079819;0,02797094;
2769,412;0,05090861;0,02808437;
2771,276;0,05107539;0,02825415;
2773,139;0,05108936;0,02827111;
2775,003;0,05101503;0,02819978;
2776,867;0,05138771;0,02857543;
2778,730;0,05168993;0,02888062;
2780,594;0,05172777;0,02892142;
2782,458;0,05176524;0,02896185;
2784,321;0,05191528;0,02911483;
2786,185;0,05197296;0,02917545;
2788,049;0,05191938;0,02912479;
2789,912;0,05197986;0,0291882;
2791,776;0,0523567;0,02956796;
2793,640;0,05256862;0,02978278;
2795,503;0,05265779;0,02987485;
2797,367;0,05271082;0,02993078;
2799,231;0,05287135;0,03009419;
2801,094;0,05302822;0,03025393;
2802,958;0,05320022;0,0304288;
2804,822;0,0532566;0,03048804;
2806,685;0,05342696;0,03066126;
2808,549;0,0535245;0,03076164;
2810,413;0,05370889;0,03094887;
2812,276;0,05398544;0,03122825;
2814,140;0,05419184;0,03143747;
2816,004;0,0542547;0,03150315;
2817,867;0,05434454;0,0315958;
2819,731;0,05444414;0,03169819;
2821,595;0,05471817;0,03197502;
2823,458;0,0549435;0,03220314;
2825,322;0,05512827;0,03239068;
2827,186;0,05522303;0,03248822;
2829,049;0,05530678;0,03257473;
2830,913;0,0554352;0,0327059;
2832,777;0,05572102;0,03299448;
2834,640;0,05589031;0,03316651;
2836,504;0,05610808;0,03338702;
2838,368;0,05640442;0,03368608;
2840,231;0,0568047;0,03408908;
2842,095;0,05717901;0,0344661;
2843,959;0,0574697;0,0347595;
2845,822;0,05750886;0,03480136;
2847,686;0,05771336;0,03500855;
2849,550;0,05804094;0,03533882;
2851,413;0,05835988;0,03566043;
2853,277;0,05869837;0,0360016;
2855,141;0,05898791;0,0362938;
2857,004;0,0590222;0,03633075;
2858,868;0,05909665;0,03640786;
2860,732;0,05919717;0,03651101;
2862,595;0,05944879;0,03676527;
2864,459;0,05970921;0,03702832;
2866,323;0,05997619;0,03729792;
2868,186;0,06010076;0,03742511;
2870,050;0,06025029;0,03757725;
2871,914;0,06027028;0,03759984;
2873,777;0,0603702;0,03770236;
2875,641;0,06060458;0,03793933;
2877,505;0,0608318;0,03816913;
2879,368;0,0608071;0,038147;
2881,232;0,06085602;0,03819849;
2883,096;0,06091638;0,03826142;
2884,959;0,06105552;0,03840311;
2886,823;0,06109383;0,03844397;
2888,687;0,06128951;0,0386422;
2890,550;0,06143838;0,0387936;
2892,414;0,0617018;0,03905955;
2894,278;0,06184841;0,03920868;
2896,141;0,06209167;0,03945446;
2898,005;0,06250006;0,03986536;
2899,869;0,06289953;0,04026733;
2901,733;0,06293439;0,04030469;
2903,596;0,06315027;0,04052306;
2905,460;0,06341475;0,04079003;
2907,324;0,06365875;0,0410365;
2909,187;0,0638522;0,04123242;
2911,051;0,06412488;0,04150756;
2912,915;0,06429266;0,0416778;
2914,778;0,06470867;0,04209627;
2916,642;0,06522423;0,04261428;
2918,506;0,06577591;0,0431684;
2920,369;0,06609252;0,04348744;
2922,233;0,06624886;0,04364621;
2924,097;0,06621464;0,04361442;
2925,960;0,06627261;0,0436748;
2927,824;0,06614799;0,04355258;
2929,688;0,06629297;0,04369996;
2931,551;0,0665151;0,0439245;
2933,415;0,06674901;0,0441608;
2935,279;0,06656487;0,04397904;
2937,142;0,06628041;0,04369696;
2939,006;0,06602237;0,04344129;
2940,870;0,06580103;0,04322232;
2942,733;0,06541473;0,04283838;
2944,597;0,06532932;0,04275533;
2946,461;0,0653035;0,04273185;
2948,324;0,06529878;0,04272948;
2950,188;0,06504462;0,04247765;
2952,052;0,06498326;0,04241862;
2953,915;0,06504858;0,04248627;
2955,779;0,06510458;0,0425446;
2957,643;0,06482276;0,04226509;
2959,506;0,06482085;0,04226548;
2961,370;0,06479499;0,04224193;
2963,234;0,0646975;0,04214673;
2965,097;0,0646059;0,04205743;
2966,961;0,06457702;0,04203083;
2968,825;0,06437962;0,0418357;
2970,688;0,06430247;0,04176083;
2972,552;0,0640262;0,04148683;
2974,416;0,06375067;0,04121356;
2976,279;0,06350329;0,04096843;
2978,143;0,06341464;0,04088204;
2980,007;0,06321039;0,04068003;
2981,870;0,06325931;0,04073119;
2983,734;0,06313161;0,04060572;
2985,598;0,06315814;0,04063449;
2987,461;0,06318503;0,04066359;
2989,325;0,06304558;0,04052636;
2991,189;0,06266915;0,04015214;
2993,052;0,06256146;0,04004665;
2994,916;0,06258345;0,04007085;
2996,780;0,06273472;0,04022431;
2998,643;0,06268903;0,04018082;
3000,507;0,06277457;0,04026854;
3002,371;0,06284141;0,04033755;
3004,234;0,06300581;0,04050413;
3006,098;0,062962;0,04046249;
3007,962;0,0628628;0,04036545;
3009,825;0,0628194;0,04032421;
3011,689;0,06308677;0,04059373;
3013,553;0,06325256;0,04076166;
3015,416;0,06339148;0,04090273;
3017,280;0,0635716;0,04108498;
3019,144;0,06397535;0,04149086;
3021,007;0,06415659;0,04167423;
3022,871;0,06428835;0,04180811;
3024,735;0,06426778;0,04178966;
3026,598;0,06453183;0,04205581;
3028,462;0,06480425;0,04233034;
3030,326;0,06492814;0,04245633;
3032,189;0,06496259;0,04249287;
3034,053;0,06514217;0,04267455;
3035,917;0,06530558;0,04284003;
3037,780;0,0655737;0,04311023;
3039,644;0,06551132;0,04304993;
3041,508;0,06560089;0,04314157;
3043,371;0,0659035;0,04344624;
3045,235;0,06628242;0,04382722;
3047,099;0,06652513;0,04407199;
3048,962;0,06677011;0,04431901;
3050,826;0,06689889;0,04444983;
3052,690;0,06719078;0,04474376;
3054,553;0,06727742;0,04483244;
3056,417;0,06760062;0,04515767;
3058,281;0,06782622;0,04538529;
3060,144;0,0680854;0,04564649;
3062,008;0,06812955;0,04569265;
3063,872;0,06820548;0,04577059;
3065,735;0,06821397;0,04578108;
3067,599;0,0684163;0,04598541;
3069,463;0,06878375;0,04635486;
3071,326;0,06931877;0,04689186;
3073,190;0,06936731;0,04694239;
3075,054;0,0693353;0,04691237;
3076,917;0,06918876;0,0467678;
3078,781;0,06926748;0,04684849;
3080,645;0,06947802;0,04706099;
3082,508;0,06976703;0,04735196;
3084,372;0,06971447;0,04730136;
3086,236;0,06990573;0,04749457;
3088,099;0,07016318;0,04775397;
3089,963;0,07044765;0,04804038;
3091,827;0,07068245;0,04827712;
3093,690;0,07115434;0,04875094;
3095,554;0,0712478;0,04884633;
3097,418;0,07137492;0,04897537;
3099,281;0,07143448;0,04903685;
3101,145;0,07177639;0,04938068;
3103,009;0,07207473;0,04968092;
3104,872;0,07227899;0,04988709;
3106,736;0,07211855;0,04972855;
3108,600;0,07228243;0,04989433;
3110,463;0,07239559;0,05000938;
3112,327;0,0725441;0,05015977;
3114,191;0,07246106;0,05007862;
3116,054;0,07241736;0,05003679;
3117,918;0,07234094;0,04996225;
3119,782;0,07278384;0,05040701;
3121,645;0,07345644;0,05108148;
3123,509;0,07410534;0,05173224;
3125,373;0,07440666;0,05203541;
3127,236;0,07470787;0,05233848;
3129,100;0,07471246;0,05234491;
3130,964;0,07494681;0,0525811;
3132,827;0,07508927;0,0527254;
3134,691;0,07543096;0,05306892;
3136,555;0,07535013;0,05298992;
3138,418;0,07532544;0,05296706;
3140,282;0,07548528;0,05312872;
3142,146;0,07600516;0,05365042;
3144,009;0,07642604;0,0540731;
3145,873;0,07668452;0,05433339;
3147,737;0,07670327;0,05435395;
3149,600;0,07682418;0,05447665;
3151,464;0,07668541;0,05433968;
3153,328;0,07679858;0,05445464;
3155,191;0,07710545;0,0547633;
3157,055;0,07761113;0,05527076;
3158,919;0,0779944;0,0556558;
3160,782;0,07833514;0,05599832;
3162,646;0,07834751;0,05601246;
3164,510;0,07853732;0,05620404;
3166,373;0,0786041;0,05627258;
3168,237;0,07900028;0,05667052;
3170,101;0,0792456;0,05691758;
3171,964;0,0794773;0,05715103;
3173,828;0,0797622;0,05743768;
3175,692;0,07993021;0,05760743;
3177,556;0,07982371;0,05750266;
3179,419;0,08011407;0,05779476;
3181,283;0,08027157;0,05795399;
3183,147;0,08063947;0,05832361;
3185,010;0,08081872;0,05850459;
3186,874;0,08106458;0,05875215;
3188,738;0,08106403;0,05875332;
3190,601;0,08121286;0,05890386;
3192,465;0,08113318;0,05882589;
3194,329;0,08131702;0,05901142;
3196,192;0,08150987;0,05920597;
3198,056;0,08173366;0,05943145;
3199,920;0,08168123;0,05938071;
3201,783;0,08178227;0,05948344;
3203,647;0,0818208;0,05952364;
3205,511;0,0818715;0,05957602;
3207,374;0,08182433;0,05953052;
3209,238;0,08218629;0,05989416;
3211,102;0,08236321;0,06007273;
3212,965;0,08253653;0,06024771;
3214,829;0,0825203;0,06023315;
3216,693;0,08253039;0,06024489;
3218,556;0,082461;0,06017715;
3220,420;0,08272892;0,06044672;
3222,284;0,08282743;0,06054687;
3224,147;0,08296662;0,06068769;
3226,011;0,08287436;0,06059707;
3227,875;0,08301164;0,06073598;
3229,738;0,08304752;0,06077349;
3231,602;0,08303281;0,0607604;
3233,466;0,08282337;0,06055258;
3235,329;0,08288434;0,06061516;
3237,193;0,08296254;0,06069498;
3239,057;0,0831696;0,06090364;
3240,920;0,08320901;0,06094466;
3242,784;0,08332139;0,06105864;
3244,648;0,08329959;0,06103844;
3246,511;0,08331172;0,06105217;
3248,375;0,08300899;0,06075102;
3250,239;0,08311151;0,06085513;
3252,102;0,08316784;0,06091304;
3253,966;0,08312251;0,06086929;
3255,830;0,08306076;0,06080911;
3257,693;0,08329605;0,06104598;
3259,557;0,08333014;0,06108163;
3261,421;0,08343593;0,06118899;
3263,284;0,08341821;0,06117283;
3265,148;0,08350998;0,06126616;
3267,012;0,08330015;0,06105788;
3268,875;0,08318719;0,06094647;
3270,739;0,08305562;0,06081645;
3272,603;0,08325266;0,06101504;
3274,466;0,08318965;0,06095356;
3276,330;0,08316489;0,06093034;
3278,194;0,08306475;0,06083174;
3280,057;0,08311457;0,06088308;
3281,921;0,08310904;0,06087907;
3283,785;0,08334845;0,06112001;
3285,648;0,08330606;0,06107914;
3287,512;0,08321184;0,06098644;
3289,376;0,08296083;0,06073694;
3291,239;0,08299863;0,06077625;
3293,103;0,08276288;0,060542;
3294,967;0,08270874;0,06048936;
3296,830;0,08259452;0,06037664;
3298,694;0,08266308;0,0604467;
3300,558;0,08255429;0,0603394;
3302,421;0,08270944;0,06049604;
3304,285;0,08260924;0,06039732;
3306,149;0,08250332;0,06029288;
3308,012;0,08234295;0,06013399;
3309,876;0,08239885;0,06019136;
3311,740;0,08242012;0,0602141;
3313,603;0,08257381;0,06036926;
3315,467;0,08237864;0,06017556;
3317,331;0,08231964;0,06011802;
3319,194;0,08221031;0,06001014;
3321,058;0,08233098;0,06013227;
3322,922;0,0821494;0,05995215;
3324,785;0,08214248;0,05994667;
3326,649;0,08208141;0,05988705;
3328,513;0,08216632;0,0599734;
3330,376;0,08195176;0,05976028;
3332,240;0,0819616;0,05977156;
3334,104;0,08185653;0,05966791;
3335,967;0,08200921;0,05982203;
3337,831;0,08179828;0,05961252;
3339,695;0,0816208;0,05943647;
3341,558;0,08135692;0,05917401;
3343,422;0,08130095;0,05911945;
3345,286;0,08117132;0,05899123;
3347,149;0,08122706;0,05904839;
3349,013;0,08104263;0,05886537;
3350,877;0,08102413;0,05884827;
3352,740;0,08089999;0,05872553;
3354,604;0,080842;0,05866894;
3356,468;0,08054128;0,05836961;
3358,331;0,08052884;0,05835856;
3360,195;0,08030157;0,05813268;
3362,059;0,08029968;0,05813217;
3363,922;0,08002518;0,05785906;
3365,786;0,07988777;0,05772303;
3367,650;0,07950087;0,05733751;
3369,513;0,07918709;0,0570251;
3371,377;0,07895929;0,05679867;
3373,241;0,07882615;0,05666689;
3375,104;0,07861855;0,05646066;
3376,968;0,07870338;0,05654686;
3378,832;0,07840143;0,05624626;
3380,695;0,07805625;0,05590244;
3382,559;0,07776065;0,05560819;
3384,423;0,07797024;0,05581913;
3386,286;0,07767421;0,05552445;
3388,150;0,07723633;0,05508791;
3390,014;0,0769715;0,05482441;
3391,877;0,07675502;0,05460927;
3393,741;0,07640889;0,05426447;
3395,605;0,07618604;0,05404296;
3397,468;0,07583251;0,05369076;
3399,332;0,07588452;0,05374409;
3401,196;0,07551678;0,05337768;
3403,059;0,07518785;0,05305007;
3404,923;0,07487049;0,05273402;
3406,787;0,07477715;0,052642;
3408,650;0,07420871;0,05207487;
3410,514;0,07372863;0,05159609;
3412,378;0,07346035;0,05132912;
3414,241;0,07338928;0,05125935;
3416,105;0,07303821;0,05090958;
3417,969;0,07294346;0,05081613;
3419,832;0,07261449;0,05048846;
3421,696;0,07235136;0,05022661;
3423,560;0,07201332;0,04988987;
3425,423;0,07171599;0,04959382;
3427,287;0,07103615;0,04891526;
3429,151;0,07071496;0,04859535;
3431,014;0,07042479;0,04830646;
3432,878;0,07030931;0,04819225;
3434,742;0,06971786;0,04760208;
3436,605;0,06953959;0,04742508;
3438,469;0,06928266;0,04716941;
3440,333;0,06906314;0,04695116;
3442,196;0,06844857;0,04633785;
3444,060;0,06807342;0,04596395;
3445,924;0,06782893;0,04572072;
3447,787;0,06764975;0,04554279;
3449,651;0,0672155;0,0451098;
3451,515;0,0667332;0,04462874;
3453,379;0,0661592;0,04405599;
3455,242;0,06600325;0,04390127;
3457,106;0,06549545;0,04339471;
3458,970;0,06504802;0,04294852;
3460,833;0,06481959;0,04272133;
3462,697;0,06481079;0,04271376;
3464,561;0,06445643;0,04236063;
3466,424;0,06421167;0,0421171;
3468,288;0,06359522;0,04150187;
3470,152;0,06329817;0,04120604;
3472,015;0,06292166;0,04083074;
3473,879;0,06249375;0,04040405;
3475,743;0,06207817;0,03998968;
3477,606;0,06183139;0,03974411;
3479,470;0,06130252;0,03921645;
3481,334;0,06101937;0,03893451;
3483,197;0,06067934;0,03859568;
3485,061;0,06036813;0,03828567;
3486,925;0,05975993;0,03767867;
3488,788;0,05946541;0,03738534;
3490,652;0,05882689;0,03674801;
3492,516;0,05838372;0,03630603;
3494,379;0,05825943;0,03618293;
3496,243;0,05831393;0,03623862;
3498,107;0,05774098;0,03566684;
3499,970;0,05726423;0,03519127;
3501,834;0,05675422;0,03468244;
3503,698;0,05628662;0,03421602;
3505,561;0,0558788;0,03380936;
3507,425;0,0555212;0,03345294;
3509,289;0,05487384;0,03280675;
3511,152;0,05472979;0,03266386;
3513,016;0,05450734;0,03244257;
3514,880;0,05424435;0,03218074;
3516,743;0,0538281;0,03176565;
3518,607;0,053591;0,0315297;
3520,471;0,05295785;0,0308977;
3522,334;0,05261256;0,03055357;
3524,198;0,05234832;0,03029048;
3526,062;0,052049;0,02999229;
3527,925;0,0515544;0,02949884;
3529,789;0,05128696;0,02923254;
3531,653;0,05055446;0,02850118;
3533,516;0,0499382;0,02788605;
3535,380;0,04971023;0,02765921;
3537,244;0,04969045;0,02764057;
3539,107;0,04928199;0,02723323;
3540,971;0,04899186;0,02694424;
3542,835;0,04869817;0,02665166;
3544,698;0,04843727;0,02639188;
3546,562;0,04797071;0,02592645;
3548,426;0,04764301;0,02559986;
3550,289;0,04713875;0,02509671;
3552,153;0,04682848;0,02478756;
3554,017;0,04638799;0,02434818;
3555,880;0,04589356;0,02385485;
3557,744;0,04527699;0,02323939;
3559,608;0,04502697;0,02299047;
3561,471;0,04487891;0,02284351;
3563,335;0,04489987;0,02286557;
3565,199;0,04457218;0,02253898;
3567,062;0,0443257;0,02229359;
3568,926;0,04373403;0,02170301;
3570,790;0,04321599;0,02118606;
3572,653;0,04273887;0,02071003;
3574,517;0,04234356;0,02031579;
3576,381;0,04191365;0,01988697;
3578,244;0,04176663;0,01974103;
3580,108;0,04137433;0,0193498;
3581,972;0,04112948;0,01910603;
3583,835;0,04074289;0,01872052;
3585,699;0,04043045;0,01840914;
3587,563;0,0399506;0,01793036;
3589,426;0,03961851;0,01759934;
3591,290;0,03900688;0,01698877;
3593,154;0,03876947;0,01675243;
3595,017;0,03843448;0,0164185;
3596,881;0,03827572;0,0162608;
3598,745;0,03795307;0,0159392;
3600,608;0,03747672;0,01546391;
3602,472;0,03700299;0,01499122;
3604,336;0,03704858;0,01503787;
3606,199;0,03667209;0,01466242;
3608,063;0,0362771;0,01426847;
3609,927;0,03622721;0,01421963;
3611,790;0,03615142;0,01414488;
3613,654;0,03544742;0,01344191;
3615,518;0,03535454;0,01335007;
3617,381;0,03497493;0,01297149;
3619,245;0,0345055;0,0125031;
3621,109;0,03420387;0,0122025;
3622,972;0,03383768;0,01183733;
3624,836;0,0333615;0,01136218;
3626,700;0,0333743;0,011376;
3628,563;0,03310299;0,01110571;
3630,427;0,03268899;0,01069273;
3632,291;0,03206654;0,0100713;
3634,154;0,03177696;0,00978273;
3636,018;0,03147016;0,009476949;
3637,882;0,03128777;0,009295567;
3639,745;0,03105679;0,009065594;
3641,609;0,03097694;0,008986751;
3643,473;0,03086674;0,008877551;
3645,336;0,03083931;0,008851125;
3647,200;0,03056252;0,008575334;
3649,064;0,03078459;0,008798402;
3650,927;0,03035959;0,008374401;
3652,791;0,02963689;0,007652694;
3654,655;0,02912977;0,007146566;
3656,518;0,02911346;0,007131246;
3658,382;0,02899649;0,007015267;
3660,246;0,02893115;0,006950913;
3662,109;0,02868696;0,006707704;
3663,973;0,02832245;0,006344181;
3665,837;0,02810574;0,00612845;
3667,700;0,02825533;0,006279021;
3669,564;0,02824124;0,006265904;
3671,428;0,02844281;0,006468448;
3673,291;0,02830555;0,006332156;
3675,155;0,02820472;0,006232303;
3677,019;0,02818223;0,006210782;
3678,882;0,02808838;0,006117895;
3680,746;0,02765405;0,005684529;
3682,610;0,02759748;0,005628917;
3684,473;0,0274595;0,0054919;
3686,337;0,02771013;0,005743493;
3688,201;0,02807696;0,006111275;
3690,064;0,0282779;0,006313169;
3691,928;0,02782011;0,005856329;
3693,792;0,02761742;0,005654595;
3695,655;0,02764859;0,005686715;
3697,519;0,02785335;0,005892419;
3699,383;0,02791216;0,005952173;
3701,246;0,0279334;0,005974362;
3703,110;0,02778619;0,005828089;
3704,974;0,02795618;0,005999019;
3706,837;0,02779025;0,005834024;
3708,701;0,02805601;0,006100719;
3710,565;0,02836527;0,006410914;
3712,428;0,02823207;0,00627865;
3714,292;0,02783235;0,005879853;
3716,156;0,02784762;0,00589605;
3718,019;0,02759702;0,005646383;
3719,883;0,02779394;0,00584423;
3721,747;0,02802736;0,006078569;
3723,610;0,02843047;0,006482597;
3725,474;0,02865958;0,006712627;
3727,338;0,02860545;0,006659413;
3729,202;0,0282411;0,006295983;
3731,065;0,02827494;0,006330731;
3732,929;0,02852387;0,006580575;
3734,793;0,02899172;0,007049333;
3736,656;0,02907176;0,007130287;
3738,520;0,02881267;0,006872099;
3740,384;0,02838661;0,006446943;
3742,247;0,0284702;0,006531438;
3744,111;0,02856674;0,006628875;
3745,975;0,02896865;0,007031687;
3747,838;0,0292229;0,007286835;
3749,702;0,02884463;0,006909455;
3751,566;0,02848345;0,006549168;
3753,429;0,02869392;0,006760533;
3755,293;0,02865362;0,006721122;
3757,157;0,02877462;0,006843007;
3759,020;0,02878164;0,006850912;
3760,884;0,02881334;0,006883497;
3762,748;0,02888759;0,006958633;
3764,611;0,02889145;0,006963371;
3766,475;0,02896967;0,007042474;
3768,339;0,02943249;0,007506177;
3770,202;0,0291595;0,007234054;
3772,066;0,02914684;0,007222268;
3773,930;0,02908303;0,007159336;
3775,793;0,02907205;0,007149222;
3777,657;0,0291827;0,007260741;
3779,521;0,02934221;0,007421119;
3781,384;0,02926388;0,007343657;
3783,248;0,02921427;0,007294915;
3785,112;0,0290206;0,007102106;
3786,975;0,02910091;0,007183271;
3788,839;0,02919043;0,007273653;
3790,703;0,02923712;0,007321204;
3792,566;0,02932132;0,007406261;
3794,430;0,02946474;0,007550526;
3796,294;0,0291161;0,007202742;
3798,157;0,02935322;0,007440714;
3800,021;0,02971629;0,007804631;
3801,885;0,02969523;0,007784424;
3803,748;0,02970243;0,007792465;
3805,612;0,02997059;0,008061465;
3807,476;0,02983554;0,007927257;
3809,339;0,02972256;0,00781512;
3811,203;0,0294404;0,007533802;
3813,067;0,02931807;0,007412309;
3814,930;0,02943695;0,007532018;
3816,794;0,02963654;0,007732445;
3818,658;0,02975672;0,007853459;
3820,521;0,02998806;0,008085629;
3822,385;0,03007262;0,00817102;
3824,249;0,03030194;0,008401164;
3826,112;0,02998342;0,00808347;
3827,976;0,02991023;0,008011111;
3829,840;0,02987533;0,00797703;
3831,703;0,02985351;0,007956026;
3833,567;0,02996887;0,008072211;
3835,431;0,03027355;0,008377705;
3837,294;0,03025464;0,008359614;
3839,158;0,03042339;0,008529181;
3841,022;0,03049993;0,008606527;
3842,885;0,03047898;0,008586392;
3844,749;0,03013759;0,008245808;
3846,613;0,02997074;0,008079767;
3848,476;0,02996996;0,008079797;
3850,340;0,03043638;0,00854702;
3852,204;0,03092732;0,009038766;
3854,067;0,03113346;0,009245711;
3855,931;0,03090812;0,009021175;
3857,795;0,03056918;0,008683027;
3859,658;0,03000939;0,008124039;
3861,522;0,0300111;0,008126538;
3863,386;0,03035409;0,008470323;
3865,249;0,03079387;0,008910902;
3867,113;0,03092667;0,009044494;
3868,977;0,03109853;0,009217137;
3870,840;0,03090616;0,009025559;
3872,704;0,03100928;0,009129472;
3874,568;0,03073329;0,008854263;
3876,431;0,03065653;0,008778283;
3878,295;0,03048692;0,00860946;
3880,159;0,03049778;0,008621095;
3882,022;0,03068224;0,008806341;
3883,886;0,03087228;0,008997152;
3885,750;0,03062996;0,008755614;
3887,613;0,03078088;0,008907305;
3889,477;0,03090683;0,00903403;
3891,341;0,03087101;0,008998985;
3893,204;0,03086657;0,00899531;
3895,068;0,03089661;0,009026124;
3896,932;0,03083647;0,008966752;
3898,795;0,0309607;0,009091741;
3900,659;0,03105657;0,009188378;
3902,523;0,03149304;0,009625614;
3904,386;0,03147555;0,009608881;
3906,250;0,03133874;0,009472836;
3908,114;0,03094631;0,009081163;
3909,977;0,03074963;0,008885237;
3911,841;0,03084348;0,008979843;
3913,705;0,03110595;0,009243072;
3915,568;0,03113034;0,009268213;
3917,432;0,03124513;0,009383754;
3919,296;0,03127399;0,009413363;
3921,159;0,03127388;0,009414002;
3923,023;0,03111814;0,009259014;
3924,887;0,03126092;0,009402535;
3926,750;0,03126303;0,009405388;
3928,614;0,03136272;0,009505829;
3930,478;0,03127225;0,009416093;
3932,341;0,03139695;0,009541541;
3934,205;0,03146331;0,009608635;
3936,069;0,03146025;0,009606308;
3937,932;0,03129644;0,009443235;
3939,796;0,03132367;0,009471207;
3941,660;0,03145846;0,009606731;
3943,523;0,03178272;0,00993172;
3945,387;0,03170952;0,009859252;
3947,251;0,0316585;0,009808957;
3949,114;0,03159959;0,009750774;
3950,978;0,03183964;0,009991554;
3952,842;0,03163867;0,009791307;
3954,705;0,03146254;0,009615904;
3956,569;0,03129433;0,009448415;
3958,433;0,03136241;0,009517215;
3960,296;0,03148302;0,009638538;
3962,160;0,03163717;0,009793411;
3964,024;0,03151797;0,009674928;
3965,887;0,03158172;0,009739387;
3967,751;0,03171106;0,009869445;
3969,615;0,03182211;0,009981209;
3971,478;0,03161896;0,009778768;
3973,342;0,03151372;0,009674238;
3975,206;0,03134894;0,009510166;
3977,069;0,03157086;0,009732792;
3978,933;0,0318247;0,009987342;
3980,797;0,03176058;0,009923932;
3982,660;0,03164114;0,009805192;
3984,524;0,0318454;0,01001016;
3986,388;0,03185011;0,01001556;
3988,251;0,03183924;0,01000539;
3990,115;0,03167979;0,009846638;
3991,979;0,03183224;0,009999785;
3993,842;0,03179673;0,009964979;
3995,706;0,03178901;0,009957952;
3997,570;0,03175062;0,009920256;
