;May11_TPC_04-04-02_LMW;May11_TPC_04-04-02_LMW (baseline corrected);
Wavelength [nm];Absorbance;absorbance;
650,420;0,05391763;0,003353429;
652,284;0,05350544;0,003183664;
654,148;0,05328808;0,003206652;
656,011;0,05319283;0,0033497;
657,875;0,05300279;0,00339594;
659,739;0,0526221;0,003249541;
661,602;0,05239697;0,003256709;
663,466;0,05240206;0,003492156;
665,330;0,05203205;0,003350561;
667,193;0,05242169;0,003966706;
669,057;0,05346464;0,00523427;
670,921;0,05331676;0,005309142;
672,784;0,05343675;0,005650027;
674,648;0,05353305;0,005965398;
676,512;0,05381942;0,006469033;
678,375;0,05415309;0,007018168;
680,239;0,05439855;0,007477341;
682,103;0,05444572;0,007736462;
683,966;0,05471378;0,008214752;
685,830;0,05481975;0,008529236;
687,694;0,05477004;0,008686349;
689,557;0,05478255;0,008904002;
691,421;0,05495413;0,009279073;
693,285;0,05505979;0,009586586;
695,149;0,0550928;0,009819826;
697,012;0,05489707;0,009822715;
698,876;0,05460984;0,009732527;
700,740;0,05419953;0,00951769;
702,603;0,05375738;0,00926945;
704,467;0,05319467;0,008899123;
706,331;0,05264047;0,008535779;
708,194;0,05210168;0,008186344;
710,058;0,05151036;0,007782889;
711,922;0,05082686;0,007285773;
713,785;0,05037018;0,00701403;
715,649;0,04981486;0,006642197;
717,513;0,04908741;0,006096805;
719,376;0,04844017;0,005630214;
721,240;0,04800335;0,005372643;
723,104;0,04761779;0,005164956;
724,967;0,04741397;0,00513763;
726,831;0,04725253;0,005151333;
728,695;0,04712735;0,005199947;
730,558;0,04689644;0,005141505;
732,422;0,04663993;0,005056153;
734,286;0,04642401;0,005010086;
736,149;0,04620175;0,004956384;
738,013;0,04601056;0,004932488;
739,877;0,04580777;0,004895727;
741,740;0,04562988;0,004882611;
743,604;0,04551243;0,004928701;
745,468;0,04530616;0,004884742;
747,331;0,04516752;0,004907206;
749,195;0,0451571;0,005056691;
751,059;0,04513032;0,005188622;
752,922;0,04501724;0,005233079;
754,786;0,04488992;0,005262128;
756,650;0,04470849;0,005235907;
758,513;0,0446183;0,005299792;
760,377;0,04454353;0,005377962;
762,241;0,04448523;0,005471482;
764,104;0,04445459;0,00559155;
765,968;0,0444099;0,005696475;
767,832;0,04428254;0,005717643;
769,695;0,04424994;0,005832484;
771,559;0,04420221;0,005931134;
773,423;0,04417371;0,006047959;
775,286;0,04406196;0,006080486;
777,150;0,04402327;0,006185031;
779,014;0,04398416;0,006288138;
780,877;0,04404347;0,006488641;
782,741;0,04410642;0,006691782;
784,605;0,04417238;0,006896937;
786,468;0,04423669;0,007099443;
788,332;0,04424135;0,007241328;
790,196;0,04407974;0,007215974;
792,059;0,04400927;0,00728079;
793,923;0,0439332;0,007339067;
795,787;0,04377737;0,007316633;
797,650;0,04378856;0,007460291;
799,514;0,04386349;0,007666755;
801,378;0,04383231;0,007766196;
803,241;0,04392576;0,007989358;
805,105;0,04412105;0,008313469;
806,969;0,04447246;0,008792803;
808,832;0,04511418;0,00956156;
810,696;0,04579422;0,01036777;
812,560;0,04624608;0,01094493;
814,423;0,04724455;0,01206783;
816,287;0,04936114;0,01430801;
818,151;0,05346475;0,01853436;
820,014;0,06124289;0,0264344;
821,878;0,07394711;0,03925971;
823,742;0,08557635;0,05100921;
825,605;0,08369821;0,04925051;
827,469;0,06995736;0,0356283;
829,333;0,05910234;0,02489112;
831,196;0,055391;0,02129682;
833,060;0,0541037;0,0201258;
834,924;0,05226724;0,01840482;
836,787;0,05043609;0,01668838;
838,651;0,04922661;0,01559286;
840,515;0,04855357;0,01503301;
842,378;0,04810528;0,01469716;
844,242;0,04782044;0,01452402;
846,106;0,04774748;0,01456202;
847,969;0,0480233;0,01494807;
849,833;0,04863469;0,01566897;
851,697;0,04965132;0,01679439;
853,560;0,05095795;0,0182091;
855,424;0,05254843;0,01990694;
857,288;0,05408009;0,02154528;
859,151;0,05534067;0,02291184;
861,015;0,05633088;0,02400734;
862,879;0,05699613;0,0247772;
864,742;0,05713258;0,02501758;
866,606;0,05670468;0,02469295;
868,470;0,05565029;0,02374115;
870,333;0,05415804;0,02235085;
872,197;0,05241641;0,02071051;
874,061;0,05083293;0,01922767;
875,924;0,04923265;0,01772739;
877,788;0,04743884;0,01603294;
879,652;0,04555268;0,01424552;
881,515;0,04385813;0,01264907;
883,379;0,04247029;0,01135872;
885,243;0,04133483;0,01032013;
887,106;0,04035815;0,009439718;
888,970;0,03971139;0,008888613;
890,834;0,03916731;0,008439587;
892,697;0,03870955;0,008076289;
894,561;0,03833675;0,007797366;
896,425;0,03805762;0,007611524;
898,288;0,03807273;0,007719345;
900,152;0,03817425;0,007913;
902,016;0,03809282;0,007923131;
903,879;0,0380725;0,007993801;
905,743;0,03813417;0,008145912;
907,607;0,03821388;0,008315504;
909,470;0,03823352;0,00842447;
911,334;0,03829629;0,008576011;
913,198;0,03838513;0,008753092;
915,061;0,03845395;0,008909612;
916,925;0,03849596;0,009038784;
918,789;0,03863297;0,009262426;
920,652;0,03879735;0,00951292;
922,516;0,03887971;0,009680864;
924,380;0,03893933;0,009825556;
926,243;0,03901157;0,009982351;
928,107;0,03911438;0,01016921;
929,971;0,03920464;0,01034301;
931,834;0,03932211;0,01054353;
933,698;0,03950657;0,01081053;
935,562;0,03965681;0,01104283;
937,425;0,03978161;0,01124918;
939,289;0,03991113;0,01145979;
941,153;0,04005071;0,01167997;
943,016;0,04018114;0,01189052;
944,880;0,04038713;0,01217615;
946,744;0,04058445;0,01245265;
948,607;0,0407817;0,01272861;
950,471;0,04098409;0,01300925;
952,335;0,04122676;0,01332971;
954,198;0,04146709;0,01364737;
956,062;0,0417179;0,01397506;
957,926;0,041999;0,0143326;
959,789;0,04234812;0,0147577;
961,653;0,04270706;0,01519219;
963,517;0,04309418;0,01565442;
965,380;0,04355901;0,01619392;
967,244;0,04403151;0,01674067;
969,108;0,04444617;0,01722915;
970,972;0,04491289;0,01776926;
972,835;0,04545669;0,01838603;
974,699;0,04607929;0,01908118;
976,563;0,04676233;0,01983636;
978,426;0,04760403;0,02074978;
980,290;0,04866774;0,02188481;
982,154;0,04994622;0,0232342;
984,017;0,05097293;0,02433142;
985,881;0,0516375;0,0250661;
987,745;0,05246443;0,02596274;
989,608;0,05326675;0,02683438;
991,472;0,05332825;0,0269648;
993,336;0,05276628;0,02647137;
995,199;0,05212302;0,02589627;
997,063;0,05175613;0,02559715;
998,927;0,05162432;0,02553274;
1000,790;0,05168744;0,02566288;
1002,654;0,05183281;0,0258749;
1004,518;0,05200546;0,02611382;
1006,381;0,05225029;0,02642456;
1008,245;0,05255926;0,02679907;
1010,109;0,05289929;0,02720428;
1011,972;0,05328609;0,0276559;
1013,836;0,05367879;0,02811306;
1015,700;0,0541588;0,02865718;
1017,563;0,05467699;0,02923913;
1019,427;0,05516768;0,02979322;
1021,291;0,05566988;0,03035849;
1023,154;0,0562583;0,03100962;
1025,018;0,0568519;0,03166559;
1026,882;0,05744194;0,03231767;
1028,745;0,05808599;0,03302342;
1030,609;0,05881182;0,03381061;
1032,473;0,05950095;0,03456077;
1034,336;0,06023423;0,03535475;
1036,200;0,06101744;0,03619834;
1038,064;0,06185012;0,03709106;
1039,927;0,06275251;0,03805319;
1041,791;0,06378756;0,03914764;
1043,655;0,06494512;0,04036429;
1045,518;0,06620654;0,04168448;
1047,382;0,06745518;0,04299158;
1049,246;0,06862651;0,04422106;
1051,109;0,06942978;0,04508217;
1052,973;0,07012889;0,04583882;
1054,837;0,07106975;0,0468369;
1056,700;0,07211464;0,04793872;
1058,564;0,07316224;0,04904294;
1060,428;0,0743403;0,05027733;
1062,291;0,07565888;0,05165194;
1064,155;0,07723071;0,05327951;
1066,019;0,07904173;0,05514597;
1067,882;0,08111937;0,05727877;
1069,746;0,08335815;0,05957241;
1071,610;0,08580698;0,06207582;
1073,473;0,08844518;0,06476832;
1075,337;0,09118813;0,06756528;
1077,201;0,09398323;0,07041412;
1079,064;0,09693325;0,07341759;
1080,928;0,1000792;0,07661674;
1082,792;0,1033993;0,07998969;
1084,655;0,1067334;0,08337642;
1086,519;0,1102724;0,08696781;
1088,383;0,1139386;0,09068612;
1090,246;0,1175892;0,0943885;
1092,110;0,1211586;0,09800953;
1093,974;0,1244522;0,1013544;
1095,837;0,1273371;0,1042904;
1097,701;0,1300087;0,1070128;
1099,565;0,1325216;0,1095761;
1101,428;0,1350173;0,1121221;
1103,292;0,1373676;0,1145224;
1105,156;0,1393783;0,1165829;
1107,019;0,1408428;0,1180969;
1108,883;0,141618;0,1189213;
1110,747;0,141692;0,1190443;
1112,610;0,1413719;0,118773;
1114,474;0,1407363;0,1181859;
1116,338;0,1400071;0,117505;
1118,201;0,1392429;0,1167888;
1120,065;0,1384246;0,1160183;
1121,929;0,1373596;0,1150008;
1123,792;0,1359292;0,1136178;
1125,656;0,1339342;0,1116699;
1127,520;0,1314715;0,109254;
1129,383;0,128697;0,1065262;
1131,247;0,1258308;0,1037063;
1133,111;0,1229672;0,1008889;
1134,974;0,1202625;0,09823011;
1136,838;0,1176535;0,09566686;
1138,702;0,115184;0,09324278;
1140,565;0,1128087;0,09091282;
1142,429;0,110713;0,08886212;
1144,293;0,1088491;0,08704298;
1146,156;0,1069677;0,08520623;
1148,020;0,104979;0,08326193;
1149,884;0,103042;0,08136905;
1151,747;0,1011874;0,07955842;
1153,611;0,09933159;0,07774636;
1155,475;0,09729259;0,07575089;
1157,338;0,09522656;0,07372818;
1159,202;0,09314603;0,07169076;
1161,066;0,09116652;0,06975415;
1162,929;0,08932304;0,06795337;
1164,793;0,08761675;0,06628958;
1166,657;0,08583768;0,0645528;
1168,520;0,08409167;0,06284887;
1170,384;0,08249368;0,06129277;
1172,248;0,08108744;0,05992821;
1174,111;0,07980082;0,05868308;
1175,975;0,07859172;0,05751527;
1177,839;0,07741604;0,05638068;
1179,702;0,07628697;0,05529252;
1181,566;0,0751112;0,05415746;
1183,430;0,07388108;0,05296785;
1185,293;0,07261706;0,05174415;
1187,157;0,07134266;0,05050989;
1189,021;0,06994717;0,04915434;
1190,884;0,06852167;0,0477686;
1192,748;0,06701999;0,04630648;
1194,612;0,06547131;0,0447972;
1196,475;0,06389089;0,04325598;
1198,339;0,06238419;0,0417883;
1200,203;0,06094471;0,04038766;
1202,066;0,05961735;0,03909896;
1203,930;0,05840664;0,03792672;
1205,794;0,0573721;0,03693049;
1207,657;0,05644595;0,03604245;
1209,521;0,05563737;0,03527183;
1211,385;0,05492976;0,03460199;
1213,248;0,05440671;0,03411653;
1215,112;0,05407772;0,03382497;
1216,976;0,05387954;0,03366404;
1218,839;0,05374299;0,03356458;
1220,703;0,0537264;0,0335849;
1222,567;0,05374391;0,03363916;
1224,430;0,05385071;0,03378253;
1226,294;0,05403718;0,0340054;
1228,158;0,05430797;0,03431244;
1230,021;0,05462109;0,03466164;
1231,885;0,05497344;0,0350499;
1233,749;0,05540917;0,03552139;
1235,612;0,05591796;0,03606577;
1237,476;0,05640991;0,03659316;
1239,340;0,05691224;0,03713075;
1241,203;0,05742065;0,03767428;
1243,067;0,057991;0,03827959;
1244,931;0,05852885;0,03885223;
1246,795;0,05903476;0,03939278;
1248,658;0,05953878;0,03993129;
1250,522;0,06003884;0,04046569;
1252,386;0,06051221;0,04097323;
1254,249;0,06103168;0,04152673;
1256,113;0,06151298;0,0420419;
1257,977;0,06201923;0,04258188;
1259,840;0,062579;0,04317522;
1261,704;0,06310647;0,04373612;
1263,568;0,06362205;0,04428498;
1265,431;0,06420507;0,04490114;
1267,295;0,06481631;0,04554536;
1269,159;0,06554718;0,04630908;
1271,022;0,06628119;0,04707579;
1272,886;0,0670061;0,04783324;
1274,750;0,06779294;0,04865249;
1276,613;0,06868261;0,04957443;
1278,477;0,06959789;0,05052185;
1280,341;0,07054445;0,0515004;
1282,204;0,07146369;0,05245148;
1284,068;0,07240956;0,05342906;
1285,932;0,07334864;0,05439971;
1287,795;0,07434242;0,05542493;
1289,659;0,07534066;0,05645446;
1291,523;0,076461;0,05760597;
1293,386;0,07766262;0,05883862;
1295,250;0,07893918;0,06014607;
1297,114;0,08024953;0,06148718;
1298,977;0,08162774;0,06289603;
1300,841;0,08305418;0,06435296;
1302,705;0,08450216;0,06583131;
1304,568;0,08599389;0,06735327;
1306,432;0,08761517;0,06900467;
1308,296;0,08922482;0,07064429;
1310,159;0,09083005;0,07227938;
1312,023;0,09257753;0,07405658;
1313,887;0,09447124;0,07597989;
1315,750;0,0963468;0,07788492;
1317,614;0,09837118;0,07993865;
1319,478;0,1005127;0,0821094;
1321,341;0,1026062;0,08423194;
1323,205;0,1047361;0,08639091;
1325,069;0,1070828;0,08876645;
1326,932;0,1094975;0,09120985;
1328,796;0,1120114;0,09375241;
1330,660;0,1146028;0,09637228;
1332,523;0,1172933;0,09909117;
1334,387;0,1199236;0,1017497;
1336,251;0,1228039;0,1046582;
1338,114;0,1263915;0,1082738;
1339,978;0,1304177;0,1123279;
1341,842;0,1336996;0,1156375;
1343,705;0,1367797;0,1187453;
1345,569;0,1402765;0,1222696;
1347,433;0,1439793;0,1259998;
1349,296;0,1475939;0,1296418;
1351,160;0,15095;0,1330252;
1353,024;0,1539793;0,1360815;
1354,887;0,156801;0,1389302;
1356,751;0,159263;0,1414191;
1358,615;0,1615805;0,1437634;
1360,478;0,1643011;0,1465106;
1362,342;0,1679455;0,1501816;
1364,206;0,1709812;0,1532438;
1366,069;0,1729863;0,1552752;
1367,933;0,1755135;0,1578286;
1369,797;0,1781901;0,1605313;
1371,660;0,1803279;0,1626952;
1373,524;0,1827775;0,1651706;
1375,388;0,1840819;0,1665008;
1377,251;0,1833108;0,1657554;
1379,115;0,1817661;0,1642363;
1380,979;0,1797007;0,1621964;
1382,842;0,1769727;0,1594937;
1384,706;0,1740775;0,1566238;
1386,570;0,1715499;0,1541214;
1388,433;0,1687117;0,1513084;
1390,297;0,1652408;0,1478624;
1392,161;0,1622123;0,1448587;
1394,024;0,1598701;0,1425414;
1395,888;0,1572038;0,1398997;
1397,752;0,15417;0,1368906;
1399,615;0,1512172;0,1339622;
1401,479;0,147827;0,1305964;
1403,343;0,1448332;0,1276269;
1405,206;0,1420101;0,1248279;
1407,070;0,1387882;0,1216301;
1408,934;0,1354619;0,1183278;
1410,797;0,132335;0,1152248;
1412,661;0,12908;0,1119937;
1414,525;0,1257209;0,1086583;
1416,388;0,1225381;0,1054991;
1418,252;0,1201456;0,1031301;
1420,116;0,1171344;0,1001424;
1421,979;0,1134946;0,09652586;
1423,843;0,1102597;0,09331422;
1425,707;0,1070415;0,09011925;
1427,570;0,1043581;0,08745892;
1429,434;0,1030592;0,08618296;
1431,298;0,1023783;0,08552496;
1433,161;0,1003244;0,08349388;
1435,025;0,09750889;0,08070107;
1436,889;0,09468397;0,07789877;
1438,752;0,09138953;0,07462687;
1440,616;0,08841298;0,07167277;
1442,480;0,08565552;0,06893768;
1444,343;0,08306015;0,06636459;
1446,207;0,0806387;0,06396532;
1448,071;0,07832965;0,06167838;
1449,934;0,0757514;0,05912215;
1451,798;0,07340902;0,0568017;
1453,662;0,07148286;0,05489739;
1455,525;0,07091704;0,05435334;
1457,389;0,07109379;0,05455178;
1459,253;0,06971968;0,05319926;
1461,116;0,0679786;0,0514797;
1462,980;0,06715227;0,05067481;
1464,844;0,06706313;0,05060701;
1466,707;0,06627787;0,04984303;
1468,571;0,06507226;0,04865861;
1470,435;0,06455299;0,04816045;
1472,298;0,06510858;0,04873707;
1474,162;0,06506033;0,04870977;
1476,026;0,06437488;0,04804519;
1477,889;0,0636647;0,04735581;
1479,753;0,06317464;0,04688646;
1481,617;0,0629238;0,04665626;
1483,480;0,06255451;0,04630753;
1485,344;0,06229066;0,04606416;
1487,208;0,06239153;0,04618543;
1489,071;0,06279179;0,04660602;
1490,935;0,06260485;0,04643933;
1492,799;0,06156829;0,04542294;
1494,662;0,06112015;0,0449949;
1496,526;0,06141502;0,0453098;
1498,390;0,06129381;0,04520854;
1500,253;0,06051222;0,04444682;
1502,117;0,0594293;0,04338371;
1503,981;0,05883226;0,0428064;
1505,844;0,05980688;0,04380067;
1507,708;0,06062257;0,04463595;
1509,572;0,05924418;0,04327706;
1511,435;0,05803054;0,04208286;
1513,299;0,05713188;0,04120357;
1515,163;0,05664586;0,04073684;
1517,026;0,0564108;0,040521;
1518,890;0,05577245;0,03990181;
1520,754;0,05569474;0,03984318;
1522,618;0,05531655;0,039484;
1524,481;0,05449457;0,03868096;
1526,345;0,05396774;0,03817301;
1528,209;0,05330697;0,03753104;
1530,072;0,05241956;0,03666237;
1531,936;0,05203044;0,03629192;
1533,800;0,05199274;0,03627281;
1535,663;0,05098015;0,03527876;
1537,527;0,05023493;0,034552;
1539,391;0,05071618;0,03505165;
1541,254;0,05121441;0,03556821;
1543,118;0,05048994;0,034862;
1544,982;0,04985241;0,03424267;
1546,845;0,04901233;0,03342072;
1548,709;0,04851369;0,03294015;
1550,573;0,04821114;0,0326556;
1552,436;0,04785626;0,03231866;
1554,300;0,04753805;0,03201832;
1556,164;0,04716341;0,03166149;
1558,027;0,04823983;0,03275566;
1559,891;0,0493408;0,03387431;
1561,755;0,04769933;0,03225046;
1563,618;0,04668852;0,0312572;
1565,482;0,04638636;0,03097253;
1567,346;0,04624788;0,03085148;
1569,209;0,04653282;0,03115379;
1571,073;0,04633438;0,03097266;
1572,937;0,04558959;0,03024511;
1574,800;0,04562388;0,03029658;
1576,664;0,04613248;0,0308223;
1578,528;0,04559386;0,03030075;
1580,391;0,04501591;0,0297398;
1582,255;0,04477403;0,02951487;
1584,119;0,04464166;0,02939937;
1585,982;0,04439857;0,02917311;
1587,846;0,04420932;0,02900062;
1589,710;0,04404682;0,02885482;
1591,573;0,0439157;0,02874035;
1593,437;0,04375615;0,02859739;
1595,301;0,04357124;0,02842901;
1597,164;0,04331322;0,02818746;
1599,028;0,04303773;0,02792838;
1600,892;0,04289278;0,02779979;
1602,755;0,0428052;0,0277285;
1604,619;0,04267351;0,02761306;
1606,483;0,04251887;0,02747461;
1608,346;0,04243043;0,0274023;
1610,210;0,04221716;0,0272051;
1612,074;0,04190557;0,02690952;
1613,937;0,04170417;0,02672409;
1615,801;0,04206202;0,02709785;
1617,665;0,04231934;0,02737102;
1619,528;0,04184682;0,0269143;
1621,392;0,04157375;0,02665697;
1623,256;0,04177302;0,02687193;
1625,119;0,04166019;0,02677474;
1626,983;0,04150847;0,0266386;
1628,847;0,0412903;0,02643595;
1630,710;0,0408329;0,02599403;
1632,574;0,04045961;0,02563616;
1634,438;0,04099443;0,02618635;
1636,301;0,04163404;0,02684128;
1638,165;0,04096491;0,02618741;
1640,029;0,0402829;0,02552062;
1641,892;0,03986151;0,02511438;
1643,756;0,03962666;0,02489465;
1645,620;0,03996599;0,02524903;
1647,483;0,04012065;0,0254187;
1649,347;0,03913658;0,02444958;
1651,211;0,03884088;0,02416879;
1653,074;0,04007509;0,02541785;
1654,938;0,03994208;0,02529965;
1656,802;0,03890172;0,02427404;
1658,665;0,03823647;0,02362349;
1660,529;0,03805597;0,02345765;
1662,393;0,03806549;0,02348178;
1664,256;0,03758167;0,02301252;
1666,120;0,03680663;0,02225198;
1667,984;0,03648837;0,02194818;
1669,847;0,03641465;0,02188888;
1671,711;0,03582721;0,0213158;
1673,575;0,03530946;0,02081236;
1675,438;0,03494926;0,02046643;
1677,302;0,03399193;0,01952332;
1679,166;0,03315073;0,01869629;
1681,029;0,03240128;0,01796097;
1682,893;0,03227268;0,01784645;
1684,757;0,03208008;0,01766788;
1686,620;0,03089875;0,01650054;
1688,484;0,02990374;0,01551947;
1690,348;0,02907138;0,014701;
1692,211;0,02802296;0,01366643;
1694,075;0,02730155;0,01295882;
1695,939;0,02686727;0,0125383;
1697,802;0,02607801;0,01176275;
1699,666;0,0257365;0,0114349;
1701,530;0,02470445;0,01041647;
1703,393;0,02361149;0,009337089;
1705,257;0,02274934;0,008488477;
1707,121;0,02192178;0,007674397;
1708,984;0,02102742;0,006793482;
1710,848;0,02016067;0,005940138;
1712,712;0,0194878;0,005280622;
1714,575;0,01896641;0,004772542;
1716,439;0,01872878;0,004548181;
1718,303;0,01841717;0,004249796;
1720,166;0,01756213;0,003407934;
1722,030;0,01685863;0,002717579;
1723,894;0,0162785;0,002150549;
1725,757;0,01592019;0,001805289;
1727,621;0,01565581;0,001553924;
1729,485;0,01536688;0,001277968;
1731,348;0,01497545;0,0008994634;
1733,212;0,01505199;0,0009888897;
1735,076;0,01488573;0,0008354783;
1736,939;0,01442097;0,0003835178;
1738,803;0,01419591;0,0001712214;
1740,667;0,01403571;2,374597E-5;
1742,530;0,01392463;-7,465443E-5;
1744,394;0,01377609;-0,0002105549;
1746,258;0,01368963;-0,0002844121;
1748,121;0,01369052;-0,0002709648;
1749,985;0,01378492;-0,0001640405;
1751,849;0,01374571;-0,0001907759;
1753,712;0,01364559;-0,000278455;
1755,576;0,01396416;5,251687E-5;
1757,440;0,01459531;0,0006960264;
1759,303;0,01561381;0,001726851;
1761,167;0,01725042;0,003375744;
1763,031;0,01775311;0,003890679;
1764,894;0,0157805;0,001930276;
1766,758;0,01383406;-3,998199E-6;
1768,622;0,0128914;-0,0009345338;
1770,485;0,01262945;-0,001184387;
1772,349;0,0126796;-0,001122192;
1774,213;0,01254547;-0,001244307;
1776,076;0,01237653;-0,001401272;
1777,940;0,01219745;-0,001568415;
1779,804;0,01222967;-0,00152429;
1781,667;0,01216177;-0,001580331;
1783,531;0,01202109;-0,001709178;
1785,395;0,01188843;-0,00183005;
1787,258;0,01177984;-0,001926883;
1789,122;0,0116376;-0,002057417;
1790,986;0,01171093;-0,001972402;
1792,849;0,01175557;-0,001916123;
1794,713;0,01162063;-0,002039452;
1796,577;0,01148686;-0,002161655;
1798,441;0,01146747;-0,002169506;
1800,304;0,01148401;-0,002141471;
1802,168;0,01137942;-0,002234594;
1804,032;0,01124301;-0,002359581;
1805,895;0,01115702;-0,002434173;
1807,759;0,01118444;-0,0023954;
1809,623;0,01123178;-0,002336735;
1811,486;0,01113621;-0,002421023;
1813,350;0,01099639;-0,002549589;
1815,214;0,01087986;-0,002654897;
1817,077;0,01077451;-0,002749073;
1818,941;0,0107935;-0,002718929;
1820,805;0,01084435;-0,002656968;
1822,668;0,01083115;-0,002659085;
1824,532;0,01087392;-0,002605272;
1826,396;0,01080236;-0,002665813;
1828,259;0,01085839;-0,002598803;
1830,123;0,01094276;-0,002503489;
1831,987;0,01077888;-0,002656455;
1833,850;0,01065513;-0,002769334;
1835,714;0,01057829;-0,002835326;
1837,578;0,01057049;-0,00283231;
1839,441;0,01064165;-0,002750369;
1841,305;0,01069786;-0,002683418;
1843,169;0,01079338;-0,002577179;
1845,032;0,01072892;-0,00263096;
1846,896;0,01058019;-0,002769035;
1848,760;0,01042479;-0,002913826;
1850,623;0,01030323;-0,003024799;
1852,487;0,01038539;-0,002932079;
1854,351;0,01045861;-0,002848341;
1856,214;0,01043749;-0,002858969;
1858,078;0,01037137;-0,002914633;
1859,942;0,01045903;-0,002816547;
1861,805;0,01051191;-0,002753271;
1863,669;0,01037154;-0,002883273;
1865,533;0,0102521;-0,00299238;
1867,396;0,0101812;-0,003052973;
1869,260;0,01009151;-0,003132399;
1871,124;0,009958942;-0,003254722;
1872,987;0,009948993;-0,00325446;
1874,851;0,01014477;-0,003048503;
1876,715;0,01028877;-0,002894354;
1878,578;0,01022807;-0,00294493;
1880,442;0,01011963;-0,003043282;
1882,306;0,01000436;-0,003148489;
1884,169;0,01001745;-0,00312537;
1886,033;0,01013785;-0,00299497;
1887,897;0,0100958;-0,00302705;
1889,760;0,009940422;-0,003172489;
1891,624;0,009876393;-0,003226607;
1893,488;0,009716762;-0,003376355;
1895,351;0,009369322;-0,003713942;
1897,215;0,009455292;-0,003618148;
1899,079;0,009692484;-0,00337116;
1900,942;0,009720539;-0,003333338;
1902,806;0,009598719;-0,00344542;
1904,670;0,009566855;-0,003467575;
1906,533;0,009534055;-0,003490694;
1908,397;0,009635685;-0,003379411;
1910,261;0,009658745;-0,003346727;
1912,124;0,009409988;-0,003585888;
1913,988;0,009270782;-0,003715526;
1915,852;0,009349049;-0,003627719;
1917,715;0,009321659;-0,003645596;
1919,579;0,009211311;-0,00374646;
1921,443;0,009135784;-0,003812529;
1923,306;0,008838289;-0,004100594;
1925,170;0,008416314;-0,004513167;
1927,034;0,008276288;-0,004643818;
1928,897;0,008383101;-0,004527657;
1930,761;0,008421808;-0,004479629;
1932,625;0,008364934;-0,004527209;
1934,488;0,008393152;-0,004489724;
1936,352;0,008316659;-0,004556977;
1938,216;0,00811361;-0,004750812;
1940,079;0,007932104;-0,004923132;
1941,943;0,007772662;-0,005073413;
1943,807;0,007158295;-0,005678645;
1945,670;0,006621431;-0,006206401;
1947,534;0,006602599;-0,006216151;
1949,398;0,00678235;-0,006027344;
1951,261;0,006401344;-0,00639932;
1953,125;0,006446252;-0,006345407;
1954,989;0,006617099;-0,006165583;
1956,852;0,005902608;-0,006871121;
1958,716;0,005362796;-0,007402006;
1960,580;0,005661724;-0,007094176;
1962,443;0,005532654;-0,007214369;
1964,307;0,004991384;-0,007746788;
1966,171;0,004109143;-0,008620203;
1968,034;0,003771426;-0,008949119;
1969,898;0,004001963;-0,008709805;
1971,762;0,004128637;-0,008574381;
1973,625;0,004129596;-0,008564695;
1975,489;0,003873884;-0,008811705;
1977,353;0,003628311;-0,009048601;
1979,216;0,004019451;-0,008648809;
1981,080;0,00403991;-0,008619721;
1982,944;0,004443431;-0,008207597;
1984,807;0,005140746;-0,007501702;
1986,671;0,005070361;-0,007563532;
1988,535;0,00493572;-0,007689642;
1990,398;0,004886571;-0,007730283;
1992,262;0,004905706;-0,007702664;
1994,126;0,005057228;-0,007542682;
1995,989;0,005122582;-0,007468892;
1997,853;0,005342695;-0,007240366;
1999,717;0,005404936;-0,007169736;
2001,580;0,005076646;-0,007489661;
2003,444;0,004877261;-0,007680703;
2005,308;0,004413655;-0,008135991;
2007,171;0,003850729;-0,00869062;
2009,035;0,003863941;-0,008669135;
2010,899;0,003349702;-0,009175125;
2012,762;0,003310552;-0,009206048;
2014,626;0,004163799;-0,008344596;
2016,490;0,004512741;-0,007987473;
2018,353;0,004148874;-0,008343182;
2020,217;0,003796812;-0,008687108;
2022,081;0,003372356;-0,00910345;
2023,944;0,003129027;-0,009338688;
2025,808;0,003142323;-0,009317323;
2027,672;0,003134781;-0,009316818;
2029,535;0,003255009;-0,009188565;
2031,399;0,003490926;-0,008944646;
2033,263;0,003587302;-0,008840289;
2035,126;0,003578695;-0,008840938;
2036,990;0,003790146;-0,00862155;
2038,854;0,004452717;-0,007951064;
2040,717;0,004916474;-0,007479413;
2042,581;0,005146708;-0,007241308;
2044,445;0,005412439;-0,006967726;
2046,308;0,005609459;-0,006762878;
2048,172;0,006027325;-0,006337205;
2050,036;0,006672417;-0,005684327;
2051,899;0,006805229;-0,00554375;
2053,763;0,007218583;-0,005122652;
2055,627;0,007511547;-0,004821965;
2057,490;0,007415162;-0,004910648;
2059,354;0,007982553;-0,004335577;
2061,218;0,008722582;-0,003587888;
2063,081;0,008919039;-0,003383792;
2064,945;0,008743928;-0,003551284;
2066,809;0,008501656;-0,003785958;
2068,672;0,008337581;-0,003942455;
2070,536;0,008605654;-0,003666825;
2072,400;0,009026113;-0,003238829;
2074,264;0,009085609;-0,003171817;
2076,127;0,009151668;-0,003098262;
2077,991;0,009399902;-0,002842552;
2079,855;0,009612278;-0,002622721;
2081,718;0,00936855;-0,002859012;
2083,582;0,009175689;-0,003044457;
2085,446;0,009259041;-0,00295371;
2087,309;0,00934541;-0,002859964;
2089,173;0,009112155;-0,003085863;
2091,037;0,008865431;-0,00332525;
2092,900;0,008907478;-0,003275886;
2094,764;0,009300549;-0,002875517;
2096,628;0,009677527;-0,002491261;
2098,491;0,009836567;-0,002324962;
2100,355;0,009647926;-0,002506363;
2102,219;0,009309173;-0,002837896;
2104,082;0,009461929;-0,002677939;
2105,946;0,009429894;-0,002702792;
2107,810;0,009135991;-0,002989532;
2109,673;0,009178437;-0,002939942;
2111,537;0,009079183;-0,00303207;
2113,401;0,009231329;-0,002872819;
2115,264;0,009560068;-0,002536992;
2117,128;0,009595806;-0,002494185;
2118,992;0,009564093;-0,002518848;
2120,855;0,009584183;-0,002491727;
2122,719;0,009100165;-0,002968732;
2124,583;0,008484317;-0,003577585;
2126,446;0,008232491;-0,003822434;
2128,310;0,008073193;-0,003974774;
2130,174;0,007523432;-0,004517596;
2132,037;0,007000909;-0,005033197;
2133,901;0,006623699;-0,005403504;
2135,765;0,006337437;-0,005682881;
2137,628;0,006430549;-0,005582901;
2139,492;0,006290204;-0,005716397;
2141,356;0,005267919;-0,006731851;
2143,219;0,004999252;-0,006993705;
2145,083;0,00513403;-0,00685213;
2146,947;0,005021858;-0,006957524;
2148,810;0,004517412;-0,00745521;
2150,674;0,004288129;-0,00767775;
2152,538;0,003474335;-0,008484819;
2154,401;0,002217328;-0,009735118;
2156,265;0,001148581;-0,01079717;
2158,129;8,253511E-5;-0,01185655;
2159,992;0,0005793411;-0,01135308;
2161,856;0,002050695;-0,009875091;
2163,720;0,00279963;-0,009119534;
2165,583;0,003631339;-0,008281221;
2167,447;0,003445168;-0,008460804;
2169,311;0,003225504;-0,008673898;
2171,174;0,003621958;-0,00827089;
2173,038;0,003857512;-0,008028799;
2174,902;0,002841942;-0,009037849;
2176,765;0,002930771;-0,008942516;
2178,629;0,004254153;-0,007612648;
2180,493;0,004585827;-0,007274504;
2182,356;0,004004992;-0,007848885;
2184,220;0,00411678;-0,00773066;
2186,084;0,004313136;-0,007527884;
2187,947;0,004595578;-0,007239038;
2189,811;0,004554539;-0,007273689;
2191,675;0,004725255;-0,007096602;
2193,538;0,005164519;-0,006650982;
2195,402;0,005203447;-0,006605715;
2197,266;0,004983551;-0,006819289;
2199,129;0,005441762;-0,006354771;
2200,993;0,005732577;-0,006057665;
2202,857;0,005304603;-0,006479364;
2204,720;0,005467903;-0,006309805;
2206,584;0,006149454;-0,005622011;
2208,448;0,006434832;-0,005330405;
2210,311;0,0064206;-0,005338426;
2212,175;0,006277566;-0,005475264;
2214,039;0,006338241;-0,005408409;
2215,902;0,006440626;-0,005299859;
2217,766;0,006413157;-0,005321179;
2219,630;0,006843268;-0,004884934;
2221,493;0,007272293;-0,004449791;
2223,357;0,007214903;-0,004501079;
2225,221;0,006933956;-0,004775938;
2227,084;0,006975031;-0,004728791;
2228,948;0,007344037;-0,004353728;
2230,812;0,007340103;-0,00435162;
2232,675;0,007859197;-0,003826499;
2234,539;0,008104771;-0,003574914;
2236,403;0,007659512;-0,004014176;
2238,266;0,007735227;-0,00393248;
2240,130;0,008314572;-0,003347168;
2241,994;0,008770549;-0,002885239;
2243,857;0,008852724;-0,002797127;
2245,721;0,008409192;-0,003234737;
2247,585;0,008470209;-0,003167812;
2249,448;0,009072835;-0,002559293;
2251,312;0,009347352;-0,002278898;
2253,176;0,009045337;-0,00257505;
2255,039;0,008889692;-0,002724845;
2256,903;0,009199246;-0,002409457;
2258,767;0,009326993;-0,002275889;
2260,630;0,009406443;-0,002190634;
2262,494;0,009711052;-0,001880234;
2264,358;0,009833176;-0,001752332;
2266,221;0,0101177;-0,001462044;
2268,085;0,0102951;-0,001278892;
2269,949;0,01032367;-0,001244591;
2271,812;0,01040581;-0,001156733;
2273,676;0,01064373;-0,000913109;
2275,540;0,01105037;-0,0005007761;
2277,403;0,01143616;-0,0001093027;
2279,267;0,01160389;6,409494E-5;
2281,131;0,01162051;8,63573E-5;
2282,994;0,01163762;0,000109105;
2284,858;0,01172989;0,0002070035;
2286,722;0,01194953;0,0004322491;
2288,585;0,01221149;0,0006998062;
2290,449;0,01232964;0,0008235387;
2292,313;0,01244948;0,000948948;
2294,176;0,01256078;0,0010658;
2296,040;0,01260721;0,001117772;
2297,904;0,01266303;0,001179123;
2299,767;0,01276491;0,001286515;
2301,631;0,01283372;0,001360824;
2303,495;0,01282461;0,001357204;
2305,358;0,01272627;0,001264337;
2307,222;0,01284989;0,001393413;
2309,086;0,01296533;0,001514305;
2310,949;0,01296116;0,001515567;
2312,813;0,01293862;0,001498448;
2314,677;0,01297963;0,001544869;
2316,540;0,01311843;0,001689067;
2318,404;0,0133489;0,001924913;
2320,268;0,01361504;0,002196424;
2322,131;0,01385865;0,002445393;
2323,995;0,01376564;0,00235773;
2325,859;0,01339952;0,001996938;
2327,722;0,01303921;0,001641943;
2329,586;0,01299502;0,001603058;
2331,450;0,01308433;0,001697661;
2333,313;0,01314957;0,001768183;
2335,177;0,01314047;0,001764347;
2337,041;0,01310434;0,001733473;
2338,904;0,01295148;0,00158586;
2340,768;0,01282273;0,00146234;
2342,632;0,01281416;0,001458979;
2344,495;0,01303221;0,00168224;
2346,359;0,01320984;0,001865058;
2348,223;0,01325691;0,001917304;
2350,087;0,01315718;0,00182275;
2351,950;0,01296893;0,001639652;
2353,814;0,01277299;0,001448854;
2355,678;0,01267497;0,00135596;
2357,541;0,01254833;0,001234439;
2359,405;0,01241458;0,001105795;
2361,269;0,01242337;0,001119682;
2363,132;0,01249676;0,001198153;
2364,996;0,01254553;0,001251994;
2366,860;0,01269233;0,001403853;
2368,723;0,01270054;0,001417107;
2370,587;0,01296209;0,001683692;
2372,451;0,01329217;0,002018804;
2374,314;0,01339162;0,002123259;
2376,178;0,01345706;0,002193698;
2378,042;0,01368225;0,002423873;
2379,905;0,01398195;0,002728548;
2381,769;0,01432045;0,003072012;
2383,633;0,01458704;0,003343553;
2385,496;0,01478378;0,003545241;
2387,360;0,01505773;0,003824119;
2389,224;0,01547776;0,004249063;
2391,087;0,01569055;0,00446676;
2392,951;0,01583951;0,004620615;
2394,815;0,01586504;0,004651029;
2396,678;0,01575878;0,004549637;
2398,542;0,01550436;0,004300085;
2400,406;0,01511939;0,003919958;
2402,269;0,01471602;0,003521433;
2404,133;0,01450824;0,00331848;
2405,997;0,01434599;0,003161037;
2407,860;0,01425308;0,003072938;
2409,724;0,01429947;0,003124113;
2411,588;0,01424292;0,003072352;
2413,451;0,01400326;0,002837457;
2415,315;0,01393718;0,002776139;
2417,179;0,01407321;0,002916915;
2419,042;0,01410015;0,002948602;
2420,906;0,01400066;0,002853833;
2422,770;0,01396665;0,002824543;
2424,633;0,01394639;0,002808988;
2426,497;0,01394308;0,002810373;
2428,361;0,0140636;0,002935571;
2430,224;0,01401227;0,002888914;
2432,088;0,01387064;0,002751947;
2433,952;0,01379722;0,00268318;
2435,815;0,01384351;0,002734112;
2437,679;0,01383498;0,002730214;
2439,543;0,01365774;0,00255759;
2441,406;0,01359791;0,002502369;
2443,270;0,0136081;0,002517158;
2445,134;0,01381355;0,002727196;
2446,997;0,01397026;0,002888482;
2448,861;0,01395248;0,002875269;
2450,725;0,01384316;0,002770507;
2452,588;0,01374511;0,002676998;
2454,452;0,01373736;0,002673784;
2456,316;0,01380758;0,002748527;
2458,179;0,01371908;0,002664546;
2460,043;0,01374432;0,002694293;
2461,907;0,01386188;0,002816347;
2463,770;0,01387541;0,002834358;
2465,634;0,01383855;0,002801976;
2467,498;0,01383172;0,00279961;
2469,361;0,01372501;0,002697357;
2471,225;0,01373921;0,002716001;
2473,089;0,01381282;0,002794038;
2474,952;0,01382485;0,002810496;
2476,816;0,01383172;0,002821774;
2478,680;0,01382234;0,002816803;
2480,543;0,01366809;0,002666943;
2482,407;0,01355782;0,00256106;
2484,271;0,01355774;0,002565359;
2486,134;0,01371536;0,002727336;
2487,998;0,01370431;0,002720639;
2489,862;0,01370387;0,002724549;
2491,725;0,01389546;0,002920473;
2493,589;0,01388865;0,002917987;
2495,453;0,01369062;0,002724277;
2497,316;0,01357282;0,002610782;
2499,180;0,01344557;0,002487829;
2501,044;0,01364382;0,002690359;
2502,907;0,01376499;0,00281581;
2504,771;0,01360912;0,002664205;
2506,635;0,01353436;0,002593705;
2508,498;0,01367799;0,002741583;
2510,362;0,01364675;0,002714583;
2512,226;0,01363724;0,002709304;
2514,089;0,01367739;0,002753672;
2515,953;0,01357774;0,002658235;
2517,817;0,01350961;0,002594309;
2519,680;0,01363899;0,00272788;
2521,544;0,0138116;0,002904671;
2523,408;0,01381225;0,002909495;
2525,271;0,01374569;0,002847098;
2527,135;0,01389346;0,002999029;
2528,999;0,01408717;0,003196881;
2530,862;0,01413919;0,00325304;
2532,726;0,01402235;0,003140329;
2534,590;0,01386184;0,002983936;
2536,453;0,01372044;0,002846645;
2538,317;0,01367661;0,002806916;
2540,181;0,01394418;0,003078576;
2542,044;0,01417412;0,0033126;
2543,908;0,01399544;0,003137998;
2545,772;0,01402713;0,003173751;
2547,635;0,01426596;0,003416635;
2549,499;0,01433749;0,003492211;
2551,363;0,01420697;0,003365728;
2553,226;0,01406109;0,003223878;
2555,090;0,01409262;0,003259428;
2556,954;0,01433727;0,003508097;
2558,817;0,01443905;0,003613873;
2560,681;0,01445266;0,003631474;
2562,545;0,01444144;0,003624243;
2564,408;0,01449647;0,003683247;
2566,272;0,01453748;0,003728228;
2568,136;0,01449755;0,003692261;
2569,999;0,01436919;0,003567852;
2571,863;0,0143776;0,003580202;
2573,727;0,01454401;0,00375054;
2575,590;0,01474144;0,003951905;
2577,454;0,01476626;0,003980639;
2579,318;0,01469396;0,003912249;
2581,181;0,01470189;0,003924071;
2583,045;0,01482038;0,004046452;
2584,909;0,01485441;0,00408437;
2586,772;0,01494318;0,004177014;
2588,636;0,01498848;0,004226178;
2590,500;0,01496653;0,004208085;
2592,363;0,01507877;0,004324173;
2594,227;0,01528093;0,004530178;
2596,091;0,01531522;0,004568299;
2597,954;0,01528506;0,004541968;
2599,818;0,01530288;0,0045636;
2601,682;0,01531328;0,004577814;
2603,545;0,0152814;0,004549727;
2605,409;0,01539023;0,004662351;
2607,273;0,01550526;0,004781165;
2609,136;0,01564486;0,004924545;
2611,000;0,01573599;0,005019438;
2612,864;0,01583202;0,005119229;
2614,727;0,01582107;0,005112028;
2616,591;0,01574088;0,005035582;
2618,455;0,01564966;0,004948099;
2620,318;0,01566875;0,004970919;
2622,182;0,01584904;0,005154927;
2624,046;0,01598013;0,005289721;
2625,910;0,01604433;0,005357633;
2627,773;0,01610447;0,005421467;
2629,637;0,01605109;0,005371775;
2631,501;0,01613002;0,00545438;
2633,364;0,01629254;0,005620576;
2635,228;0,01638324;0,005714945;
2637,092;0,01638086;0,005716222;
2638,955;0,0163963;0,00573531;
2640,819;0,01642112;0,005763767;
2642,683;0,01650164;0,005847918;
2644,546;0,01655759;0,005907496;
2646,410;0,01658916;0,005942686;
2648,274;0,01651139;0,005868528;
2650,137;0,0165814;0,005942141;
2652,001;0,01658934;0,00595367;
2653,865;0,01658028;0,005948203;
2655,728;0,01659782;0,005969319;
2657,592;0,01668239;0,006057469;
2659,456;0,01664151;0,006020154;
2661,319;0,0165522;0,005934397;
2663,183;0,01655879;0,005944535;
2665,047;0,01656834;0,005957632;
2666,910;0,01655917;0,005952;
2668,774;0,01655285;0,00594921;
2670,638;0,0163953;0,005795172;
2672,501;0,01637893;0,005782321;
2674,365;0,01647509;0,005881986;
2676,229;0,01663069;0,006041087;
2678,092;0,01670395;0,00611783;
2679,956;0,01665687;0,00607424;
2681,820;0,01666111;0,006081957;
2683,683;0,01675279;0,006177109;
2685,547;0,01671544;0,006143221;
2687,411;0,01672315;0,006154382;
2689,274;0,01678375;0,006218426;
2691,138;0,01679871;0,00623683;
2693,002;0,01672608;0,006167636;
2694,865;0,01683753;0,006282508;
2696,729;0,01687117;0,006319572;
2698,593;0,01689075;0,006342562;
2700,456;0,01696536;0,006420579;
2702,320;0,01696658;0,006425201;
2704,184;0,01688739;0,006349398;
2706,047;0,01693814;0,006403531;
2707,911;0,01706664;0,006535412;
2709,775;0,01715648;0,006628619;
2711,638;0,01710379;0,006579297;
2713,502;0,01710963;0,006588492;
2715,366;0,01710386;0,006586072;
2717,229;0,01713169;0,006617238;
2719,093;0,01716881;0,006657694;
2720,957;0,01727197;0,006764187;
2722,820;0,01737207;0,006867612;
2724,684;0,01740167;0,006900527;
2726,548;0,01748074;0,006982902;
2728,411;0,01765702;0,007162483;
2730,275;0,01778733;0,007296089;
2732,139;0,01791448;0,007426525;
2734,002;0,01792662;0,007441943;
2735,866;0,01788255;0,007401153;
2737,730;0,01789663;0,007418495;
2739,593;0,0179686;0,007493735;
2741,457;0,01791604;0,007444428;
2743,321;0,01778202;0,007313654;
2745,184;0,0176148;0,007149675;
2747,048;0,0176066;0,007144708;
2748,912;0,01774717;0,00728851;
2750,775;0,0179181;0,007462665;
2752,639;0,01798783;0,007535611;
2754,503;0,01795568;0,00750666;
2756,366;0,01804838;0,007602563;
2758,230;0,01802623;0,007583614;
2760,094;0,01790938;0,007469953;
2761,957;0,01801563;0,007579383;
2763,821;0,01805572;0,007622655;
2765,685;0,01799471;0,007564806;
2767,548;0,01796391;0,007537173;
2769,412;0,01799534;0,007571761;
2771,276;0,0179312;0,007510774;
2773,139;0,01792321;0,007505924;
2775,003;0,01805517;0,00764102;
2776,867;0,01834855;0,007937534;
2778,730;0,01851107;0,008103185;
2780,594;0,01846399;0,008059221;
2782,458;0,01835096;0,007949301;
2784,321;0,01818247;0,007783924;
2786,185;0,01806;0,007664551;
2788,049;0,01800726;0,00761491;
2789,912;0,01805647;0,007667202;
2791,776;0,01834785;0,007961668;
2793,640;0,01838212;0,007999012;
2795,503;0,01829607;0,007916026;
2797,367;0,01824856;0,007871581;
2799,231;0,01837092;0,007997005;
2801,094;0,01852217;0,008151303;
2802,958;0,01856463;0,008196809;
2804,822;0,01846409;0,008099302;
2806,685;0,01830339;0,007941634;
2808,549;0,01825188;0,007893157;
2810,413;0,01841097;0,008055266;
2812,276;0,01858924;0,008236549;
2814,140;0,0185908;0,008241115;
2816,004;0,01853886;0,008192183;
2817,867;0,0185798;0,008236118;
2819,731;0,01864953;0,008308839;
2821,595;0,01865766;0,008319956;
2823,458;0,01862222;0,008287498;
2825,322;0,01870708;0,00837533;
2827,186;0,01874173;0,008412947;
2829,049;0,01885054;0,008524713;
2830,913;0,01886853;0,008545665;
2832,777;0,01875534;0,008435428;
2834,640;0,01871722;0,008400243;
2836,504;0,01878352;0,008469483;
2838,368;0,01878249;0,008471392;
2840,231;0,01900289;0,008694714;
2842,095;0,01932903;0,009023775;
2843,959;0,01933807;0,009035728;
2845,822;0,01917131;0,008871879;
2847,686;0,01919304;0,008896518;
2849,550;0,01932622;0,009032594;
2851,413;0,01942959;0,00913885;
2853,277;0,01946541;0,009177562;
2855,141;0,01957151;0,009286541;
2857,004;0,01966451;0,009382422;
2858,868;0,01967861;0,00939939;
2860,732;0,01971728;0,009440918;
2862,595;0,0200165;0,009742998;
2864,459;0,02018605;0,009915407;
2866,323;0,02014277;0,009874969;
2868,186;0,02005664;0,009791686;
2870,050;0,02004554;0,009783416;
2871,914;0,01984551;0,009586218;
2873,777;0,01987834;0,009621873;
2875,641;0,02026815;0,01001451;
2877,505;0,02050376;0,01025293;
2879,368;0,02036553;0,0101175;
2881,232;0,02030076;0,01005555;
2883,096;0,02040852;0,0101661;
2884,959;0,02038262;0,010143;
2886,823;0,02033533;0,01009849;
2888,687;0,02050722;0,01027316;
2890,550;0,02049858;0,0102673;
2892,414;0,02034596;0,01011745;
2894,278;0,02025903;0,01003328;
2896,141;0,02046898;0,010246;
2898,005;0,02060451;0,01038429;
2899,869;0,02062407;0,01040659;
2901,733;0,02062924;0,01041451;
2903,596;0,02082784;0,01061584;
2905,460;0,02092052;0,01071126;
2907,324;0,02091381;0,01070728;
2909,187;0,02088928;0,01068547;
2911,051;0,02083551;0,01063442;
2912,915;0,02080139;0,01060301;
2914,778;0,02097539;0,01077972;
2916,642;0,02112123;0,01092827;
2918,506;0,02128131;0,01109104;
2920,369;0,02147296;0,01128538;
2922,233;0,02145848;0,01127358;
2924,097;0,02136796;0,01118575;
2925,960;0,02139924;0,0112197;
2927,824;0,02147207;0,01129521;
2929,688;0,0216214;0,0114472;
2931,551;0,02166065;0,01148912;
2933,415;0,02177365;0,01160477;
2935,279;0,02189016;0,01172394;
2937,142;0,02200177;0,01183819;
2939,006;0,02205041;0,01188947;
2940,870;0,0220573;0,011899;
2942,733;0,02188847;0,0117328;
2944,597;0,02166827;0,01151523;
2946,461;0,02177923;0,01162881;
2948,324;0,02199287;0,01184506;
2950,188;0,02194255;0,01179736;
2952,052;0,02194089;0,01179831;
2953,915;0,02210995;0,01196996;
2955,779;0,02227098;0,01213359;
2957,643;0,02222902;0,01209422;
2959,506;0,02228008;0,01214787;
2961,370;0,02206873;0,0119391;
2963,234;0,02204807;0,01192102;
2965,097;0,02223792;0,01211344;
2966,961;0,02208671;0,01196479;
2968,825;0,02199806;0,01187871;
2970,688;0,02208802;0,01197123;
2972,552;0,02197539;0,01186115;
2974,416;0,02187202;0,01176033;
2976,279;0,02183507;0,01172592;
2978,143;0,02195701;0,0118504;
2980,007;0,02193369;0,01182961;
2981,870;0,02181705;0,0117155;
2983,734;0,02182711;0,01172809;
2985,598;0,02195907;0,01186257;
2987,461;0,02185655;0,01176256;
2989,325;0,02169288;0,0116014;
2991,189;0,02147972;0,01139075;
2993,052;0,02155094;0,01146447;
2994,916;0,0215975;0,01151352;
2996,780;0,02152425;0,01144277;
2998,643;0,02162231;0,01154331;
3000,507;0,02181904;0,01174253;
3002,371;0,02179536;0,01172132;
3004,234;0,02172479;0,01165323;
3006,098;0,02181465;0,01174556;
3007,962;0,02189479;0,01182816;
3009,825;0,02153771;0,01147354;
3011,689;0,02124087;0,01117915;
3013,553;0,02145504;0,01139578;
3015,416;0,0218298;0,01177297;
3017,280;0,02189554;0,01184116;
3019,144;0,02188911;0,01183716;
3021,007;0,02200829;0,01195878;
3022,871;0,02215487;0,01210778;
3024,735;0,02200548;0,01196082;
3026,598;0,02206751;0,01202526;
3028,462;0,02210021;0,01206038;
3030,326;0,02199134;0,01195392;
3032,189;0,02199164;0,01195663;
3034,053;0,0221099;0,01207729;
3035,917;0,02211683;0,01208661;
3037,780;0,02219276;0,01216493;
3039,644;0,02215638;0,01213094;
3041,508;0,02221063;0,01218758;
3043,371;0,02221115;0,01219047;
3045,235;0,02226763;0,01224933;
3047,099;0,02258943;0,0125735;
3048,962;0,02276136;0,0127478;
3050,826;0,02259225;0,01258104;
3052,690;0,0226123;0,01260346;
3054,553;0,02254802;0,01254152;
3056,417;0,02260977;0,01260562;
3058,281;0,02271952;0,01271771;
3060,144;0,02279689;0,01279743;
3062,008;0,02293134;0,01293421;
3063,872;0,02296938;0,01297458;
3065,735;0,02290877;0,01291629;
3067,599;0,02292294;0,01293279;
3069,463;0,02284936;0,01286153;
3071,326;0,02294782;0,0129623;
3073,190;0,02303503;0,01305183;
3075,054;0,02306737;0,01308647;
3076,917;0,02307667;0,01309807;
3078,781;0,02301806;0,01304176;
3080,645;0,02294042;0,01296641;
3082,508;0,02297553;0,01300381;
3084,372;0,02314681;0,01317738;
3086,236;0,02350847;0,01354132;
3088,099;0,02358747;0,0136226;
3089,963;0,02349294;0,01353034;
3091,827;0,02347167;0,01351133;
3093,690;0,02347175;0,01351368;
3095,554;0,02353752;0,01358171;
3097,418;0,02367424;0,01372069;
3099,281;0,02363147;0,01368017;
3101,145;0,02371513;0,01376608;
3103,009;0,02378713;0,01384032;
3104,872;0,02386552;0,01392095;
3106,736;0,02389652;0,01395419;
3108,600;0,02379116;0,01385107;
3110,463;0,02363093;0,01369306;
3112,327;0,02372959;0,01379394;
3114,191;0,02384304;0,01390961;
3116,054;0,0238201;0,01388889;
3117,918;0,02372743;0,01379843;
3119,782;0,02387713;0,01395034;
3121,645;0,02415284;0,01422826;
3123,509;0,02432959;0,01440721;
3125,373;0,02427183;0,01435164;
3127,236;0,02419136;0,01427336;
3129,100;0,0242216;0,01430579;
3130,964;0,02426231;0,01434869;
3132,827;0,0243906;0,01447916;
3134,691;0,02452624;0,01461698;
3136,555;0,02460982;0,01470273;
3138,418;0,02444799;0,01454307;
3140,282;0,02428094;0,01437818;
3142,146;0,02447889;0,01457829;
3144,009;0,02469532;0,01479688;
3145,873;0,02476571;0,01486942;
3147,737;0,02484922;0,01495508;
3149,600;0,02497394;0,01508195;
3151,464;0,02473318;0,01484333;
3153,328;0,02453813;0,01465042;
3155,191;0,0247553;0,01486973;
3157,055;0,02495126;0,01506782;
3158,919;0,02484455;0,01496324;
3160,782;0,0249632;0,015084;
3162,646;0,0250655;0,01518842;
3164,510;0,02526505;0,01539009;
3166,373;0,02546249;0,01558965;
3168,237;0,02542215;0,01555141;
3170,101;0,0251646;0,01529597;
3171,964;0,02507454;0,015208;
3173,828;0,02510624;0,0152418;
3175,692;0,02524969;0,01538734;
3177,556;0,02545603;0,01559578;
3179,419;0,02550213;0,01564396;
3181,283;0,02546134;0,01560526;
3183,147;0,02549927;0,01564527;
3185,010;0,02550025;0,01564832;
3186,874;0,02563058;0,01578072;
3188,738;0,02581728;0,01596949;
3190,601;0,02580296;0,01595724;
3192,465;0,02559781;0,01575414;
3194,329;0,0256041;0,01576249;
3196,192;0,02577279;0,01593324;
3198,056;0,02586067;0,01602317;
3199,920;0,02569918;0,01586373;
3201,783;0,02568337;0,01584996;
3203,647;0,02592646;0,01609508;
3205,511;0,02610082;0,01627148;
3207,374;0,02604751;0,01622021;
3209,238;0,0259682;0,01614292;
3211,102;0,02592132;0,01609807;
3212,965;0,02605497;0,01623374;
3214,829;0,0262931;0,01647388;
3216,693;0,02622281;0,01640561;
3218,556;0,02605259;0,0162374;
3220,420;0,02614433;0,01633115;
3222,284;0,02606346;0,01625228;
3224,147;0,02608322;0,01627404;
3226,011;0,02621109;0,01640391;
3227,875;0,02616934;0,01636415;
3229,738;0,02606077;0,01625758;
3231,602;0,02603726;0,01623605;
3233,466;0,02598759;0,01618836;
3235,329;0,02601453;0,01621729;
3237,193;0,02606803;0,01627276;
3239,057;0,02621451;0,01642121;
3240,920;0,02622276;0,01643144;
3242,784;0,02621895;0,01642959;
3244,648;0,02628215;0,01649476;
3246,511;0,02629408;0,01650864;
3248,375;0,02636243;0,01657895;
3250,239;0,02642648;0,01664495;
3252,102;0,02629104;0,01651146;
3253,966;0,02634012;0,01656249;
3255,830;0,02641496;0,01663926;
3257,693;0,02628673;0,01651298;
3259,557;0,02642923;0,01665741;
3261,421;0,02650194;0,01673206;
3263,284;0,02628479;0,01651683;
3265,148;0,02629305;0,01652702;
3267,012;0,02626109;0,01649698;
3268,875;0,026263;0,01650082;
3270,739;0,02611558;0,01635531;
3272,603;0,02628719;0,01652884;
3274,466;0,02660067;0,01684422;
3276,330;0,0265699;0,01681536;
3278,194;0,02636966;0,01661702;
3280,057;0,02637741;0,01662667;
3281,921;0,02647215;0,01672331;
3283,785;0,02657097;0,01682402;
3285,648;0,02660893;0,01686387;
3287,512;0,02658292;0,01683975;
3289,376;0,02636212;0,01662084;
3291,239;0,02621778;0,01647837;
3293,103;0,02631954;0,01658201;
3294,967;0,02627322;0,01653757;
3296,830;0,02618813;0,01645435;
3298,694;0,02631763;0,01658571;
3300,558;0,02638126;0,0166512;
3302,421;0,02630116;0,01657297;
3304,285;0,02611967;0,01639334;
3306,149;0,02617284;0,01644836;
3308,012;0,02631114;0,01658852;
3309,876;0,02629581;0,01657504;
3311,740;0,02637841;0,01665949;
3313,603;0,02636118;0,01664409;
3315,467;0,0263128;0,01659756;
3317,331;0,02641199;0,01669858;
3319,194;0,02635491;0,01664334;
3321,058;0,02630628;0,01659653;
3322,922;0,02627988;0,01657196;
3324,785;0,02645238;0,01674628;
3326,649;0,02640505;0,01670077;
3328,513;0,02637266;0,01667021;
3330,376;0,02630451;0,01660387;
3332,240;0,02631163;0,0166128;
3334,104;0,02635415;0,01665713;
3335,967;0,02635303;0,01665781;
3337,831;0,02637702;0,01668361;
3339,695;0,02636508;0,01667347;
3341,558;0,02617558;0,01648577;
3343,422;0,02602074;0,01633272;
3345,286;0,02605906;0,01637283;
3347,149;0,0262482;0,01656376;
3349,013;0,02629434;0,01661169;
3350,877;0,02621951;0,01653864;
3352,740;0,02612855;0,01644945;
3354,604;0,02612808;0,01645076;
3356,468;0,02604626;0,01637071;
3358,331;0,02627669;0,01660292;
3360,195;0,02631572;0,01664371;
3362,059;0,02613929;0,01646905;
3363,922;0,02594474;0,01627626;
3365,786;0,02595244;0,01628572;
3367,650;0,0260533;0,01638833;
3369,513;0,02604502;0,01638181;
3371,377;0,02594238;0,01628092;
3373,241;0,02599863;0,01633891;
3375,104;0,02608883;0,01643085;
3376,968;0,02590952;0,01625328;
3378,832;0,02574557;0,01609108;
3380,695;0,02597718;0,01632442;
3382,559;0,02600886;0,01635783;
3384,423;0,02594513;0,01629583;
3386,286;0,02569648;0,01604891;
3388,150;0,02540099;0,01575514;
3390,014;0,02530213;0,015658;
3391,877;0,02536292;0,01572051;
3393,741;0,02534199;0,0157013;
3395,605;0,02530269;0,01566371;
3397,468;0,02519817;0,0155609;
3399,332;0,02501145;0,01537588;
3401,196;0,02487036;0,0152365;
3403,059;0,02482713;0,01519497;
3404,923;0,02479728;0,01516682;
3406,787;0,0249489;0,01532013;
3408,650;0,02500017;0,0153731;
3410,514;0,02505655;0,01543117;
3412,378;0,0249796;0,0153559;
3414,241;0,02475146;0,01512944;
3416,105;0,02460429;0,01498396;
3417,969;0,02463957;0,01502092;
3419,832;0,02453621;0,01491923;
3421,696;0,02445903;0,01484373;
3423,560;0,02434734;0,01473371;
3425,423;0,02414592;0,01453396;
3427,287;0,02396693;0,01435663;
3429,151;0,02403616;0,01442753;
3431,014;0,02394581;0,01433883;
3432,878;0,02384519;0,01423987;
3434,742;0,0239843;0,01438064;
3436,605;0,02420153;0,01459952;
3438,469;0,02406104;0,01446068;
3440,333;0,02359431;0,0139956;
3442,196;0,02325499;0,01365792;
3444,060;0,02338825;0,01379282;
3445,924;0,02349422;0,01390042;
3447,787;0,02345054;0,01385839;
3449,651;0,02352441;0,01393388;
3451,515;0,02339849;0,0138096;
3453,379;0,02320564;0,01361838;
3455,242;0,02310805;0,01352241;
3457,106;0,02316017;0,01357615;
3458,970;0,02325062;0,01366822;
3460,833;0,02289872;0,01331794;
3462,697;0,02260258;0,01302341;
3464,561;0,02241;0,01283244;
3466,424;0,0224903;0,01291436;
3468,288;0,02261881;0,01304448;
3470,152;0,02225262;0,01267989;
3472,015;0,02187998;0,01230885;
3473,879;0,02198633;0,0124168;
3475,743;0,02195619;0,01238826;
3477,606;0,02190368;0,01233734;
3479,470;0,0218734;0,01230865;
3481,334;0,02174147;0,01217832;
3483,197;0,02140267;0,0118411;
3485,061;0,0214633;0,01190331;
3486,925;0,02147603;0,01191762;
3488,788;0,02133237;0,01177555;
3490,652;0,02129058;0,01173533;
3492,516;0,02133837;0,0117847;
3494,379;0,02117399;0,01162188;
3496,243;0,02092335;0,01137281;
3498,107;0,02069943;0,01115046;
3499,970;0,0206112;0,01106379;
3501,834;0,02036322;0,01081738;
3503,698;0,02036398;0,0108197;
3505,561;0,02047033;0,0109276;
3507,425;0,02025008;0,0107089;
3509,289;0,02027226;0,01073264;
3511,152;0,02025101;0,01071294;
3513,016;0,01992932;0,01039279;
3514,880;0,01975466;0,01021968;
3516,743;0,0197553;0,01022186;
3518,607;0,01977846;0,01024655;
3520,471;0,01962949;0,01009912;
3522,334;0,01943519;0,009906356;
3524,198;0,01938616;0,009858861;
3526,062;0,01948225;0,009956472;
3527,925;0,01937904;0,009854795;
3529,789;0,01919725;0,009674526;
3531,653;0,0190129;0,009491703;
3533,516;0,01891555;0,009395865;
3535,380;0,01876285;0,00924469;
3537,244;0,01862025;0,009103597;
3539,107;0,01857003;0,009054897;
3540,971;0,01846959;0,008955964;
3542,835;0,01841008;0,008897958;
3544,698;0,01842083;0,008910216;
3546,562;0,01821804;0,00870893;
3548,426;0,01807321;0,008565599;
3550,289;0,01791623;0,008410114;
3552,153;0,01760098;0,008096366;
3554,017;0,01751567;0,008012548;
3555,880;0,01778592;0,008284292;
3557,744;0,01790042;0,00840028;
3559,608;0,01753354;0,008034884;
3561,471;0,01717742;0,007680246;
3563,335;0,01737486;0,007879168;
3565,199;0,01733509;0,007840875;
3567,062;0,01696216;0,007469424;
3568,926;0,01675378;0,007262518;
3570,790;0,01663122;0,007141428;
3572,653;0,01637755;0,006889238;
3574,517;0,01636452;0,006877673;
3576,381;0,01608222;0,006596834;
3578,244;0,01607587;0,006591947;
3580,108;0,01632225;0,006839788;
3581,972;0,01619737;0,006716374;
3583,835;0,01608053;0,006600985;
3585,699;0,01628046;0,006802376;
3587,563;0,01603108;0,006554444;
3589,426;0,01560683;0,006131642;
3591,290;0,01546391;0,005990171;
3593,154;0,01523841;0,005766117;
3595,017;0,01515017;0,005679315;
3596,881;0,01527482;0,00580541;
3598,745;0,01531245;0,005844477;
3600,608;0,01543914;0,005972608;
3602,472;0,0153718;0,005906701;
3604,336;0,01496532;0,005501649;
3606,199;0,01465991;0,005197668;
3608,063;0,01460706;0,005146247;
3609,927;0,01484425;0,005384857;
3611,790;0,01476113;0,005303162;
3613,654;0,01444666;0,004990111;
3615,518;0,01413974;0,004684613;
3617,381;0,01424318;0,004789468;
3619,245;0,01472499;0,005272692;
3621,109;0,01444695;0,00499607;
3622,972;0,01391024;0,004460769;
3624,836;0,01379718;0,004349113;
3626,700;0,01376036;0,004313702;
3628,563;0,01352414;0,004078878;
3630,427;0,01347916;0,004035308;
3632,291;0,01311535;0,003672892;
3634,154;0,01323342;0,00379236;
3636,018;0,01349308;0,004053411;
3637,882;0,01335936;0,003921087;
3639,745;0,01310669;0,00366981;
3641,609;0,01275848;0,003322988;
3643,473;0,01269326;0,003259152;
3645,336;0,01301093;0,003578207;
3647,200;0,01330308;0,003871738;
3649,064;0,01343146;0,004001497;
3650,927;0,01309825;0,003669668;
3652,791;0,01295913;0,003531923;
3654,655;0,01271441;0,003288575;
3656,518;0,01231097;0,002886504;
3658,382;0,01235057;0,002927471;
3660,246;0,01238508;0,002963348;
3662,109;0,01221993;0,002799561;
3663,973;0,01226147;0,002842472;
3665,837;0,01241531;0,00299767;
3667,700;0,01259618;0,003179897;
3669,564;0,01294861;0,003533682;
3671,428;0,01302135;0,003607784;
3673,291;0,01256548;0,003153264;
3675,155;0,01225143;0,002840566;
3677,019;0,01267914;0,003269623;
3678,882;0,01251306;0,003104886;
3680,746;0,0121308;0,002723969;
3682,610;0,01202395;0,002618461;
3684,473;0,01212816;0,002724018;
3686,337;0,01211531;0,002712506;
3688,201;0,01229358;0,002892105;
3690,064;0,0125757;0,00317556;
3691,928;0,01256104;0,003162233;
3693,792;0,01236303;0,002965556;
3695,655;0,012093;0,002696859;
3697,519;0,01200362;0,002608801;
3699,383;0,0123028;0,002909306;
3701,246;0,01245648;0,003064308;
3703,110;0,01229102;0,002900163;
3704,974;0,01217058;0,002781043;
3706,837;0,01222807;0,002839855;
3708,701;0,01234537;0,00295847;
3710,565;0,01237384;0,00298825;
3712,428;0,0126856;0,003301317;
3714,292;0,01257066;0,003187691;
3716,156;0,01212796;0,002746289;
3718,019;0,01193618;0,002555817;
3719,883;0,01204809;0,002669025;
3721,747;0,01225608;0,002878323;
3723,610;0,01250161;0,003125147;
3725,474;0,01243177;0,003056608;
3727,338;0,01243654;0,003062672;
3729,202;0,01243982;0,003067238;
3731,065;0,01256381;0,003192522;
3732,929;0,01308882;0,003718824;
3734,793;0,01300568;0,003636964;
3736,656;0,01265808;0,003290657;
3738,520;0,01279416;0,003428015;
3740,384;0,01274941;0,003384546;
3742,247;0,01245056;0,003086977;
3744,111;0,01254112;0,003178814;
3745,975;0,01285703;0,003495997;
3747,838;0,0125032;0,003143442;
3749,702;0,01228264;0,00292416;
3751,566;0,01235395;0,002996733;
3753,429;0,01249601;0,003140065;
3755,293;0,01237989;0,00302521;
3757,157;0,0123615;0,003008083;
3759,020;0,01253603;0,003183871;
3760,884;0,01286317;0,003512278;
3762,748;0,01287106;0,003521424;
3764,611;0,01226359;0,002915209;
3766,475;0,01211002;0,002762897;
3768,339;0,01237088;0,003025004;
3770,202;0,01236912;0,003024494;
3772,066;0,01239314;0,003049764;
3773,930;0,01267211;0,003329981;
3775,793;0,01244095;0,003100067;
3777,657;0,01234484;0,003005206;
3779,521;0,01253471;0,003196317;
3781,384;0,01269301;0,003355852;
3783,248;0,01272996;0,003394046;
3785,112;0,01274168;0,003406996;
3786,975;0,01284267;0,003509227;
3788,839;0,01278862;0,00345641;
3790,703;0,01262166;0,00329068;
3792,566;0,01224053;0,002910772;
3794,430;0,01189261;0,002564088;
3796,294;0,01228603;0,002958732;
3798,157;0,01312217;0,003796091;
3800,021;0,01324589;0,003921033;
3801,885;0,01264671;0,003323076;
3803,748;0,01222748;0,002905063;
3805,612;0,01172524;0,002404037;
3807,476;0,01169511;0,002375124;
3809,339;0,01210593;0,00278716;
3811,203;0,01230421;0,00298665;
3813,067;0,0122982;0,002981844;
3814,930;0,01239204;0,003076891;
3816,794;0,01295354;0,003639601;
3818,658;0,0129925;0,003679768;
3820,521;0,01220013;0,002888599;
3822,385;0,01163792;0,002327584;
3824,249;0,01216523;0,002856098;
3826,112;0,01297577;0,003667826;
3827,976;0,01283877;0,00353203;
3829,840;0,01230907;0,003003523;
3831,703;0,01223512;0,002930763;
3833,567;0,01224362;0,002940451;
3835,431;0,01230152;0,002999544;
3837,294;0,01269541;0,003394612;
3839,158;0,01293022;0,003630612;
3841,022;0,01287447;0,003576039;
3842,885;0,01254312;0,00324587;
3844,749;0,01261316;0,003317096;
3846,613;0,01242871;0,003133819;
3848,476;0,01225558;0,002961871;
3850,340;0,01230155;0,003009015;
3852,204;0,01264466;0,003353299;
3854,067;0,01302151;0,003731318;
3855,931;0,01294112;0,003652095;
3857,795;0,01292232;0,003634463;
3859,658;0,01261754;0,00333085;
3861,522;0,01221835;0,002932822;
3863,386;0,01219557;0,002911205;
3865,249;0,01266405;0,003380847;
3867,113;0,01288747;0,003605425;
3868,977;0,01246232;0,003181437;
3870,840;0,01221502;0,002935287;
3872,704;0,01231966;0,00304108;
3874,568;0,01222009;0,002942663;
3876,431;0,0124249;0,003148627;
3878,295;0,01278838;0,003513257;
3880,159;0,01265077;0,003376795;
3882,022;0,0126339;0,003361072;
3883,886;0,01297702;0,003705336;
3885,750;0,01321528;0,003944735;
3887,613;0,01267573;0,003406333;
3889,477;0,01213602;0,002867755;
3891,341;0,01252032;0,003253192;
3893,204;0,01293736;0,003671372;
3895,068;0,01296441;0,003699557;
3896,932;0,0127953;0,003531578;
3898,795;0,01269166;0,003429067;
3900,659;0,01269355;0,003432085;
3902,523;0,01253094;0,003270612;
3904,386;0,01283983;0,003580624;
3906,250;0,0130969;0,003838819;
3908,114;0,01267579;0,003418827;
3909,977;0,01249916;0,003243319;
3911,841;0,01244885;0,003194136;
3913,705;0,0126203;0,003366704;
3915,568;0,01310695;0,003854463;
3917,432;0,01298741;0,003736042;
3919,296;0,01277618;0,003525922;
3921,159;0,01251869;0,003269549;
3923,023;0,01240858;0,003160554;
3924,887;0,01266985;0,003422928;
3926,750;0,01265098;0,003405163;
3928,614;0,0127615;0,003516789;
3930,478;0,01278335;0,003539748;
3932,341;0,01265409;0,003411587;
3934,205;0,01275374;0,003512341;
3936,069;0,01285433;0,003614026;
3937,932;0,01271449;0,003475281;
3939,796;0,01258338;0,003345272;
3941,660;0,01248858;0,003251562;
3943,523;0,01255981;0,003323887;
3945,387;0,01265419;0,003419365;
3947,251;0,01253097;0,003297227;
3949,114;0,01278859;0,003555939;
3950,978;0,01300621;0,003774642;
3952,842;0,0127862;0,003555718;
3954,705;0,01259084;0,003361441;
3956,569;0,01269261;0,003464301;
3958,433;0,01286836;0,003641129;
3960,296;0,01276794;0,00354179;
3962,160;0,0127719;0,003546825;
3964,024;0,01272752;0,00350352;
3965,887;0,01263062;0,003407701;
3967,751;0,01263078;0,003408929;
3969,615;0,01246411;0,003243329;
3971,478;0,01248335;0,003263644;
3973,342;0,01253673;0,003318085;
3975,206;0,01251986;0,003302283;
3977,069;0,01255492;0,003338418;
3978,933;0,01244545;0,003230008;
3980,797;0,01269305;0,003478672;
3982,660;0,0128844;0,00367108;
3984,524;0,01282757;0,003615311;
3986,388;0,01275678;0,003545583;
3988,251;0,01276045;0,003550307;
3990,115;0,0128082;0,00359911;
3991,979;0,01277399;0,00356595;
3993,842;0,012783;0,003576018;
3995,706;0,01278063;0,003574701;
3997,570;0,01268464;0,00347976;
